{"type":"FeatureCollection","features":[{"type":"Feature","geometry":{"type":"LineString","coordinates":[[-77.16868,38.76628],[-77.16709,38.76694],[-77.16507,38.76779],[-77.16497,38.76783],[-77.16488,38.76787],[-77.16479,38.76791],[-77.1647,38.76794],[-77.1646,38.76798],[-77.16451,38.76802],[-77.16442,38.76806],[-77.16433,38.7681],[-77.16424,38.76814],[-77.16415,38.76819],[-77.16376,38.76837],[-77.16339,38.76856],[-77.16302,38.76877],[-77.16267,38.76898],[-77.16232,38.7692],[-77.16198,38.76943],[-77.16166,38.76967],[-77.16134,38.76992],[-77.16132,38.76994],[-77.16129,38.76996],[-77.16127,38.76998],[-77.16125,38.77],[-77.16122,38.77002],[-77.1612,38.77004],[-77.16118,38.77006],[-77.16115,38.77008],[-77.16113,38.7701],[-77.16111,38.77012],[-77.16078,38.77041],[-77.16046,38.77071],[-77.16016,38.77102],[-77.15987,38.77134],[-77.1596,38.77166],[-77.15934,38.77199],[-77.1591,38.77233],[-77.15886,38.77267],[-77.15865,38.77302],[-77.15845,38.77337],[-77.15826,38.77373],[-77.15809,38.7741],[-77.15794,38.77447],[-77.1578,38.77484],[-77.15768,38.77521],[-77.15757,38.77559],[-77.15748,38.77598],[-77.15747,38.77605],[-77.15745,38.77612],[-77.15744,38.7762],[-77.15742,38.77627],[-77.15741,38.77635],[-77.1574,38.77642],[-77.15738,38.7765],[-77.15737,38.77657],[-77.15736,38.77665],[-77.15735,38.77672],[-77.15617,38.78367],[-77.15617,38.78371],[-77.15616,38.78375],[-77.15615,38.78379],[-77.15615,38.78383],[-77.15614,38.78387],[-77.15613,38.78392],[-77.15613,38.78396],[-77.15612,38.784],[-77.15611,38.78404],[-77.15611,38.78408],[-77.15602,38.78472],[-77.15601,38.78476],[-77.15601,38.7848],[-77.15601,38.78484],[-77.156,38.78488],[-77.156,38.78493],[-77.15599,38.78497],[-77.15599,38.78501],[-77.15598,38.78505],[-77.15598,38.78509],[-77.15598,38.78513],[-77.15591,38.78575],[-77.15591,38.78579],[-77.1559,38.78583],[-77.1559,38.78587],[-77.15589,38.78591],[-77.15589,38.78595],[-77.15589,38.78599],[-77.15588,38.78604],[-77.15588,38.78608],[-77.15587,38.78612],[-77.15587,38.78616],[-77.15576,38.78694],[-77.15575,38.78698],[-77.15574,38.78703],[-77.15574,38.78707],[-77.15573,38.78711],[-77.15572,38.78715],[-77.15572,38.78719],[-77.15571,38.78723],[-77.1557,38.78727],[-77.15569,38.78731],[-77.15569,38.78735],[-77.15534,38.78933],[-77.15533,38.78935],[-77.15532,38.78944],[-77.1553,38.78952],[-77.15529,38.7896],[-77.15527,38.78968],[-77.15526,38.78976],[-77.15524,38.78984],[-77.15522,38.78993],[-77.1552,38.79001],[-77.15519,38.79009],[-77.15517,38.79017],[-77.1551,38.79045],[-77.15501,38.79072],[-77.15491,38.791],[-77.15481,38.79127],[-77.15469,38.79154],[-77.15456,38.7918],[-77.15441,38.79206],[-77.15426,38.79232],[-77.1541,38.79257],[-77.15392,38.79282],[-77.15374,38.79307],[-77.15354,38.79331],[-77.15352,38.79333],[-77.15349,38.79336],[-77.15347,38.79339],[-77.15345,38.79341],[-77.15342,38.79344],[-77.1534,38.79347],[-77.15338,38.7935],[-77.15335,38.79352],[-77.15333,38.79355],[-77.1533,38.79358],[-77.15303,38.79386],[-77.15275,38.79414],[-77.15271,38.79417],[-77.15268,38.7942],[-77.15265,38.79423],[-77.15262,38.79426],[-77.15259,38.79429],[-77.15255,38.79432],[-77.15252,38.79435],[-77.15249,38.79437],[-77.15246,38.7944],[-77.15242,38.79443],[-77.15218,38.79463],[-77.15193,38.79483],[-77.15167,38.79502],[-77.1514,38.7952],[-77.15112,38.79538],[-77.15084,38.79554],[-77.15055,38.7957],[-77.15025,38.79585],[-77.14995,38.796],[-77.14964,38.79613],[-77.14932,38.79626],[-77.149,38.79638],[-77.14868,38.79649],[-77.14835,38.79659],[-77.14801,38.79668],[-77.14767,38.79676],[-77.14733,38.79684],[-77.14698,38.7969],[-77.14687,38.79692],[-77.14675,38.79694],[-77.14663,38.79696],[-77.14651,38.79698],[-77.1464,38.79699],[-77.14628,38.79701],[-77.14616,38.79702],[-77.14604,38.79704],[-77.14593,38.79706],[-77.14581,38.79707],[-77.138,38.79806],[-77.13797,38.79806],[-77.13793,38.79806],[-77.1379,38.79807],[-77.13786,38.79807],[-77.13783,38.79808],[-77.1378,38.79808],[-77.13776,38.79809],[-77.13773,38.79809],[-77.13769,38.7981],[-77.13766,38.7981],[-77.13731,38.79815],[-77.13728,38.79815],[-77.13724,38.79816],[-77.13721,38.79816],[-77.13717,38.79817],[-77.13714,38.79817],[-77.1371,38.79817],[-77.13707,38.79818],[-77.13703,38.79818],[-77.137,38.79819],[-77.13697,38.79819],[-77.13435,38.79856],[-77.13429,38.79857],[-77.13423,38.79858],[-77.13418,38.79859],[-77.13412,38.79859],[-77.13406,38.7986],[-77.13401,38.79861],[-77.13395,38.79862],[-77.13389,38.79863],[-77.13383,38.79864],[-77.13378,38.79864],[-77.13326,38.79873],[-77.1332,38.79874],[-77.13314,38.79875],[-77.13309,38.79876],[-77.13303,38.79877],[-77.13298,38.79878],[-77.13292,38.79879],[-77.13286,38.79879],[-77.13281,38.7988],[-77.13275,38.79881],[-77.13269,38.79882],[-77.13234,38.79889],[-77.13228,38.7989],[-77.13222,38.79891],[-77.13217,38.79892],[-77.13211,38.79893],[-77.13205,38.79894],[-77.132,38.79895],[-77.13194,38.79896],[-77.13188,38.79897],[-77.13183,38.79898],[-77.13177,38.79899],[-77.13125,38.79907],[-77.13119,38.79908],[-77.13114,38.79908],[-77.13108,38.79909],[-77.13102,38.7991],[-77.13097,38.79911],[-77.13091,38.79912],[-77.13085,38.79913],[-77.13079,38.79913],[-77.13074,38.79914],[-77.13068,38.79915],[-77.13031,38.7992],[-77.12823,38.79949],[-77.1264,38.79975],[-77.12635,38.79976],[-77.12629,38.79977],[-77.12623,38.79977],[-77.12618,38.79978],[-77.12612,38.79979],[-77.12606,38.7998],[-77.126,38.7998],[-77.12595,38.79981],[-77.12589,38.79982],[-77.12583,38.79983],[-77.12531,38.79989],[-77.12525,38.7999],[-77.12519,38.7999],[-77.12514,38.79991],[-77.12508,38.79992],[-77.12502,38.79992],[-77.12496,38.79993],[-77.12491,38.79994],[-77.12485,38.79994],[-77.12479,38.79995],[-77.12473,38.79995],[-77.12437,38.79999],[-77.12431,38.8],[-77.12426,38.8],[-77.1242,38.80001],[-77.12414,38.80002],[-77.12409,38.80002],[-77.12403,38.80003],[-77.12397,38.80003],[-77.12391,38.80004],[-77.12386,38.80005],[-77.1238,38.80005],[-77.12327,38.80012],[-77.12322,38.80012],[-77.12316,38.80013],[-77.1231,38.80014],[-77.12305,38.80015],[-77.12299,38.80015],[-77.12293,38.80016],[-77.12287,38.80017],[-77.12282,38.80018],[-77.12276,38.80019],[-77.1227,38.80019],[-77.11886,38.80073],[-77.11874,38.80075],[-77.11862,38.80077],[-77.1185,38.80078],[-77.11838,38.8008],[-77.11826,38.80082],[-77.11814,38.80084],[-77.11802,38.80086],[-77.1179,38.80088],[-77.11778,38.8009],[-77.11766,38.80092],[-77.11721,38.801],[-77.11676,38.8011],[-77.11632,38.80121],[-77.11588,38.80134],[-77.11545,38.80147],[-77.11503,38.80162],[-77.11461,38.80177],[-77.1142,38.80194],[-77.1138,38.80212],[-77.11369,38.80217],[-77.11359,38.80222],[-77.11348,38.80227],[-77.11338,38.80232],[-77.11327,38.80238],[-77.11317,38.80243],[-77.11307,38.80248],[-77.11296,38.80253],[-77.11286,38.80258],[-77.11276,38.80264],[-77.10899,38.80458],[-77.1089,38.80462],[-77.10881,38.80467],[-77.10873,38.80471],[-77.10864,38.80476],[-77.10855,38.8048],[-77.10846,38.80485],[-77.10837,38.80489],[-77.10828,38.80493],[-77.10819,38.80498],[-77.1081,38.80502],[-77.1078,38.80515],[-77.10749,38.80528],[-77.10718,38.80539],[-77.10686,38.8055],[-77.10654,38.8056],[-77.10621,38.80569],[-77.10588,38.80577],[-77.10554,38.80584],[-77.10521,38.80591],[-77.10487,38.80596],[-77.10453,38.80601],[-77.10418,38.80604],[-77.10384,38.80607],[-77.10349,38.80609],[-77.10315,38.8061],[-77.1028,38.80609],[-77.10269,38.80609],[-77.10259,38.80609],[-77.10248,38.80608],[-77.10238,38.80608],[-77.10227,38.80608],[-77.10217,38.80607],[-77.10206,38.80606],[-77.10196,38.80606],[-77.10185,38.80605],[-77.10175,38.80605],[-77.08733,38.8052],[-77.08729,38.8052],[-77.08726,38.8052],[-77.08722,38.80519],[-77.08719,38.80519],[-77.08715,38.80519],[-77.08712,38.80519],[-77.08708,38.80519],[-77.08705,38.80518],[-77.08701,38.80518],[-77.08698,38.80518],[-77.0868,38.80517],[-77.08677,38.80517],[-77.08673,38.80517],[-77.0867,38.80517],[-77.08666,38.80516],[-77.08663,38.80516],[-77.08659,38.80516],[-77.08656,38.80516],[-77.08652,38.80516],[-77.08649,38.80515],[-77.08645,38.80515],[-77.08531,38.8051],[-77.08526,38.80509],[-77.08521,38.80509],[-77.08515,38.80509],[-77.0851,38.80509],[-77.08505,38.80508],[-77.085,38.80508],[-77.08494,38.80508],[-77.08489,38.80507],[-77.08484,38.80507],[-77.08479,38.80507],[-77.08444,38.80505],[-77.08438,38.80505],[-77.08433,38.80504],[-77.08428,38.80504],[-77.08423,38.80504],[-77.08417,38.80503],[-77.08412,38.80503],[-77.08407,38.80503],[-77.08402,38.80502],[-77.08396,38.80502],[-77.08391,38.80502],[-77.07043,38.8042],[-77.07028,38.80419],[-77.07013,38.80418],[-77.06999,38.80418],[-77.06984,38.80417],[-77.06969,38.80416],[-77.06955,38.80416],[-77.0694,38.80415],[-77.06925,38.80415],[-77.0691,38.80414],[-77.06896,38.80414],[-77.06866,38.80415],[-77.06837,38.80416],[-77.06808,38.80418],[-77.06779,38.8042],[-77.06749,38.80424],[-77.06721,38.80428],[-77.06692,38.80432],[-77.06677,38.80435],[-77.06663,38.80438],[-77.06649,38.80441],[-77.06635,38.80444],[-77.0662,38.80447],[-77.06606,38.8045],[-77.06592,38.80453],[-77.06578,38.80457],[-77.06564,38.8046],[-77.0655,38.80463],[-77.06527,38.80469],[-77.06524,38.8047],[-77.06394,38.80506],[-77.06384,38.80509],[-77.06374,38.80513],[-77.06364,38.80516],[-77.06354,38.80519],[-77.06344,38.80523],[-77.06334,38.80526],[-77.06325,38.8053],[-77.06315,38.80534],[-77.06306,38.80538],[-77.06296,38.80543],[-77.06287,38.80547],[-77.06278,38.80552],[-77.06269,38.80557],[-77.0626,38.80562],[-77.06252,38.80567],[-77.06243,38.80573],[-77.06235,38.80578],[-77.06218,38.80589],[-77.06202,38.806],[-77.06201,38.80601],[-77.06201,38.80601],[-77.06201,38.80601],[-77.06184,38.80613],[-77.06025,38.80721],[-77.06025,38.80721],[-77.06007,38.80733],[-77.06007,38.80733],[-77.06003,38.80736],[-77.05999,38.80739],[-77.05999,38.80739],[-77.05999,38.80739],[-77.05991,38.80744],[-77.05988,38.80747],[-77.05984,38.8075],[-77.05984,38.8075],[-77.05976,38.80755],[-77.05972,38.80758],[-77.05972,38.80758],[-77.05968,38.80761],[-77.05921,38.80794],[-77.05876,38.80829],[-77.05833,38.80865],[-77.05791,38.80902],[-77.0575,38.8094],[-77.05711,38.80979],[-77.05674,38.81019],[-77.05638,38.8106],[-77.05604,38.81102],[-77.05572,38.81144],[-77.05562,38.81158],[-77.05559,38.81162],[-77.05559,38.81162],[-77.05554,38.81169],[-77.05551,38.81173],[-77.05551,38.81173],[-77.05549,38.81176],[-77.05546,38.8118],[-77.05546,38.8118],[-77.05494,38.81254],[-77.05432,38.81341],[-77.0533,38.81485],[-77.05147,38.81743],[-77.05134,38.81762],[-77.05134,38.81762],[-77.0513,38.81767],[-77.05123,38.81776],[-77.05123,38.81776],[-77.0512,38.81781],[-77.0512,38.81781],[-77.0512,38.81781],[-77.05116,38.81786],[-77.05113,38.81791],[-77.05113,38.81791],[-77.05113,38.81791],[-77.05083,38.8183],[-77.05083,38.8183],[-77.05079,38.81835],[-77.05079,38.81835],[-77.05075,38.81839],[-77.05072,38.81844],[-77.05072,38.81844],[-77.05068,38.81849],[-77.05064,38.81853],[-77.05064,38.81853],[-77.05057,38.81863],[-77.05053,38.81867],[-77.05049,38.81872],[-77.05049,38.81872],[-77.05045,38.81876],[-77.0484,38.82127],[-77.04833,38.82136],[-77.04833,38.82136],[-77.04826,38.82144],[-77.04805,38.8217],[-77.04798,38.82179],[-77.04791,38.82188],[-77.04784,38.82197],[-77.04778,38.82205],[-77.04771,38.82214],[-77.04754,38.82239],[-77.04738,38.82265],[-77.04723,38.82291],[-77.0471,38.82317],[-77.04697,38.82343],[-77.04686,38.8237],[-77.04676,38.82398],[-77.04667,38.82425],[-77.04659,38.82453],[-77.04653,38.82481],[-77.04647,38.82509],[-77.04646,38.82519],[-77.04644,38.82529],[-77.04643,38.82539],[-77.04642,38.82549],[-77.04641,38.8256],[-77.04639,38.8258],[-77.04638,38.8259],[-77.04637,38.826],[-77.04636,38.82611],[-77.04636,38.82611],[-77.04636,38.82611],[-77.04624,38.82751],[-77.04623,38.82767],[-77.04622,38.82776],[-77.04621,38.82792],[-77.0462,38.828],[-77.0462,38.82809],[-77.04619,38.82825],[-77.04619,38.82833],[-77.04619,38.82851],[-77.0462,38.82868],[-77.04621,38.82886],[-77.04622,38.82894],[-77.04622,38.82902],[-77.04624,38.82919],[-77.04626,38.82927],[-77.04628,38.82943],[-77.04629,38.82951],[-77.04629,38.82951],[-77.0463,38.82959],[-77.04632,38.82968],[-77.04663,38.83167],[-77.04667,38.83192],[-77.04667,38.83192],[-77.04668,38.832],[-77.04668,38.832],[-77.0467,38.83208],[-77.0467,38.83208],[-77.04671,38.83217],[-77.04671,38.83217],[-77.04673,38.83233],[-77.04673,38.83233],[-77.04674,38.83241],[-77.04674,38.83241],[-77.04674,38.83249],[-77.04674,38.83249],[-77.04674,38.8325],[-77.04676,38.83277],[-77.04676,38.83278],[-77.04677,38.83305],[-77.04677,38.83305],[-77.04677,38.83306],[-77.04676,38.83333],[-77.04676,38.83334],[-77.04674,38.83361],[-77.04674,38.83361],[-77.04674,38.83361],[-77.04673,38.8337],[-77.04673,38.8337],[-77.04673,38.83378],[-77.04673,38.83378],[-77.04672,38.83386],[-77.04672,38.83386],[-77.04669,38.83403],[-77.04669,38.83403],[-77.04667,38.83419],[-77.04667,38.83419],[-77.04666,38.83427],[-77.04666,38.83427],[-77.04664,38.83435],[-77.04663,38.83444],[-77.04663,38.83444],[-77.04654,38.83499],[-77.04653,38.83509],[-77.04649,38.8353],[-77.04648,38.83541],[-77.04646,38.83552],[-77.04645,38.83562],[-77.04644,38.83573],[-77.04643,38.83584],[-77.04642,38.83594],[-77.04641,38.83605],[-77.04641,38.83625],[-77.04641,38.83644],[-77.04642,38.83664],[-77.04644,38.83684],[-77.04647,38.83704],[-77.04651,38.83723],[-77.04655,38.83743],[-77.04661,38.83762],[-77.04667,38.83781],[-77.04674,38.838],[-77.04681,38.83819],[-77.0469,38.83838],[-77.04699,38.83856],[-77.04709,38.83874],[-77.04715,38.83884],[-77.04721,38.83894],[-77.04727,38.83903],[-77.04733,38.83913],[-77.0474,38.83922],[-77.04746,38.83932],[-77.04759,38.8395],[-77.04766,38.8396],[-77.04773,38.83969],[-77.04773,38.83969],[-77.04786,38.83987],[-77.04791,38.83994],[-77.04791,38.83994],[-77.04796,38.84001],[-77.04796,38.84001],[-77.04817,38.8403],[-77.04817,38.8403],[-77.04827,38.84045],[-77.04827,38.84045],[-77.04827,38.84045],[-77.04827,38.84045],[-77.04827,38.84045],[-77.04831,38.84052],[-77.04831,38.84052],[-77.04836,38.84059],[-77.04836,38.84059],[-77.04836,38.84059],[-77.04856,38.84091],[-77.04856,38.84091],[-77.04875,38.84123],[-77.04875,38.84124],[-77.04875,38.84124],[-77.04892,38.84156],[-77.04892,38.84156],[-77.04907,38.8419],[-77.04907,38.8419],[-77.04907,38.8419],[-77.04921,38.84223],[-77.04921,38.84223],[-77.04934,38.84257],[-77.04934,38.84257],[-77.04934,38.84257],[-77.04937,38.84265],[-77.04937,38.84265],[-77.04942,38.84281],[-77.04942,38.84281],[-77.04944,38.84289],[-77.04944,38.84289],[-77.04952,38.84313],[-77.04952,38.84313],[-77.04954,38.84321],[-77.04954,38.84321],[-77.04956,38.84329],[-77.04959,38.84337],[-77.04959,38.84337],[-77.04984,38.84424],[-77.04984,38.84424],[-77.04988,38.8444],[-77.04988,38.8444],[-77.04993,38.84456],[-77.04993,38.84456],[-77.04993,38.84456],[-77.04995,38.84464],[-77.04995,38.84464],[-77.04996,38.84472],[-77.04996,38.84472],[-77.04998,38.8448],[-77.04998,38.84481],[-77.04998,38.84481],[-77.04999,38.84489],[-77.04999,38.84489],[-77.05,38.84497],[-77.05,38.84497],[-77.05001,38.84505],[-77.05001,38.84505],[-77.05001,38.84513],[-77.05001,38.84514],[-77.05001,38.84522],[-77.05001,38.84522],[-77.05001,38.8453],[-77.05001,38.8453],[-77.05001,38.8453],[-77.05,38.84538],[-77.05,38.84538],[-77.04999,38.84546],[-77.04999,38.84546],[-77.04999,38.84546],[-77.04998,38.84554],[-77.04997,38.84554],[-77.04996,38.84562],[-77.04996,38.84562],[-77.04996,38.84562],[-77.04993,38.8457],[-77.04993,38.8457],[-77.04991,38.84578],[-77.04991,38.84578],[-77.04991,38.84578],[-77.04988,38.84586],[-77.04988,38.84586],[-77.04985,38.84594],[-77.04985,38.84594],[-77.04985,38.84594],[-77.04981,38.84602],[-77.04981,38.84602],[-77.04977,38.84609],[-77.04977,38.84609],[-77.04977,38.84609],[-77.04973,38.84617],[-77.04973,38.84617],[-77.04968,38.84624],[-77.04968,38.84624],[-77.04964,38.84631],[-77.04964,38.84631],[-77.04964,38.84631],[-77.04958,38.84638],[-77.04958,38.84639],[-77.04953,38.84645],[-77.04953,38.84646],[-77.04953,38.84646],[-77.04947,38.84652],[-77.04947,38.84652],[-77.04941,38.84659],[-77.04941,38.84659],[-77.04941,38.84659],[-77.04934,38.84665],[-77.04934,38.84665],[-77.04928,38.84672],[-77.04928,38.84672],[-77.04928,38.84672],[-77.04921,38.84678],[-77.04921,38.84678],[-77.04914,38.84684],[-77.04914,38.84684],[-77.04913,38.84684],[-77.04906,38.84689],[-77.04906,38.84689],[-77.04898,38.84695],[-77.04898,38.84695],[-77.04898,38.84695],[-77.0489,38.847],[-77.0489,38.847],[-77.04882,38.84705],[-77.04882,38.84705],[-77.04882,38.84705],[-77.04874,38.8471],[-77.04873,38.8471],[-77.04865,38.84715],[-77.04865,38.84715],[-77.04856,38.8472],[-77.04856,38.8472],[-77.04847,38.84724],[-77.04847,38.84724],[-77.04838,38.84729],[-77.04838,38.84729],[-77.04829,38.84733],[-77.04829,38.84733],[-77.04829,38.84733],[-77.0482,38.84737],[-77.0482,38.84737],[-77.0481,38.84741],[-77.0481,38.84741],[-77.04801,38.84745],[-77.04504,38.84876],[-77.04504,38.84876],[-77.04495,38.8488],[-77.04486,38.84884],[-77.04477,38.84888],[-77.04468,38.84892],[-77.04459,38.84896],[-77.0445,38.84901],[-77.04441,38.84905],[-77.04433,38.8491],[-77.04425,38.84915],[-77.04417,38.8492],[-77.0441,38.84925],[-77.04403,38.8493],[-77.04396,38.84935],[-77.0439,38.84941],[-77.04384,38.84946],[-77.04378,38.84952],[-77.04372,38.84958],[-77.04367,38.84964],[-77.04362,38.8497],[-77.04357,38.84976],[-77.04353,38.84983],[-77.04349,38.84989],[-77.04345,38.84996],[-77.04341,38.85002],[-77.04338,38.85009],[-77.04335,38.85016],[-77.04333,38.85023],[-77.0433,38.8503],[-77.04328,38.85037],[-77.04327,38.85045],[-77.04325,38.85052],[-77.04324,38.85059],[-77.04323,38.85066],[-77.04323,38.85074],[-77.04323,38.85081],[-77.04323,38.85088],[-77.04324,38.85095],[-77.04325,38.85103],[-77.04326,38.85111],[-77.04328,38.85119],[-77.0433,38.85127],[-77.04332,38.85135],[-77.04335,38.85143],[-77.04341,38.85158],[-77.04344,38.85166],[-77.04347,38.85174],[-77.0435,38.85182],[-77.04386,38.85269],[-77.0445,38.85426],[-77.04532,38.85628],[-77.04538,38.8564],[-77.04543,38.85653],[-77.04546,38.85659],[-77.04549,38.85665],[-77.04552,38.85671],[-77.04553,38.85673],[-77.04553,38.85673],[-77.04555,38.85677],[-77.04559,38.85683],[-77.04562,38.85689],[-77.04567,38.85696],[-77.04571,38.85702],[-77.04576,38.85709],[-77.04581,38.85715],[-77.04587,38.85721],[-77.04593,38.85727],[-77.04599,38.85733],[-77.04605,38.85738],[-77.04611,38.85744],[-77.04618,38.85749],[-77.04625,38.85754],[-77.04632,38.85759],[-77.0464,38.85764],[-77.04647,38.85768],[-77.04655,38.85773],[-77.04663,38.85777],[-77.04671,38.8578],[-77.0468,38.85784],[-77.04688,38.85787],[-77.04697,38.85791],[-77.04705,38.85794],[-77.04714,38.85796],[-77.04723,38.85799],[-77.04732,38.85801],[-77.04742,38.85803],[-77.04751,38.85805],[-77.0476,38.85806],[-77.0477,38.85807],[-77.04779,38.85808],[-77.04789,38.85809],[-77.04798,38.85809],[-77.04808,38.8581],[-77.04817,38.8581],[-77.04825,38.85809],[-77.04834,38.85809],[-77.04842,38.85808],[-77.04851,38.85808],[-77.04859,38.85807],[-77.04867,38.85806],[-77.04876,38.85805],[-77.04884,38.85804],[-77.04884,38.85804],[-77.04901,38.85801],[-77.04952,38.85794],[-77.0516,38.85766],[-77.05371,38.85736],[-77.05371,38.85736],[-77.0538,38.85735],[-77.05389,38.85734],[-77.05389,38.85734],[-77.05398,38.85733],[-77.05398,38.85733],[-77.05407,38.85732],[-77.05416,38.8573],[-77.05416,38.8573],[-77.05435,38.85728],[-77.05435,38.85728],[-77.05444,38.85727],[-77.05444,38.85727],[-77.05444,38.85727],[-77.05453,38.85726],[-77.05453,38.85726],[-77.05463,38.85725],[-77.05463,38.85725],[-77.05487,38.85724],[-77.05487,38.85724],[-77.05487,38.85724],[-77.05512,38.85723],[-77.05512,38.85723],[-77.05536,38.85722],[-77.05536,38.85722],[-77.05536,38.85722],[-77.05561,38.85722],[-77.05561,38.85722],[-77.05585,38.85723],[-77.05585,38.85723],[-77.05585,38.85723],[-77.0561,38.85725],[-77.0561,38.85725],[-77.05634,38.85727],[-77.05634,38.85727],[-77.05634,38.85727],[-77.05658,38.8573],[-77.05659,38.8573],[-77.05683,38.85734],[-77.05683,38.85734],[-77.05683,38.85734],[-77.05686,38.85734],[-77.05689,38.85735],[-77.05689,38.85735],[-77.05689,38.85735],[-77.0569,38.85735],[-77.0569,38.85735],[-77.05697,38.85736],[-77.05697,38.85736],[-77.057,38.85737],[-77.05703,38.85737],[-77.05703,38.85737],[-77.05714,38.85739],[-77.05714,38.85739],[-77.05714,38.85739],[-77.05717,38.8574],[-77.05717,38.8574],[-77.05729,38.85743],[-77.05729,38.85743],[-77.05741,38.85746],[-77.05741,38.85746],[-77.05752,38.8575],[-77.05752,38.8575],[-77.05753,38.8575],[-77.05764,38.85753],[-77.05764,38.85753],[-77.05775,38.85758],[-77.05775,38.85758],[-77.05775,38.85758],[-77.05786,38.85762],[-77.05786,38.85762],[-77.05797,38.85767],[-77.05797,38.85767],[-77.05797,38.85767],[-77.05808,38.85772],[-77.05808,38.85772],[-77.05818,38.85777],[-77.05818,38.85777],[-77.05818,38.85777],[-77.05828,38.85783],[-77.05829,38.85783],[-77.05838,38.85788],[-77.05838,38.85788],[-77.05839,38.85788],[-77.05848,38.85794],[-77.05848,38.85795],[-77.05858,38.85801],[-77.05858,38.85801],[-77.05858,38.85801],[-77.05867,38.85807],[-77.05867,38.85807],[-77.05876,38.85814],[-77.05876,38.85814],[-77.05884,38.85821],[-77.05884,38.85821],[-77.05892,38.85829],[-77.05892,38.85829],[-77.059,38.85836],[-77.059,38.85836],[-77.05908,38.85844],[-77.05908,38.85844],[-77.05908,38.85844],[-77.05915,38.85852],[-77.05915,38.85852],[-77.05915,38.85852],[-77.05922,38.8586],[-77.05922,38.8586],[-77.05928,38.85868],[-77.05928,38.85868],[-77.05928,38.85868],[-77.05934,38.85877],[-77.05934,38.85877],[-77.0594,38.85886],[-77.0594,38.85886],[-77.0594,38.85886],[-77.05945,38.85894],[-77.05945,38.85894],[-77.0595,38.85903],[-77.0595,38.85903],[-77.0595,38.85903],[-77.05955,38.85912],[-77.05955,38.85912],[-77.05959,38.85921],[-77.05959,38.85921],[-77.05959,38.85922],[-77.05963,38.85931],[-77.05963,38.85931],[-77.05966,38.8594],[-77.05966,38.8594],[-77.05966,38.8594],[-77.05969,38.8595],[-77.05969,38.8595],[-77.05971,38.85959],[-77.05971,38.85959],[-77.05973,38.85969],[-77.05973,38.85969],[-77.05973,38.85969],[-77.05975,38.85978],[-77.05975,38.85979],[-77.05976,38.85988],[-77.05976,38.85988],[-77.05976,38.85988],[-77.05977,38.85998],[-77.05977,38.85998],[-77.05977,38.86008],[-77.05977,38.86008],[-77.05977,38.86014],[-77.05977,38.86014],[-77.05977,38.8602],[-77.05977,38.8602],[-77.05977,38.86026],[-77.05977,38.86026],[-77.05976,38.86032],[-77.05976,38.86032],[-77.05976,38.86038],[-77.05976,38.86038],[-77.05975,38.86044],[-77.05975,38.86044],[-77.05975,38.8605],[-77.05974,38.86056],[-77.05974,38.86056],[-77.05973,38.86062],[-77.05973,38.86062],[-77.05972,38.86068],[-77.05968,38.86104],[-77.05968,38.86104],[-77.05947,38.86268],[-77.05935,38.86359],[-77.05935,38.86365],[-77.05935,38.86365],[-77.05934,38.86372],[-77.05932,38.86385],[-77.05932,38.86385],[-77.05931,38.86391],[-77.05931,38.86391],[-77.05931,38.86391],[-77.0593,38.86398],[-77.05929,38.86405],[-77.05929,38.86405],[-77.05928,38.86411],[-77.05927,38.86411],[-77.05926,38.86418],[-77.05926,38.86418],[-77.05925,38.86424],[-77.05925,38.86424],[-77.05921,38.86439],[-77.05921,38.86439],[-77.05921,38.86439],[-77.05917,38.86454],[-77.05917,38.86454],[-77.05912,38.86469],[-77.05912,38.86469],[-77.05906,38.86483],[-77.05906,38.86483],[-77.05906,38.86483],[-77.059,38.86498],[-77.059,38.86498],[-77.05893,38.86512],[-77.05893,38.86512],[-77.05893,38.86512],[-77.05885,38.86526],[-77.05885,38.86526],[-77.05877,38.8654],[-77.05877,38.8654],[-77.05877,38.8654],[-77.05868,38.86553],[-77.05868,38.86553],[-77.05859,38.86567],[-77.05859,38.86567],[-77.05859,38.86567],[-77.05849,38.8658],[-77.05849,38.8658],[-77.05839,38.86592],[-77.05839,38.86593],[-77.05839,38.86593],[-77.05828,38.86605],[-77.05827,38.86605],[-77.05816,38.86617],[-77.05816,38.86617],[-77.05816,38.86617],[-77.05804,38.86629],[-77.05804,38.86629],[-77.05791,38.86641],[-77.05791,38.86641],[-77.05791,38.86641],[-77.05785,38.86646],[-77.05785,38.86646],[-77.0578,38.86651],[-77.0578,38.86651],[-77.05774,38.86655],[-77.05768,38.8666],[-77.05768,38.8666],[-77.05762,38.86665],[-77.05762,38.86665],[-77.05762,38.86665],[-77.05756,38.86669],[-77.0575,38.86674],[-77.0575,38.86674],[-77.05744,38.86679],[-77.05732,38.86688],[-77.05732,38.86688],[-77.05494,38.86868],[-77.05343,38.86983],[-77.0532,38.87],[-77.05245,38.87053],[-77.05244,38.87054],[-77.05239,38.87058],[-77.05234,38.87063],[-77.05229,38.87067],[-77.05223,38.87072],[-77.05218,38.87076],[-77.05214,38.87081],[-77.05208,38.87087],[-77.05203,38.87093],[-77.05198,38.87099],[-77.05194,38.87105],[-77.05189,38.87111],[-77.05185,38.87117],[-77.05181,38.87124],[-77.05178,38.8713],[-77.05175,38.87137],[-77.05172,38.87143],[-77.05169,38.8715],[-77.05167,38.87157],[-77.05165,38.87164],[-77.05163,38.87171],[-77.05162,38.87178],[-77.0516,38.87185],[-77.0516,38.87192],[-77.05159,38.87199],[-77.05159,38.87206],[-77.05159,38.87213],[-77.05159,38.8722],[-77.0516,38.87227],[-77.05161,38.87234],[-77.05162,38.87241],[-77.05164,38.87248],[-77.05166,38.87255],[-77.05168,38.87262],[-77.05171,38.87269],[-77.05174,38.87276],[-77.05177,38.87282],[-77.0518,38.87289],[-77.05184,38.87295],[-77.05188,38.87302],[-77.05192,38.87308],[-77.05197,38.87314],[-77.05201,38.8732],[-77.05207,38.87326],[-77.05212,38.87332],[-77.05217,38.87336],[-77.05221,38.87341],[-77.05226,38.87346],[-77.05232,38.8735],[-77.05237,38.87355],[-77.05242,38.87359],[-77.05248,38.87363],[-77.05253,38.87368],[-77.05258,38.87372],[-77.05264,38.87376],[-77.05372,38.8746],[-77.05376,38.87463],[-77.0538,38.87466],[-77.05384,38.8747],[-77.05388,38.87473],[-77.05392,38.87476],[-77.05396,38.87479],[-77.054,38.87482],[-77.05404,38.87485],[-77.05408,38.87488],[-77.05412,38.87491],[-77.05468,38.87537],[-77.05522,38.87585],[-77.05574,38.87634],[-77.05578,38.87637],[-77.05581,38.87641],[-77.05585,38.87644],[-77.05588,38.87648],[-77.05592,38.87651],[-77.05595,38.87654],[-77.05599,38.87658],[-77.05602,38.87661],[-77.05606,38.87665],[-77.05609,38.87668],[-77.06037,38.88093],[-77.06043,38.88099],[-77.0605,38.88105],[-77.06056,38.88112],[-77.06062,38.88118],[-77.06068,38.88124],[-77.06075,38.8813],[-77.06081,38.88137],[-77.06087,38.88143],[-77.06093,38.88149],[-77.06099,38.88156],[-77.06127,38.88188],[-77.06155,38.8822],[-77.0618,38.88254],[-77.06205,38.88288],[-77.06209,38.88295],[-77.06214,38.88302],[-77.06219,38.88309],[-77.06223,38.88316],[-77.06228,38.88323],[-77.06232,38.8833],[-77.06237,38.88337],[-77.06241,38.88344],[-77.06245,38.88351],[-77.0625,38.88358],[-77.06266,38.88384],[-77.06358,38.88532],[-77.06404,38.88605],[-77.06408,38.88613],[-77.06413,38.8862],[-77.06418,38.88627],[-77.06422,38.88635],[-77.06427,38.88642],[-77.06432,38.88649],[-77.06437,38.88657],[-77.06441,38.88664],[-77.06446,38.88671],[-77.06451,38.88679],[-77.0647,38.88705],[-77.06491,38.8873],[-77.06512,38.88755],[-77.06534,38.88779],[-77.06558,38.88803],[-77.06583,38.88826],[-77.06608,38.88848],[-77.06635,38.8887],[-77.06662,38.88891],[-77.0667,38.88896],[-77.06678,38.88902],[-77.06686,38.88908],[-77.06694,38.88913],[-77.06701,38.88918],[-77.06709,38.88924],[-77.06717,38.88929],[-77.06725,38.88935],[-77.06733,38.8894],[-77.06742,38.88945],[-77.06913,38.89059],[-77.0692,38.89064],[-77.06927,38.89068],[-77.06933,38.89073],[-77.0694,38.89077],[-77.06946,38.89082],[-77.06953,38.89086],[-77.06959,38.89091],[-77.06966,38.89096],[-77.06972,38.89101],[-77.06978,38.89106],[-77.06986,38.89113],[-77.06994,38.89121],[-77.07002,38.89128],[-77.0701,38.89136],[-77.07017,38.89145],[-77.07023,38.89153],[-77.0703,38.89162],[-77.07036,38.8917],[-77.07041,38.89179],[-77.07046,38.89188],[-77.07051,38.89198],[-77.07055,38.89207],[-77.07059,38.89216],[-77.07063,38.89226],[-77.07066,38.89235],[-77.07068,38.89245],[-77.07071,38.89255],[-77.07072,38.89262],[-77.07073,38.89269],[-77.07074,38.89275],[-77.07075,38.89282],[-77.07075,38.89289],[-77.07076,38.89296],[-77.07076,38.89303],[-77.07077,38.8931],[-77.07077,38.89316],[-77.07077,38.89323],[-77.07081,38.89401],[-77.07082,38.89428],[-77.07082,38.89499],[-77.07083,38.89521],[-77.07083,38.89521],[-77.07091,38.89686],[-77.07092,38.89709],[-77.07093,38.89723],[-77.07093,38.89729],[-77.07093,38.89736],[-77.07093,38.89743],[-77.07093,38.8975],[-77.07093,38.89757],[-77.07093,38.89763],[-77.07093,38.8977],[-77.07092,38.89777],[-77.07091,38.89786],[-77.07089,38.89795],[-77.07087,38.89805],[-77.07085,38.89814],[-77.07082,38.89823],[-77.07078,38.89832],[-77.07075,38.8984],[-77.07071,38.89849],[-77.07066,38.89858],[-77.07062,38.89866],[-77.07056,38.89875],[-77.07051,38.89883],[-77.07045,38.89891],[-77.07039,38.89899],[-77.07032,38.89906],[-77.07025,38.89914],[-77.07018,38.89921],[-77.07011,38.89929],[-77.07003,38.89936],[-77.06995,38.89942],[-77.06986,38.89949],[-77.06978,38.89955],[-77.06969,38.89961],[-77.06959,38.89967],[-77.0695,38.89972],[-77.0694,38.89978],[-77.0693,38.89983],[-77.0692,38.89988],[-77.0691,38.89992],[-77.06899,38.89996],[-77.06888,38.9],[-77.06878,38.90004],[-77.06867,38.90007],[-77.06855,38.9001],[-77.06844,38.90013],[-77.06843,38.90013],[-77.06833,38.90016],[-77.06821,38.90018],[-77.06809,38.90019],[-77.06801,38.90021],[-77.06792,38.90022],[-77.06784,38.90022],[-77.06775,38.90023],[-77.06766,38.90024],[-77.06757,38.90024],[-77.06749,38.90025],[-77.06749,38.90025],[-77.06749,38.90025],[-77.0674,38.90025],[-77.06731,38.90026],[-77.06722,38.90026],[-77.05824,38.90065],[-77.05824,38.90065],[-77.05824,38.90065],[-77.05821,38.90066],[-77.05817,38.90066],[-77.05817,38.90066],[-77.05817,38.90066],[-77.05813,38.90066],[-77.0581,38.90066],[-77.0581,38.90066],[-77.0581,38.90066],[-77.05806,38.90066],[-77.05803,38.90066],[-77.05803,38.90066],[-77.05803,38.90066],[-77.05799,38.90067],[-77.05796,38.90067],[-77.05796,38.90067],[-77.05796,38.90067],[-77.05792,38.90067],[-77.05789,38.90067],[-77.05789,38.90067],[-77.0566,38.90071],[-77.05531,38.90073],[-77.0552,38.90073],[-77.0552,38.90073],[-77.05517,38.90073],[-77.05496,38.90073],[-77.05116,38.90073],[-77.04905,38.90073],[-77.04769,38.90073],[-77.04726,38.90073],[-77.04726,38.90073],[-77.04719,38.90073],[-77.04719,38.90073],[-77.04705,38.90073],[-77.04705,38.90073],[-77.04698,38.90074],[-77.04698,38.90074],[-77.04698,38.90074],[-77.04691,38.90074],[-77.04691,38.90074],[-77.04684,38.90075],[-77.04684,38.90075],[-77.04677,38.90075],[-77.04677,38.90075],[-77.04677,38.90075],[-77.04667,38.90076],[-77.04667,38.90076],[-77.04658,38.90078],[-77.04658,38.90078],[-77.04658,38.90078],[-77.04649,38.90079],[-77.04649,38.90079],[-77.0464,38.90081],[-77.0464,38.90081],[-77.04639,38.90081],[-77.04633,38.90082],[-77.04633,38.90082],[-77.04626,38.90084],[-77.04626,38.90084],[-77.04619,38.90086],[-77.04619,38.90086],[-77.04619,38.90086],[-77.04612,38.90088],[-77.04612,38.90088],[-77.04606,38.9009],[-77.04606,38.9009],[-77.04599,38.90092],[-77.04599,38.90092],[-77.04593,38.90094],[-77.04586,38.90096],[-77.04586,38.90096],[-77.0458,38.90098],[-77.04573,38.901],[-77.04573,38.901],[-77.04551,38.90107],[-77.04545,38.90109],[-77.04544,38.90109],[-77.04538,38.90111],[-77.04532,38.90113],[-77.04525,38.90115],[-77.04525,38.90115],[-77.04518,38.90117],[-77.04512,38.90119],[-77.04505,38.9012],[-77.04499,38.90122],[-77.04492,38.90124],[-77.04485,38.90125],[-77.04476,38.90127],[-77.04466,38.90129],[-77.04457,38.9013],[-77.04447,38.90131],[-77.0444,38.90132],[-77.04433,38.90132],[-77.04426,38.90133],[-77.04419,38.90133],[-77.04412,38.90133],[-77.04398,38.90133],[-77.04377,38.90133],[-77.04152,38.90133],[-77.03941,38.90133],[-77.03854,38.90133],[-77.03449,38.90133],[-77.03238,38.90133],[-77.03099,38.90133],[-77.03068,38.90133],[-77.03061,38.90133],[-77.03047,38.90133],[-77.0304,38.90133],[-77.03033,38.90132],[-77.03026,38.90132],[-77.03019,38.90131],[-77.03012,38.90131],[-77.03004,38.9013],[-77.02996,38.90128],[-77.02987,38.90127],[-77.02979,38.90125],[-77.02971,38.90123],[-77.02963,38.90121],[-77.02955,38.90119],[-77.02948,38.90116],[-77.0294,38.90113],[-77.02933,38.9011],[-77.02925,38.90107],[-77.02918,38.90104],[-77.02911,38.901],[-77.02904,38.90096],[-77.02897,38.90092],[-77.02891,38.90088],[-77.02884,38.90084],[-77.02878,38.90079],[-77.02872,38.90075],[-77.02867,38.9007],[-77.02861,38.90065],[-77.02856,38.9006],[-77.02851,38.90055],[-77.02846,38.90049],[-77.02841,38.90044],[-77.02837,38.90038],[-77.02833,38.90032],[-77.02829,38.90027],[-77.02825,38.90021],[-77.02822,38.90015],[-77.02819,38.90008],[-77.02816,38.90002],[-77.02814,38.89996],[-77.02812,38.8999],[-77.0281,38.89983],[-77.02808,38.89977],[-77.02807,38.8997],[-77.02806,38.89965],[-77.02805,38.89959],[-77.02805,38.89954],[-77.02804,38.89949],[-77.02804,38.89943],[-77.02804,38.89932],[-77.02804,38.89834],[-77.02804,38.89695],[-77.02804,38.89692],[-77.02804,38.89692],[-77.02804,38.89679],[-77.02804,38.89676],[-77.02804,38.89676],[-77.02804,38.89646],[-77.02805,38.89643],[-77.02805,38.89641],[-77.02805,38.89641],[-77.02805,38.89638],[-77.02805,38.89635],[-77.02805,38.89635],[-77.02805,38.89632],[-77.02805,38.89632],[-77.02805,38.8963],[-77.02805,38.89627],[-77.02805,38.89627],[-77.02805,38.89624],[-77.02806,38.89621],[-77.02806,38.89619],[-77.02806,38.89619],[-77.02808,38.89578],[-77.02808,38.89578],[-77.02808,38.89575],[-77.02808,38.89573],[-77.02808,38.89572],[-77.02808,38.8957],[-77.02808,38.89567],[-77.02808,38.89564],[-77.02808,38.89564],[-77.02809,38.89559],[-77.02809,38.89559],[-77.02809,38.89556],[-77.02809,38.89553],[-77.02809,38.89551],[-77.02809,38.8955],[-77.0281,38.89522],[-77.0281,38.89522],[-77.0281,38.89519],[-77.0281,38.89516],[-77.0281,38.89516],[-77.0281,38.895],[-77.0281,38.89497],[-77.0281,38.89497],[-77.0281,38.89466],[-77.0281,38.89301],[-77.0281,38.89301],[-77.0281,38.89284],[-77.0281,38.89279],[-77.0281,38.89279],[-77.0281,38.89275],[-77.02811,38.89271],[-77.02811,38.89263],[-77.02811,38.89259],[-77.02812,38.89255],[-77.02812,38.89251],[-77.02813,38.89245],[-77.02814,38.89238],[-77.02816,38.89232],[-77.02817,38.89226],[-77.02819,38.89219],[-77.02822,38.89213],[-77.02823,38.89209],[-77.02825,38.89205],[-77.02827,38.89202],[-77.0283,38.89194],[-77.02832,38.8919],[-77.02834,38.89186],[-77.02834,38.89186],[-77.02836,38.89182],[-77.0284,38.89175],[-77.0284,38.89175],[-77.02848,38.89159],[-77.02873,38.89112],[-77.02873,38.89112],[-77.02875,38.89107],[-77.02878,38.89102],[-77.02878,38.89102],[-77.02881,38.89097],[-77.02881,38.89097],[-77.02883,38.89092],[-77.02886,38.89087],[-77.02886,38.89087],[-77.02888,38.89082],[-77.02888,38.89082],[-77.0289,38.89077],[-77.0289,38.89077],[-77.0289,38.89077],[-77.02892,38.89072],[-77.02892,38.89072],[-77.02894,38.89066],[-77.02894,38.89066],[-77.02896,38.89061],[-77.02896,38.89061],[-77.02896,38.89061],[-77.02898,38.89054],[-77.02898,38.89054],[-77.029,38.89047],[-77.029,38.89047],[-77.029,38.89047],[-77.02902,38.8904],[-77.02902,38.8904],[-77.02903,38.89033],[-77.02903,38.89033],[-77.02903,38.89033],[-77.02904,38.89026],[-77.02904,38.89026],[-77.02905,38.89019],[-77.02905,38.89019],[-77.02905,38.89019],[-77.02905,38.89012],[-77.02905,38.89012],[-77.02905,38.89005],[-77.02905,38.89005],[-77.02905,38.89005],[-77.02905,38.88998],[-77.02905,38.88997],[-77.02905,38.88997],[-77.02904,38.8899],[-77.02904,38.8899],[-77.02903,38.88983],[-77.02903,38.88983],[-77.02903,38.88978],[-77.02903,38.88978],[-77.02902,38.88978],[-77.02901,38.88973],[-77.02901,38.88973],[-77.029,38.88967],[-77.029,38.88967],[-77.02899,38.88962],[-77.02899,38.88962],[-77.02899,38.88962],[-77.02898,38.88957],[-77.02898,38.88957],[-77.02896,38.88951],[-77.02896,38.88951],[-77.02893,38.88941],[-77.02893,38.88941],[-77.02891,38.88936],[-77.0289,38.8893],[-77.0289,38.8893],[-77.02888,38.88925],[-77.02888,38.88925],[-77.02837,38.88765],[-77.02837,38.88765],[-77.02831,38.88746],[-77.02829,38.88741],[-77.02827,38.88735],[-77.02827,38.88735],[-77.02825,38.8873],[-77.02825,38.8873],[-77.02822,38.88719],[-77.02822,38.88719],[-77.02822,38.88719],[-77.0282,38.88714],[-77.0282,38.88714],[-77.02818,38.88709],[-77.02818,38.88708],[-77.02816,38.88703],[-77.02816,38.88703],[-77.02811,38.88693],[-77.02811,38.88693],[-77.02811,38.88693],[-77.02807,38.88683],[-77.02807,38.88683],[-77.02802,38.88673],[-77.02802,38.88673],[-77.02802,38.88673],[-77.02796,38.88663],[-77.02796,38.88663],[-77.0279,38.88654],[-77.0279,38.88654],[-77.0279,38.88654],[-77.02784,38.88645],[-77.02784,38.88645],[-77.02784,38.88644],[-77.02777,38.88635],[-77.02777,38.88635],[-77.0277,38.88627],[-77.0277,38.88626],[-77.0277,38.88626],[-77.02762,38.88618],[-77.02762,38.88618],[-77.02754,38.88609],[-77.02754,38.88609],[-77.02754,38.88609],[-77.02746,38.88601],[-77.02746,38.88601],[-77.02737,38.88593],[-77.02737,38.88593],[-77.02737,38.88593],[-77.02728,38.88585],[-77.02728,38.88585],[-77.02719,38.88577],[-77.02719,38.88577],[-77.02719,38.88577],[-77.02709,38.8857],[-77.02709,38.8857],[-77.02699,38.88563],[-77.02699,38.88563],[-77.02699,38.88563],[-77.02688,38.88556],[-77.02688,38.88556],[-77.02678,38.8855],[-77.02678,38.8855],[-77.02678,38.8855],[-77.02667,38.88543],[-77.02667,38.88543],[-77.02656,38.88538],[-77.02656,38.88537],[-77.02656,38.88537],[-77.02644,38.88532],[-77.02644,38.88532],[-77.02633,38.88527],[-77.02632,38.88527],[-77.02632,38.88527],[-77.02621,38.88522],[-77.0262,38.88522],[-77.0262,38.88522],[-77.02608,38.88517],[-77.02608,38.88517],[-77.02596,38.88513],[-77.02596,38.88513],[-77.02596,38.88513],[-77.02583,38.88509],[-77.02583,38.88509],[-77.02571,38.88505],[-77.02571,38.88505],[-77.02571,38.88505],[-77.02558,38.88502],[-77.02558,38.88502],[-77.02545,38.88499],[-77.02545,38.88499],[-77.02545,38.88499],[-77.02532,38.88496],[-77.02532,38.88496],[-77.02519,38.88494],[-77.02519,38.88494],[-77.02518,38.88494],[-77.02505,38.88492],[-77.02505,38.88492],[-77.02492,38.88491],[-77.02492,38.88491],[-77.02492,38.88491],[-77.02478,38.8849],[-77.02478,38.8849],[-77.02464,38.88489],[-77.02464,38.88489],[-77.02464,38.88489],[-77.02457,38.88488],[-77.02457,38.88488],[-77.0245,38.88488],[-77.0245,38.88488],[-77.02443,38.88488],[-77.02436,38.88488],[-77.02429,38.88488],[-77.02429,38.88488],[-77.02408,38.88488],[-77.02408,38.88488],[-77.02314,38.88488],[-77.02197,38.88488],[-77.0219,38.88488],[-77.02103,38.88488],[-77.02042,38.88488],[-77.02042,38.88488],[-77.02036,38.88488],[-77.0203,38.88488],[-77.0203,38.88488],[-77.02024,38.88488],[-77.02024,38.88488],[-77.02018,38.88489],[-77.02011,38.88489],[-77.02011,38.88489],[-77.02005,38.88489],[-77.01987,38.8849],[-77.01987,38.8849],[-77.01987,38.8849],[-77.0197,38.88491],[-77.0197,38.88491],[-77.01964,38.88491],[-77.01963,38.88491],[-77.01945,38.88493],[-77.01945,38.88493],[-77.01945,38.88493],[-77.01939,38.88494],[-77.01933,38.88495],[-77.01933,38.88495],[-77.01933,38.88495],[-77.01921,38.88496],[-77.01921,38.88496],[-77.01915,38.88497],[-77.01909,38.88497],[-77.01909,38.88497],[-77.01881,38.88501],[-77.01881,38.88501],[-77.01874,38.88501],[-77.01856,38.88504],[-77.0185,38.88504],[-77.0185,38.88504],[-77.0185,38.88504],[-77.01844,38.88505],[-77.01826,38.88507],[-77.0182,38.88507],[-77.01802,38.88508],[-77.01784,38.88509],[-77.01778,38.88509],[-77.01772,38.8851],[-77.01772,38.8851],[-77.01766,38.8851],[-77.0176,38.8851],[-77.01754,38.8851],[-77.01754,38.8851],[-77.01747,38.8851],[-77.01699,38.8851],[-77.01488,38.8851],[-77.00627,38.8851],[-77.00416,38.8851],[-77.00347,38.8851],[-77.00318,38.8851],[-77.00318,38.8851],[-77.00308,38.8851],[-77.00298,38.8851],[-77.00298,38.8851],[-77.00289,38.8851],[-77.00289,38.8851],[-77.00279,38.88511],[-77.00279,38.88511],[-77.00279,38.88511],[-77.00269,38.88511],[-77.00269,38.88511],[-77.0026,38.88512],[-77.00259,38.88512],[-77.0025,38.88513],[-77.0025,38.88513],[-77.00238,38.88514],[-77.00238,38.88514],[-77.00237,38.88514],[-77.00225,38.88515],[-77.00225,38.88515],[-77.00213,38.88517],[-77.00213,38.88517],[-77.00213,38.88517],[-77.00204,38.88519],[-77.00203,38.88519],[-77.00194,38.88521],[-77.00194,38.88521],[-77.00185,38.88523],[-77.00185,38.88523],[-77.00185,38.88523],[-77.00175,38.88525],[-77.00175,38.88525],[-77.00166,38.88527],[-77.00166,38.88527],[-77.00157,38.88529],[-77.00157,38.88529],[-77.00138,38.88534],[-77.00138,38.88534],[-77.0012,38.88538],[-77.00091,38.88546],[-77.00091,38.88546],[-77.00083,38.88548],[-77.00075,38.8855],[-77.00075,38.8855],[-77.00066,38.88552],[-77.00058,38.88554],[-77.0005,38.88556],[-77.00041,38.88558],[-77.00033,38.8856],[-77.00025,38.88562],[-77.00016,38.88563],[-77.00007,38.88564],[-76.99996,38.88566],[-76.99985,38.88567],[-76.99974,38.88568],[-76.99963,38.88569],[-76.99952,38.88569],[-76.9994,38.88569],[-76.99929,38.88569],[-76.99918,38.88568],[-76.99907,38.88568],[-76.99896,38.88566],[-76.99885,38.88565],[-76.99874,38.88563],[-76.99863,38.88561],[-76.99852,38.88559],[-76.99841,38.88556],[-76.9983,38.88553],[-76.99822,38.88551],[-76.99814,38.88549],[-76.99806,38.88546],[-76.9979,38.8854],[-76.99783,38.88537],[-76.99775,38.88534],[-76.99767,38.88531],[-76.99751,38.88525],[-76.99751,38.88525],[-76.99746,38.88523],[-76.99699,38.88503],[-76.99513,38.88427],[-76.98871,38.88166],[-76.98871,38.88166],[-76.98851,38.88157],[-76.98851,38.88157],[-76.98851,38.88157],[-76.98837,38.88152],[-76.98837,38.88152],[-76.9883,38.8815],[-76.9883,38.8815],[-76.98823,38.88147],[-76.98823,38.88147],[-76.98823,38.88147],[-76.98809,38.88143],[-76.98809,38.88143],[-76.98802,38.88141],[-76.98802,38.88141],[-76.98802,38.88141],[-76.98794,38.88139],[-76.98794,38.88139],[-76.98785,38.88137],[-76.98785,38.88137],[-76.98785,38.88137],[-76.98776,38.88135],[-76.98776,38.88135],[-76.98768,38.88134],[-76.98768,38.88134],[-76.98768,38.88134],[-76.98759,38.88133],[-76.98759,38.88133],[-76.98752,38.88132],[-76.98752,38.88132],[-76.98751,38.88132],[-76.98744,38.88131],[-76.98744,38.88131],[-76.98736,38.88131],[-76.98736,38.88131],[-76.98729,38.8813],[-76.98729,38.8813],[-76.98729,38.8813],[-76.98721,38.8813],[-76.98721,38.8813],[-76.98714,38.8813],[-76.98713,38.8813],[-76.98706,38.8813],[-76.98698,38.8813],[-76.98698,38.8813],[-76.98663,38.8813],[-76.98452,38.88129],[-76.98452,38.88129],[-76.98407,38.88129],[-76.98406,38.88129],[-76.98399,38.88129],[-76.98399,38.88129],[-76.98391,38.8813],[-76.98391,38.8813],[-76.98375,38.8813],[-76.98375,38.8813],[-76.98375,38.8813],[-76.98368,38.88131],[-76.98368,38.88131],[-76.9836,38.88131],[-76.98352,38.88132],[-76.98352,38.88132],[-76.98352,38.88132],[-76.98344,38.88133],[-76.98344,38.88133],[-76.98335,38.88134],[-76.98335,38.88134],[-76.98335,38.88135],[-76.98327,38.88136],[-76.98327,38.88136],[-76.98319,38.88138],[-76.98319,38.88138],[-76.98319,38.88138],[-76.98311,38.8814],[-76.98311,38.8814],[-76.98303,38.88141],[-76.98303,38.88141],[-76.98303,38.88141],[-76.98296,38.88143],[-76.98296,38.88144],[-76.98289,38.88146],[-76.98289,38.88146],[-76.98281,38.88148],[-76.98281,38.88148],[-76.98274,38.8815],[-76.98274,38.8815],[-76.9826,38.88155],[-76.9826,38.88155],[-76.98246,38.88161],[-76.98246,38.88161],[-76.98239,38.88163],[-76.97897,38.88292],[-76.9789,38.88295],[-76.9789,38.88295],[-76.97883,38.88297],[-76.97876,38.883],[-76.97876,38.883],[-76.97876,38.883],[-76.97869,38.88303],[-76.97862,38.88305],[-76.97862,38.88305],[-76.97855,38.88308],[-76.97855,38.88308],[-76.97848,38.88311],[-76.97848,38.88311],[-76.97848,38.88311],[-76.97841,38.88314],[-76.97841,38.88314],[-76.97835,38.88318],[-76.97835,38.88318],[-76.97828,38.88321],[-76.97828,38.88321],[-76.97828,38.88321],[-76.97821,38.88325],[-76.97821,38.88325],[-76.97813,38.8833],[-76.97813,38.8833],[-76.97813,38.8833],[-76.97806,38.88334],[-76.97806,38.88334],[-76.97799,38.88339],[-76.97799,38.88339],[-76.97799,38.88339],[-76.97792,38.88344],[-76.97792,38.88344],[-76.97792,38.88344],[-76.97785,38.88349],[-76.97785,38.88349],[-76.97779,38.88355],[-76.97779,38.88355],[-76.97779,38.88355],[-76.97773,38.8836],[-76.97773,38.8836],[-76.97767,38.88366],[-76.97767,38.88366],[-76.97767,38.88366],[-76.97761,38.88372],[-76.97761,38.88372],[-76.97756,38.88378],[-76.97756,38.88378],[-76.97756,38.88378],[-76.97751,38.88384],[-76.97751,38.88384],[-76.97746,38.8839],[-76.97746,38.8839],[-76.97746,38.8839],[-76.97741,38.88397],[-76.97741,38.88397],[-76.97737,38.88403],[-76.97737,38.88403],[-76.97737,38.88403],[-76.97733,38.8841],[-76.97733,38.8841],[-76.97729,38.88417],[-76.97729,38.88417],[-76.97729,38.88417],[-76.97726,38.88423],[-76.97726,38.88423],[-76.97723,38.8843],[-76.97723,38.8843],[-76.9772,38.88437],[-76.9772,38.88437],[-76.97718,38.88444],[-76.97718,38.88445],[-76.97716,38.88452],[-76.97716,38.88452],[-76.97716,38.88452],[-76.97714,38.88459],[-76.97714,38.88459],[-76.97712,38.88466],[-76.97712,38.88466],[-76.97712,38.88466],[-76.97712,38.88472],[-76.97712,38.88472],[-76.97711,38.88478],[-76.97711,38.88478],[-76.9771,38.88484],[-76.9771,38.88484],[-76.9771,38.88484],[-76.9771,38.8849],[-76.9771,38.8849],[-76.97709,38.88496],[-76.97709,38.88497],[-76.97709,38.88503],[-76.97709,38.88509],[-76.97709,38.88509],[-76.97709,38.88521],[-76.97709,38.88521],[-76.97709,38.88527],[-76.9771,38.8861],[-76.97712,38.88775],[-76.97712,38.88806],[-76.97712,38.88812],[-76.97712,38.88812],[-76.97712,38.88818],[-76.97712,38.88824],[-76.97712,38.8883],[-76.97712,38.88836],[-76.97712,38.88842],[-76.97711,38.88848],[-76.97711,38.88854],[-76.9771,38.8886],[-76.97709,38.88866],[-76.97708,38.88873],[-76.97706,38.88879],[-76.97704,38.88886],[-76.97702,38.88892],[-76.97699,38.88899],[-76.97697,38.88905],[-76.97694,38.88911],[-76.9769,38.88918],[-76.97687,38.88924],[-76.97683,38.8893],[-76.97679,38.88936],[-76.97675,38.88942],[-76.97671,38.88948],[-76.97666,38.88954],[-76.9766,38.88961],[-76.97653,38.88969],[-76.97646,38.88976],[-76.97642,38.8898],[-76.97637,38.88984],[-76.97633,38.88988],[-76.97628,38.88992],[-76.97624,38.88996],[-76.97619,38.89],[-76.97609,38.89008],[-76.97599,38.89016],[-76.97599,38.89016],[-76.97388,38.89185],[-76.97385,38.89188],[-76.97384,38.89188],[-76.97378,38.89193],[-76.97375,38.89195],[-76.97375,38.89195],[-76.97372,38.89198],[-76.97365,38.89203],[-76.97365,38.89203],[-76.97362,38.89205],[-76.97359,38.89208],[-76.97359,38.89208],[-76.97356,38.89211],[-76.97353,38.89213],[-76.97352,38.89213],[-76.97349,38.89216],[-76.97343,38.89221],[-76.97343,38.89221],[-76.9734,38.89223],[-76.97337,38.89226],[-76.97333,38.89228],[-76.97333,38.89228],[-76.97333,38.89228],[-76.9733,38.89231],[-76.97324,38.89236],[-76.97324,38.89236],[-76.97297,38.89257],[-76.97297,38.89257],[-76.97294,38.89259],[-76.97294,38.89259],[-76.9729,38.89262],[-76.97287,38.89265],[-76.97287,38.89265],[-76.97287,38.89265],[-76.97283,38.89268],[-76.9728,38.8927],[-76.9728,38.8927],[-76.9728,38.8927],[-76.97276,38.89273],[-76.97269,38.89278],[-76.97269,38.89278],[-76.97269,38.89278],[-76.97266,38.89281],[-76.97263,38.89284],[-76.97263,38.89284],[-76.97262,38.89284],[-76.97259,38.89287],[-76.97256,38.89289],[-76.97256,38.89289],[-76.97252,38.89292],[-76.97249,38.89295],[-76.97249,38.89295],[-76.97245,38.89298],[-76.97242,38.893],[-76.97242,38.893],[-76.97242,38.893],[-76.97235,38.89306],[-76.97232,38.89309],[-76.97232,38.89309],[-76.97228,38.89312],[-76.97155,38.89371],[-76.9689,38.89584],[-76.96883,38.8959],[-76.96883,38.8959],[-76.96876,38.89596],[-76.96861,38.89608],[-76.96853,38.89614],[-76.96846,38.89619],[-76.96838,38.89625],[-76.96831,38.89631],[-76.96823,38.89636],[-76.96815,38.89642],[-76.96799,38.89652],[-76.96783,38.89662],[-76.96766,38.89672],[-76.96748,38.89681],[-76.96731,38.8969],[-76.96712,38.89698],[-76.96694,38.89706],[-76.96675,38.89713],[-76.96656,38.8972],[-76.96637,38.89726],[-76.96617,38.89731],[-76.96597,38.89736],[-76.96577,38.89741],[-76.96557,38.89745],[-76.96536,38.89748],[-76.96516,38.89751],[-76.96495,38.89754],[-76.96474,38.89756],[-76.96453,38.89757],[-76.96432,38.89757],[-76.96411,38.89758],[-76.9639,38.89757],[-76.9637,38.89756],[-76.96359,38.89755],[-76.96349,38.89754],[-76.96338,38.89753],[-76.96328,38.89752],[-76.96317,38.89751],[-76.96307,38.8975],[-76.96286,38.89747],[-76.96266,38.89745],[-76.96266,38.89745],[-76.95798,38.89683],[-76.95695,38.89672],[-76.95667,38.89669],[-76.95356,38.89628],[-76.95346,38.89626],[-76.95335,38.89625],[-76.95325,38.89624],[-76.95314,38.89622],[-76.95314,38.89622],[-76.95229,38.89614],[-76.95223,38.89613],[-76.95157,38.89603],[-76.95084,38.89589],[-76.95011,38.89573],[-76.94939,38.89555],[-76.94868,38.89535],[-76.94797,38.89513],[-76.94728,38.89489],[-76.9466,38.89464],[-76.94652,38.89461],[-76.94644,38.89458],[-76.94636,38.89455],[-76.94629,38.89451],[-76.94621,38.89448],[-76.94613,38.89445],[-76.94605,38.89442],[-76.94597,38.89439],[-76.9459,38.89436],[-76.94582,38.89432],[-76.94362,38.89342],[-76.94357,38.8934],[-76.94353,38.89338],[-76.94348,38.89336],[-76.94343,38.89334],[-76.94339,38.89332],[-76.94334,38.8933],[-76.94329,38.89328],[-76.94325,38.89326],[-76.9432,38.89325],[-76.94315,38.89323],[-76.94277,38.89307],[-76.94272,38.89305],[-76.94268,38.89304],[-76.94263,38.89302],[-76.94258,38.893],[-76.94254,38.89298],[-76.94249,38.89296],[-76.94244,38.89294],[-76.94239,38.89292],[-76.94235,38.89291],[-76.9423,38.89289],[-76.94097,38.89236],[-76.94091,38.89234],[-76.94084,38.89231],[-76.94078,38.89229],[-76.94072,38.89226],[-76.94066,38.89224],[-76.94059,38.89221],[-76.94053,38.89218],[-76.94047,38.89216],[-76.94041,38.89213],[-76.94035,38.8921],[-76.94018,38.89202],[-76.94013,38.89199],[-76.94007,38.89196],[-76.94001,38.89193],[-76.93995,38.8919],[-76.93989,38.89187],[-76.93984,38.89184],[-76.93978,38.8918],[-76.93972,38.89177],[-76.93967,38.89174],[-76.93961,38.89171],[-76.93943,38.8916],[-76.93773,38.89062],[-76.93738,38.89042],[-76.93732,38.89038],[-76.93726,38.89035],[-76.9372,38.89031],[-76.93713,38.89028],[-76.93707,38.89024],[-76.93701,38.89021],[-76.93694,38.89017],[-76.93688,38.89014],[-76.93681,38.89011],[-76.93674,38.89008],[-76.93666,38.89005],[-76.93658,38.89002],[-76.93649,38.88999],[-76.93641,38.88996],[-76.93632,38.88994],[-76.93624,38.88992],[-76.93615,38.8899],[-76.93606,38.88988],[-76.93597,38.88987],[-76.93588,38.88986],[-76.9358,38.88985],[-76.93572,38.88984],[-76.93565,38.88984],[-76.93557,38.88984],[-76.93549,38.88983],[-76.93542,38.88983],[-76.93534,38.88983],[-76.93526,38.88983],[-76.93518,38.88983],[-76.93511,38.88983],[-76.91532,38.88981],[-76.91524,38.88981],[-76.91517,38.88981],[-76.9151,38.88981],[-76.91503,38.88981],[-76.91496,38.88981],[-76.91489,38.88981],[-76.91482,38.88981],[-76.91475,38.8898],[-76.91468,38.8898],[-76.91461,38.8898],[-76.91437,38.88979],[-76.91413,38.88977],[-76.91406,38.88976],[-76.91399,38.88975],[-76.91392,38.88975],[-76.91385,38.88974],[-76.91378,38.88973],[-76.91371,38.88972],[-76.91364,38.88971],[-76.91357,38.88971],[-76.9135,38.8897],[-76.91343,38.88969],[-76.91343,38.88969],[-76.91333,38.88968],[-76.91286,38.88961],[-76.91078,38.88934],[-76.91027,38.88928],[-76.9102,38.88927],[-76.91013,38.88926],[-76.91006,38.88925],[-76.90999,38.88924],[-76.90992,38.88923],[-76.90985,38.88922],[-76.90978,38.88921],[-76.90972,38.8892],[-76.90965,38.88919],[-76.90958,38.88918],[-76.9093,38.88913],[-76.90903,38.88908],[-76.90876,38.88901],[-76.9085,38.88894],[-76.90824,38.88886],[-76.90798,38.88878],[-76.90773,38.88868],[-76.90766,38.88866],[-76.9076,38.88863],[-76.90754,38.88861],[-76.90747,38.88858],[-76.90741,38.88856],[-76.90735,38.88853],[-76.90729,38.88851],[-76.90723,38.88848],[-76.90717,38.88845],[-76.9071,38.88843],[-76.90681,38.8883],[-76.90675,38.88828],[-76.90669,38.88825],[-76.90662,38.88822],[-76.90656,38.8882],[-76.9065,38.88817],[-76.90644,38.88815],[-76.90638,38.88812],[-76.90631,38.88809],[-76.90625,38.88807],[-76.90619,38.88804],[-76.90572,38.88786],[-76.90525,38.8877],[-76.90477,38.88754],[-76.90428,38.8874],[-76.90378,38.88728],[-76.90329,38.88716],[-76.90278,38.88707],[-76.90227,38.88698],[-76.90176,38.88691],[-76.90125,38.88685],[-76.90073,38.88681],[-76.90021,38.88678],[-76.89969,38.88676],[-76.89962,38.88676],[-76.89955,38.88676],[-76.89948,38.88676],[-76.89941,38.88676],[-76.89934,38.88676],[-76.89927,38.88676],[-76.8992,38.88676],[-76.89913,38.88676],[-76.89906,38.88676],[-76.89899,38.88676],[-76.89519,38.88678],[-76.89308,38.88679],[-76.89301,38.88679],[-76.89068,38.88677],[-76.88899,38.8868],[-76.88783,38.88691],[-76.88574,38.88728],[-76.88406,38.88766],[-76.88266,38.88806],[-76.88152,38.88859],[-76.87987,38.88925],[-76.8782,38.88994],[-76.87615,38.89069],[-76.87382,38.89158],[-76.87208,38.89227],[-76.87025,38.89301],[-76.86818,38.89383],[-76.86632,38.89457],[-76.86558,38.89486],[-76.86424,38.89524],[-76.86259,38.89563],[-76.8608,38.89584],[-76.858,38.89607],[-76.85685,38.89614],[-76.85474,38.89636],[-76.8533,38.89643],[-76.85173,38.89648],[-76.85093,38.89655],[-76.85003,38.89671],[-76.84956,38.89687],[-76.84906,38.89714],[-76.84871,38.8974],[-76.84725,38.89854],[-76.84446,38.90068],[-76.84342,38.90149],[-76.84289,38.90194],[-76.84262,38.9022],[-76.84247,38.90243],[-76.84235,38.90268],[-76.8422,38.90331],[-76.84211,38.90438],[-76.84206,38.90504],[-76.84199,38.90586],[-76.84186,38.90747]]},"properties":{"line":"blue"}},{"type":"Feature","geometry":{"type":"LineString","coordinates":[[-77.05432,39.06233],[-77.05287,39.06114],[-77.05163,39.06012],[-77.05161,39.06011],[-77.05154,39.06005],[-77.05147,39.05999],[-77.0514,39.05993],[-77.05132,39.05987],[-77.05125,39.05981],[-77.05118,39.05975],[-77.05111,39.05969],[-77.05104,39.05963],[-77.05098,39.05956],[-77.05091,39.0595],[-77.05081,39.05939],[-77.05071,39.05928],[-77.05062,39.05916],[-77.05053,39.05905],[-77.05044,39.05893],[-77.05037,39.05881],[-77.05029,39.05869],[-77.05023,39.05856],[-77.05016,39.05843],[-77.05011,39.05831],[-77.05006,39.05818],[-77.05001,39.05805],[-77.04997,39.05791],[-77.04994,39.05778],[-77.04992,39.05765],[-77.04989,39.05751],[-77.04988,39.05738],[-77.04987,39.05724],[-77.04987,39.05711],[-77.04987,39.05697],[-77.04988,39.05684],[-77.04989,39.0567],[-77.04991,39.05657],[-77.04993,39.05649],[-77.04995,39.05641],[-77.04997,39.05632],[-77.04999,39.05624],[-77.05001,39.05616],[-77.05003,39.05608],[-77.05006,39.056],[-77.05008,39.05592],[-77.05011,39.05584],[-77.05013,39.05576],[-77.05118,39.05247],[-77.05119,39.05244],[-77.0512,39.0524],[-77.05121,39.05237],[-77.05122,39.05234],[-77.05123,39.0523],[-77.05124,39.05227],[-77.05125,39.05224],[-77.05126,39.0522],[-77.05127,39.05217],[-77.05128,39.05214],[-77.05148,39.05146],[-77.05164,39.05078],[-77.05178,39.0501],[-77.05189,39.04942],[-77.05197,39.04873],[-77.05203,39.04804],[-77.05203,39.04801],[-77.05203,39.04797],[-77.05204,39.04794],[-77.05204,39.0479],[-77.05204,39.04787],[-77.05204,39.04783],[-77.05204,39.0478],[-77.05204,39.04777],[-77.05205,39.04773],[-77.05205,39.0477],[-77.05215,39.04569],[-77.05215,39.04563],[-77.05216,39.04558],[-77.05216,39.04552],[-77.05216,39.04547],[-77.05216,39.04542],[-77.05217,39.04536],[-77.05217,39.04531],[-77.05217,39.04525],[-77.05217,39.0452],[-77.05217,39.04514],[-77.05217,39.04478],[-77.05215,39.04442],[-77.05212,39.04406],[-77.05208,39.0437],[-77.05202,39.04334],[-77.05194,39.04298],[-77.05185,39.04263],[-77.05183,39.04257],[-77.05182,39.04252],[-77.0518,39.04246],[-77.05179,39.04241],[-77.05177,39.04236],[-77.05175,39.0423],[-77.05174,39.04225],[-77.05172,39.0422],[-77.05171,39.04214],[-77.05169,39.04209],[-77.05057,39.0385],[-77.05051,39.03831],[-77.05001,39.03671],[-77.04999,39.03663],[-77.04995,39.03651],[-77.04994,39.03649],[-77.04993,39.03646],[-77.04992,39.03643],[-77.04991,39.0364],[-77.0499,39.03637],[-77.04989,39.03634],[-77.04988,39.03631],[-77.04988,39.03628],[-77.04987,39.03625],[-77.04986,39.03622],[-77.04975,39.03589],[-77.04974,39.03587],[-77.04973,39.03584],[-77.04972,39.03581],[-77.04971,39.03578],[-77.0497,39.03575],[-77.04969,39.03572],[-77.04968,39.03569],[-77.04967,39.03566],[-77.04966,39.03563],[-77.04965,39.0356],[-77.04433,39.01998],[-77.04432,39.01996],[-77.04429,39.01986],[-77.04426,39.01977],[-77.04422,39.01967],[-77.04419,39.01957],[-77.04416,39.01948],[-77.04413,39.01938],[-77.0441,39.01929],[-77.04407,39.01919],[-77.04404,39.01909],[-77.04402,39.019],[-77.04395,39.01872],[-77.04393,39.01862],[-77.04391,39.01852],[-77.04389,39.01842],[-77.04388,39.01833],[-77.04386,39.01823],[-77.04384,39.01813],[-77.04383,39.01803],[-77.04381,39.01793],[-77.0438,39.01784],[-77.04378,39.01774],[-77.04375,39.0175],[-77.04374,39.01743],[-77.04373,39.01737],[-77.04372,39.0173],[-77.04371,39.01724],[-77.0437,39.01717],[-77.04369,39.01711],[-77.04368,39.01704],[-77.04367,39.01697],[-77.04366,39.01691],[-77.04365,39.01684],[-77.04359,39.01654],[-77.04358,39.01647],[-77.04356,39.01641],[-77.04355,39.01634],[-77.04353,39.01628],[-77.04352,39.01621],[-77.0435,39.01615],[-77.04349,39.01608],[-77.04347,39.01602],[-77.04346,39.01595],[-77.04344,39.01589],[-77.04344,39.01587],[-77.0434,39.0157],[-77.04301,39.01408],[-77.04295,39.01383],[-77.04293,39.01378],[-77.04292,39.01372],[-77.04291,39.01367],[-77.04289,39.01361],[-77.04288,39.01356],[-77.04287,39.01351],[-77.04285,39.01345],[-77.04284,39.0134],[-77.04282,39.01334],[-77.04281,39.01329],[-77.04273,39.013],[-77.04263,39.01271],[-77.04261,39.01266],[-77.04259,39.01261],[-77.04257,39.01255],[-77.04255,39.0125],[-77.04254,39.01245],[-77.04252,39.0124],[-77.0425,39.01234],[-77.04248,39.01229],[-77.04246,39.01224],[-77.04244,39.01219],[-77.0412,39.00894],[-77.04118,39.00889],[-77.04116,39.00883],[-77.04114,39.00878],[-77.04112,39.00873],[-77.0411,39.00868],[-77.04108,39.00862],[-77.04106,39.00857],[-77.04104,39.00852],[-77.04102,39.00846],[-77.041,39.00841],[-77.04081,39.00785],[-77.04065,39.00729],[-77.04051,39.00672],[-77.0404,39.00615],[-77.04032,39.00557],[-77.04026,39.00499],[-77.04023,39.00442],[-77.04022,39.00384],[-77.04022,39.00378],[-77.04022,39.00373],[-77.04022,39.00367],[-77.04022,39.00362],[-77.04022,39.00356],[-77.04023,39.00351],[-77.04023,39.00345],[-77.04023,39.0034],[-77.04023,39.00334],[-77.04023,39.00329],[-77.04026,39.00231],[-77.04027,39.00226],[-77.04027,39.0022],[-77.04027,39.00215],[-77.04027,39.00209],[-77.04027,39.00204],[-77.04027,39.00198],[-77.04027,39.00193],[-77.04027,39.00187],[-77.04027,39.00182],[-77.04027,39.00176],[-77.04025,39.00163],[-77.04024,39.00149],[-77.04021,39.00135],[-77.04019,39.00122],[-77.04015,39.00108],[-77.04011,39.00095],[-77.04006,39.00081],[-77.04001,39.00068],[-77.03995,39.00055],[-77.03988,39.00042],[-77.03981,39.0003],[-77.03974,39.00017],[-77.03965,39.00005],[-77.03957,38.99993],[-77.03947,38.99981],[-77.03938,38.9997],[-77.03936,38.99967],[-77.03934,38.99965],[-77.03931,38.99963],[-77.03929,38.99961],[-77.03927,38.99958],[-77.03925,38.99956],[-77.03923,38.99954],[-77.03921,38.99952],[-77.03919,38.9995],[-77.03917,38.99948],[-77.03908,38.99939],[-77.03899,38.99931],[-77.03889,38.99923],[-77.0388,38.99916],[-77.0387,38.99908],[-77.0386,38.99901],[-77.03854,38.99897],[-77.03847,38.99893],[-77.03841,38.9989],[-77.03835,38.99886],[-77.03829,38.99882],[-77.03822,38.99878],[-77.03816,38.99875],[-77.0381,38.99871],[-77.03803,38.99867],[-77.03797,38.99864],[-77.03771,38.99849],[-77.03767,38.99847],[-77.03763,38.99844],[-77.03758,38.99842],[-77.03754,38.99839],[-77.0375,38.99837],[-77.03746,38.99834],[-77.03741,38.99832],[-77.03737,38.9983],[-77.03733,38.99827],[-77.03729,38.99825],[-77.037,38.99807],[-77.03671,38.99788],[-77.03644,38.99769],[-77.0364,38.99766],[-77.03636,38.99763],[-77.03632,38.9976],[-77.03628,38.99757],[-77.03625,38.99755],[-77.03621,38.99752],[-77.03617,38.99749],[-77.03613,38.99746],[-77.0361,38.99743],[-77.03606,38.9974],[-77.03307,38.99513],[-77.03304,38.9951],[-77.033,38.99507],[-77.03296,38.99504],[-77.03292,38.99501],[-77.03289,38.99499],[-77.03285,38.99496],[-77.03281,38.99493],[-77.03277,38.9949],[-77.03274,38.99487],[-77.0327,38.99484],[-77.03196,38.99426],[-77.03173,38.99407],[-77.03078,38.99328],[-77.03052,38.99305],[-77.02987,38.99247],[-77.02898,38.99164],[-77.02894,38.99161],[-77.02891,38.99158],[-77.02888,38.99154],[-77.02885,38.99151],[-77.02881,38.99148],[-77.02878,38.99145],[-77.02875,38.99142],[-77.02871,38.99138],[-77.02868,38.99135],[-77.02865,38.99132],[-77.02814,38.99082],[-77.0281,38.99079],[-77.02807,38.99076],[-77.02804,38.99073],[-77.028,38.99069],[-77.02797,38.99066],[-77.02794,38.99063],[-77.0279,38.9906],[-77.02787,38.99057],[-77.02784,38.99053],[-77.02781,38.9905],[-77.02705,38.98973],[-77.02633,38.98895],[-77.02564,38.98815],[-77.02498,38.98733],[-77.02496,38.98731],[-77.02494,38.98729],[-77.02493,38.98726],[-77.02491,38.98724],[-77.02489,38.98722],[-77.02487,38.98719],[-77.02485,38.98717],[-77.02484,38.98715],[-77.02482,38.98712],[-77.0248,38.9871],[-77.02471,38.98699],[-77.02392,38.9859],[-77.02317,38.9848],[-77.02247,38.98368],[-77.02245,38.98365],[-77.02244,38.98363],[-77.02242,38.9836],[-77.02241,38.98358],[-77.02239,38.98355],[-77.02238,38.98353],[-77.02236,38.9835],[-77.02235,38.98348],[-77.02233,38.98345],[-77.02232,38.98343],[-77.0213,38.98165],[-77.02128,38.98162],[-77.02127,38.9816],[-77.02125,38.98157],[-77.02124,38.98155],[-77.02123,38.98152],[-77.02121,38.9815],[-77.0212,38.98147],[-77.02118,38.98145],[-77.02117,38.98142],[-77.02116,38.9814],[-77.02029,38.97984],[-77.02006,38.97941],[-77.01995,38.97921],[-77.01993,38.97919],[-77.01992,38.97916],[-77.01991,38.97914],[-77.01989,38.97911],[-77.01988,38.97909],[-77.01987,38.97906],[-77.01985,38.97904],[-77.01984,38.97901],[-77.01982,38.97899],[-77.01981,38.97896],[-77.01971,38.97877],[-77.0197,38.97875],[-77.01968,38.97872],[-77.01967,38.9787],[-77.01965,38.97867],[-77.01964,38.97865],[-77.01963,38.97862],[-77.01961,38.9786],[-77.0196,38.97857],[-77.01959,38.97855],[-77.01957,38.97852],[-77.01924,38.97789],[-77.01923,38.97786],[-77.01921,38.97784],[-77.0192,38.97781],[-77.01919,38.97779],[-77.01917,38.97776],[-77.01916,38.97774],[-77.01914,38.97771],[-77.01913,38.97769],[-77.01912,38.97766],[-77.0191,38.97764],[-77.01891,38.97727],[-77.01889,38.97725],[-77.01888,38.97722],[-77.01886,38.9772],[-77.01885,38.97717],[-77.01884,38.97715],[-77.01882,38.97712],[-77.01881,38.9771],[-77.01879,38.97707],[-77.01878,38.97705],[-77.01876,38.97702],[-77.01861,38.97675],[-77.01777,38.97524],[-77.01768,38.97509],[-77.01767,38.97507],[-77.01765,38.97504],[-77.01764,38.97502],[-77.01762,38.97499],[-77.01761,38.97497],[-77.0176,38.97494],[-77.01758,38.97492],[-77.01757,38.97489],[-77.01755,38.97487],[-77.01754,38.97484],[-77.01725,38.97434],[-77.01723,38.97432],[-77.01722,38.97429],[-77.0172,38.97427],[-77.01719,38.97424],[-77.01717,38.97422],[-77.01716,38.97419],[-77.01714,38.97417],[-77.01713,38.97414],[-77.01711,38.97412],[-77.0171,38.97409],[-77.01694,38.97383],[-77.01693,38.97381],[-77.01691,38.97378],[-77.0169,38.97376],[-77.01688,38.97373],[-77.01687,38.97371],[-77.01685,38.97368],[-77.01684,38.97366],[-77.01682,38.97363],[-77.01681,38.97361],[-77.01679,38.97358],[-77.0165,38.97308],[-77.01648,38.97306],[-77.01647,38.97303],[-77.01646,38.97301],[-77.01644,38.97298],[-77.01643,38.97296],[-77.01641,38.97293],[-77.0164,38.9729],[-77.01639,38.97288],[-77.01637,38.97285],[-77.01636,38.97283],[-77.01408,38.96878],[-77.01404,38.9687],[-77.01399,38.96863],[-77.01395,38.96855],[-77.01391,38.96847],[-77.01386,38.9684],[-77.01382,38.96832],[-77.01378,38.96825],[-77.01373,38.96817],[-77.01369,38.9681],[-77.01364,38.96802],[-77.01345,38.96773],[-77.01324,38.96743],[-77.01302,38.96714],[-77.0128,38.96686],[-77.01256,38.96658],[-77.0123,38.96631],[-77.01204,38.96605],[-77.01177,38.96579],[-77.0117,38.96573],[-77.01163,38.96566],[-77.01156,38.9656],[-77.01149,38.96554],[-77.01142,38.96548],[-77.01135,38.96542],[-77.01128,38.96536],[-77.01121,38.9653],[-77.01113,38.96524],[-77.01106,38.96518],[-77.00839,38.96291],[-77.00833,38.96286],[-77.00827,38.96281],[-77.00821,38.96276],[-77.00815,38.96271],[-77.00809,38.96266],[-77.00803,38.9626],[-77.00797,38.96255],[-77.00791,38.9625],[-77.00785,38.96245],[-77.0078,38.9624],[-77.00746,38.96209],[-77.00714,38.96178],[-77.00684,38.96145],[-77.00654,38.96112],[-77.00626,38.96078],[-77.006,38.96043],[-77.00575,38.96008],[-77.00551,38.95972],[-77.00529,38.95936],[-77.00508,38.95899],[-77.00489,38.95861],[-77.00472,38.95823],[-77.00469,38.95817],[-77.00466,38.9581],[-77.00463,38.95804],[-77.00461,38.95797],[-77.00458,38.95791],[-77.00455,38.95784],[-77.00453,38.95778],[-77.0045,38.95771],[-77.00447,38.95765],[-77.00445,38.95758],[-77.00367,38.95563],[-77.00365,38.95559],[-77.00364,38.95555],[-77.00362,38.95551],[-77.0036,38.95547],[-77.00359,38.95543],[-77.00357,38.95539],[-77.00356,38.95535],[-77.00354,38.95531],[-77.00353,38.95527],[-77.00351,38.95523],[-77.00333,38.95475],[-77.00332,38.95471],[-77.0033,38.95467],[-77.00329,38.95463],[-77.00328,38.95459],[-77.00326,38.95455],[-77.00325,38.95451],[-77.00324,38.95447],[-77.00322,38.95443],[-77.00321,38.95439],[-77.0032,38.95435],[-77.00308,38.95402],[-77.00307,38.95398],[-77.00306,38.95394],[-77.00304,38.9539],[-77.00303,38.95386],[-77.00302,38.95382],[-77.003,38.95378],[-77.00299,38.95374],[-77.00298,38.9537],[-77.00296,38.95366],[-77.00295,38.95362],[-77.00277,38.95314],[-77.00276,38.9531],[-77.00274,38.95306],[-77.00272,38.95302],[-77.00271,38.95298],[-77.00269,38.95294],[-77.00268,38.9529],[-77.00266,38.95286],[-77.00265,38.95282],[-77.00263,38.95279],[-77.00261,38.95275],[-77.00261,38.95275],[-77.00255,38.95257],[-77.00226,38.95186],[-77.00226,38.95186],[-77.00193,38.95102],[-77.00192,38.951],[-77.00191,38.95099],[-77.0019,38.95097],[-77.00189,38.95094],[-77.00188,38.95091],[-77.00187,38.95089],[-77.00186,38.95086],[-77.00185,38.95084],[-77.00184,38.95081],[-77.00183,38.95078],[-77.00182,38.95076],[-77.00166,38.95037],[-77.00165,38.95034],[-77.00164,38.95031],[-77.00163,38.95029],[-77.00162,38.95026],[-77.00161,38.95024],[-77.0016,38.95021],[-77.00159,38.95018],[-77.00158,38.95016],[-77.00156,38.95013],[-77.00155,38.95011],[-76.99974,38.94574],[-76.99973,38.94571],[-76.99972,38.94569],[-76.99971,38.94566],[-76.9997,38.94564],[-76.99969,38.94561],[-76.99968,38.94558],[-76.99967,38.94556],[-76.99966,38.94553],[-76.99965,38.94551],[-76.99964,38.94548],[-76.9992,38.94449],[-76.99919,38.94446],[-76.99918,38.94444],[-76.99917,38.94441],[-76.99916,38.94438],[-76.99914,38.94436],[-76.99913,38.94433],[-76.99912,38.94431],[-76.99911,38.94428],[-76.9991,38.94426],[-76.99908,38.94423],[-76.99879,38.94359],[-76.99878,38.94357],[-76.99877,38.94354],[-76.99876,38.94351],[-76.99874,38.94349],[-76.99873,38.94346],[-76.99872,38.94344],[-76.99871,38.94341],[-76.9987,38.94339],[-76.99868,38.94336],[-76.99867,38.94333],[-76.99824,38.94234],[-76.99823,38.94232],[-76.99822,38.94229],[-76.99821,38.94226],[-76.9982,38.94224],[-76.99818,38.94221],[-76.99817,38.94219],[-76.99816,38.94216],[-76.99815,38.94213],[-76.99814,38.94211],[-76.99813,38.94208],[-76.99669,38.93861],[-76.99535,38.93537],[-76.99534,38.93534],[-76.99533,38.93531],[-76.99531,38.93528],[-76.9953,38.93525],[-76.99529,38.93522],[-76.99527,38.93519],[-76.99526,38.93516],[-76.99525,38.93512],[-76.99524,38.93509],[-76.99522,38.93506],[-76.99502,38.93452],[-76.99484,38.93398],[-76.99482,38.93392],[-76.99467,38.93343],[-76.99454,38.93288],[-76.99442,38.93232],[-76.99442,38.93231],[-76.99441,38.93229],[-76.99441,38.93226],[-76.9944,38.93222],[-76.99439,38.93219],[-76.99439,38.93216],[-76.99438,38.93213],[-76.99438,38.93209],[-76.99437,38.93206],[-76.99436,38.93203],[-76.99436,38.932],[-76.99419,38.93105],[-76.99418,38.93099],[-76.99417,38.93094],[-76.99416,38.93088],[-76.99415,38.93083],[-76.99414,38.93077],[-76.99413,38.93072],[-76.99412,38.93066],[-76.99411,38.93061],[-76.99411,38.93056],[-76.9941,38.9305],[-76.99408,38.93036],[-76.99407,38.93031],[-76.99407,38.93026],[-76.99406,38.9302],[-76.99405,38.93015],[-76.99405,38.93009],[-76.99404,38.93004],[-76.99404,38.92998],[-76.99403,38.92993],[-76.99402,38.92987],[-76.99402,38.92982],[-76.99387,38.92829],[-76.99386,38.92821],[-76.99385,38.92813],[-76.99384,38.92805],[-76.99384,38.92796],[-76.99383,38.92788],[-76.99382,38.9278],[-76.99382,38.92772],[-76.99381,38.92764],[-76.99381,38.92755],[-76.99381,38.92747],[-76.99381,38.92724],[-76.99382,38.92701],[-76.99384,38.92678],[-76.99387,38.92655],[-76.99391,38.92632],[-76.99396,38.92609],[-76.99402,38.92587],[-76.99408,38.92564],[-76.99411,38.92556],[-76.99414,38.92548],[-76.99417,38.92541],[-76.9942,38.92533],[-76.99423,38.92525],[-76.99426,38.92517],[-76.99429,38.92509],[-76.99432,38.92501],[-76.99436,38.92493],[-76.99439,38.92486],[-76.99568,38.92172],[-76.99633,38.92015],[-76.99652,38.9197],[-76.99661,38.91947],[-76.99663,38.91942],[-76.99666,38.91937],[-76.99668,38.91932],[-76.9967,38.91926],[-76.99672,38.91921],[-76.99675,38.91916],[-76.99677,38.91911],[-76.99679,38.91906],[-76.99682,38.919],[-76.99684,38.91895],[-76.99692,38.91881],[-76.997,38.91866],[-76.99709,38.91852],[-76.99712,38.91847],[-76.99716,38.91842],[-76.99719,38.91837],[-76.99722,38.91832],[-76.99726,38.91828],[-76.99729,38.91823],[-76.99733,38.91818],[-76.99736,38.91813],[-76.9974,38.91809],[-76.99743,38.91804],[-76.99764,38.91776],[-76.99769,38.9177],[-76.99773,38.91764],[-76.99778,38.91758],[-76.99782,38.91752],[-76.99786,38.91746],[-76.99791,38.9174],[-76.99795,38.91734],[-76.99799,38.91728],[-76.99803,38.91722],[-76.99807,38.91716],[-76.99823,38.91692],[-76.99837,38.91668],[-76.99841,38.91662],[-76.99844,38.91655],[-76.99848,38.91649],[-76.99851,38.91643],[-76.99854,38.91636],[-76.99858,38.9163],[-76.99861,38.91623],[-76.99864,38.91617],[-76.99867,38.91611],[-76.99871,38.91604],[-76.99928,38.91489],[-77.00224,38.90904],[-77.00227,38.90898],[-77.0023,38.90891],[-77.00233,38.90885],[-77.00236,38.90879],[-77.00239,38.90872],[-77.00242,38.90866],[-77.00246,38.9086],[-77.00248,38.90854],[-77.00251,38.90847],[-77.00254,38.90841],[-77.00262,38.90823],[-77.00269,38.90805],[-77.00271,38.90799],[-77.00274,38.90792],[-77.00276,38.90786],[-77.00278,38.90779],[-77.0028,38.90773],[-77.00283,38.90766],[-77.00285,38.9076],[-77.00287,38.90753],[-77.00289,38.90747],[-77.00291,38.9074],[-77.00304,38.907],[-77.00305,38.90697],[-77.00306,38.90694],[-77.00307,38.90692],[-77.00308,38.90689],[-77.00309,38.90686],[-77.0031,38.90684],[-77.0031,38.90681],[-77.00311,38.90678],[-77.00312,38.90676],[-77.00313,38.90673],[-77.00321,38.90649],[-77.00322,38.90646],[-77.00323,38.90644],[-77.00324,38.90641],[-77.00325,38.90638],[-77.00326,38.90636],[-77.00327,38.90633],[-77.00328,38.90631],[-77.00329,38.90628],[-77.0033,38.90625],[-77.00331,38.90623],[-77.00386,38.90468],[-77.00389,38.9046],[-77.00392,38.90453],[-77.00395,38.90445],[-77.00398,38.90437],[-77.00401,38.90429],[-77.00404,38.90421],[-77.00407,38.90413],[-77.00411,38.90406],[-77.00414,38.90398],[-77.00418,38.9039],[-77.00425,38.90376],[-77.00432,38.90363],[-77.0044,38.90349],[-77.00449,38.90336],[-77.00454,38.90329],[-77.00459,38.90322],[-77.00464,38.90315],[-77.00469,38.90308],[-77.00475,38.90301],[-77.0048,38.90294],[-77.00486,38.90287],[-77.00491,38.9028],[-77.00497,38.90273],[-77.00503,38.90266],[-77.00534,38.90228],[-77.0054,38.9022],[-77.00547,38.90212],[-77.00553,38.90204],[-77.0056,38.90196],[-77.00566,38.90188],[-77.00573,38.9018],[-77.00579,38.90172],[-77.00585,38.90163],[-77.00591,38.90155],[-77.00597,38.90147],[-77.00602,38.90138],[-77.00609,38.90127],[-77.00616,38.90115],[-77.00622,38.90104],[-77.00626,38.90095],[-77.00631,38.90086],[-77.00635,38.90077],[-77.00638,38.90068],[-77.00642,38.90059],[-77.00646,38.9005],[-77.00649,38.90041],[-77.00652,38.90032],[-77.00656,38.90023],[-77.00659,38.90014],[-77.00725,38.8983],[-77.00782,38.89672],[-77.00787,38.89657],[-77.00789,38.89651],[-77.00792,38.89645],[-77.00794,38.89639],[-77.00796,38.89633],[-77.00798,38.89628],[-77.00801,38.89622],[-77.00803,38.89616],[-77.00806,38.8961],[-77.00809,38.89605],[-77.00812,38.89599],[-77.00816,38.89593],[-77.0082,38.89586],[-77.00824,38.8958],[-77.00829,38.89574],[-77.00834,38.89568],[-77.00839,38.89562],[-77.00845,38.89557],[-77.0085,38.89551],[-77.00856,38.89546],[-77.00863,38.8954],[-77.00869,38.89535],[-77.00876,38.8953],[-77.00883,38.89526],[-77.0089,38.89521],[-77.00897,38.89517],[-77.00904,38.89513],[-77.00912,38.89509],[-77.0092,38.89505],[-77.00928,38.89502],[-77.00936,38.89498],[-77.00944,38.89495],[-77.00953,38.89492],[-77.00961,38.8949],[-77.0097,38.89487],[-77.00978,38.89485],[-77.00987,38.89483],[-77.00996,38.89482],[-77.01005,38.8948],[-77.01014,38.89479],[-77.01023,38.89478],[-77.01031,38.89477],[-77.01038,38.89477],[-77.01046,38.89477],[-77.01054,38.89476],[-77.01062,38.89476],[-77.01069,38.89476],[-77.01077,38.89476],[-77.01085,38.89476],[-77.01093,38.89477],[-77.011,38.89477],[-77.01343,38.89482],[-77.01351,38.89482],[-77.0136,38.89482],[-77.01368,38.89483],[-77.01376,38.89483],[-77.01385,38.89483],[-77.01393,38.89484],[-77.01401,38.89485],[-77.0141,38.89485],[-77.01418,38.89486],[-77.01426,38.89487],[-77.01435,38.89489],[-77.01443,38.8949],[-77.01451,38.89492],[-77.01459,38.89494],[-77.01468,38.89496],[-77.01476,38.89499],[-77.01484,38.89501],[-77.01491,38.89504],[-77.01499,38.89507],[-77.01507,38.8951],[-77.01514,38.89514],[-77.01522,38.89517],[-77.01528,38.89521],[-77.01535,38.89525],[-77.01542,38.89529],[-77.01549,38.89533],[-77.01555,38.89537],[-77.01561,38.89541],[-77.01568,38.89545],[-77.01574,38.8955],[-77.0158,38.89554],[-77.01586,38.89558],[-77.016,38.89568],[-77.01757,38.89678],[-77.01853,38.89746],[-77.01855,38.89748],[-77.01862,38.89752],[-77.01868,38.89757],[-77.01875,38.89761],[-77.01881,38.89766],[-77.01888,38.8977],[-77.01895,38.89775],[-77.01902,38.89779],[-77.01909,38.89783],[-77.01916,38.89787],[-77.01923,38.89791],[-77.01932,38.89796],[-77.01942,38.89801],[-77.01952,38.89806],[-77.01963,38.8981],[-77.01973,38.89814],[-77.01984,38.89817],[-77.01994,38.89821],[-77.02005,38.89824],[-77.02016,38.89827],[-77.02027,38.89829],[-77.02039,38.89831],[-77.0205,38.89833],[-77.02061,38.89835],[-77.02073,38.89836],[-77.02081,38.89837],[-77.0209,38.89838],[-77.02099,38.89838],[-77.02108,38.89839],[-77.02117,38.89839],[-77.02125,38.89839],[-77.02134,38.89839],[-77.02143,38.89839],[-77.02152,38.89839],[-77.0216,38.89839],[-77.02174,38.89839],[-77.02194,38.89839],[-77.02201,38.89839],[-77.02385,38.89839],[-77.02415,38.89839],[-77.02419,38.89839],[-77.02422,38.89839],[-77.02426,38.89839],[-77.02429,38.89839],[-77.02433,38.89839],[-77.02436,38.89839],[-77.0244,38.89839],[-77.02443,38.89839],[-77.02447,38.89839],[-77.0245,38.89839],[-77.02492,38.89839],[-77.02495,38.89838],[-77.02499,38.89838],[-77.02502,38.89838],[-77.02506,38.89838],[-77.02509,38.89838],[-77.02513,38.89838],[-77.02516,38.89838],[-77.0252,38.89838],[-77.02523,38.89838],[-77.02527,38.89837],[-77.02562,38.89836],[-77.02566,38.89836],[-77.02569,38.89836],[-77.02573,38.89836],[-77.02576,38.89836],[-77.0258,38.89836],[-77.02583,38.89836],[-77.02587,38.89835],[-77.0259,38.89835],[-77.02594,38.89835],[-77.02597,38.89835],[-77.02639,38.89834],[-77.02642,38.89834],[-77.02646,38.89834],[-77.02649,38.89834],[-77.02653,38.89834],[-77.02656,38.89834],[-77.0266,38.89834],[-77.02663,38.89834],[-77.02667,38.89834],[-77.0267,38.89834],[-77.02674,38.89834],[-77.02703,38.89834],[-77.02797,38.89834],[-77.02804,38.89834],[-77.02809,38.89834],[-77.02811,38.89834],[-77.02914,38.89834],[-77.03228,38.89834],[-77.03237,38.89835],[-77.03247,38.89835],[-77.03256,38.89835],[-77.03266,38.89835],[-77.03275,38.89835],[-77.03285,38.89835],[-77.03294,38.89835],[-77.03304,38.89836],[-77.03313,38.89837],[-77.03323,38.89837],[-77.03337,38.89839],[-77.03351,38.89841],[-77.03365,38.89843],[-77.03379,38.89845],[-77.03393,38.89848],[-77.03406,38.89852],[-77.0342,38.89855],[-77.03429,38.89858],[-77.03438,38.89861],[-77.03446,38.89863],[-77.03455,38.89866],[-77.03464,38.8987],[-77.03472,38.89873],[-77.03481,38.89876],[-77.03489,38.89879],[-77.03498,38.89882],[-77.03506,38.89886],[-77.03593,38.8992],[-77.03601,38.89923],[-77.0361,38.89926],[-77.03618,38.8993],[-77.03627,38.89933],[-77.03635,38.89936],[-77.03643,38.8994],[-77.03652,38.89944],[-77.0366,38.89947],[-77.03668,38.89951],[-77.03676,38.89955],[-77.03688,38.89962],[-77.037,38.89968],[-77.03712,38.89975],[-77.03723,38.89983],[-77.03734,38.89991],[-77.03745,38.89999],[-77.03755,38.90007],[-77.03765,38.90016],[-77.03775,38.90025],[-77.03784,38.90034],[-77.03793,38.90043],[-77.03801,38.90053],[-77.03809,38.90063],[-77.03813,38.90069],[-77.03818,38.90075],[-77.03822,38.90082],[-77.03827,38.90089],[-77.03831,38.90095],[-77.03835,38.90102],[-77.03839,38.90109],[-77.03843,38.90115],[-77.03847,38.90122],[-77.03851,38.90129],[-77.03851,38.90129],[-77.03854,38.90133],[-77.03857,38.90139],[-77.03917,38.90242],[-77.04004,38.90392],[-77.04172,38.90682],[-77.04186,38.90706],[-77.04188,38.90708],[-77.04189,38.90711],[-77.0419,38.90713],[-77.04192,38.90716],[-77.04193,38.90718],[-77.04195,38.90721],[-77.04196,38.90723],[-77.04198,38.90726],[-77.04199,38.90728],[-77.04201,38.90731],[-77.04216,38.90756],[-77.04218,38.90759],[-77.04219,38.90761],[-77.04221,38.90764],[-77.04223,38.90766],[-77.04224,38.90769],[-77.04226,38.90771],[-77.04227,38.90774],[-77.04229,38.90776],[-77.0423,38.90779],[-77.04232,38.90781],[-77.04246,38.90804],[-77.04248,38.90806],[-77.04249,38.90809],[-77.04251,38.90811],[-77.04252,38.90814],[-77.04254,38.90816],[-77.04256,38.90819],[-77.04257,38.90821],[-77.04259,38.90823],[-77.0426,38.90826],[-77.04262,38.90828],[-77.04277,38.90854],[-77.04279,38.90857],[-77.0428,38.90859],[-77.04282,38.90862],[-77.04283,38.90864],[-77.04285,38.90867],[-77.04286,38.90869],[-77.04288,38.90872],[-77.04289,38.90874],[-77.04291,38.90877],[-77.04292,38.90879],[-77.04314,38.90917],[-77.04401,38.91067],[-77.04529,38.91287],[-77.04533,38.91293],[-77.04536,38.913],[-77.0454,38.91306],[-77.04543,38.91312],[-77.04547,38.91318],[-77.0455,38.91324],[-77.04554,38.91331],[-77.04557,38.91337],[-77.0456,38.91343],[-77.04564,38.91349],[-77.04575,38.91373],[-77.04585,38.91397],[-77.04595,38.91421],[-77.04603,38.91446],[-77.04605,38.91453],[-77.04607,38.91459],[-77.04609,38.91466],[-77.0461,38.91472],[-77.04612,38.91479],[-77.04614,38.91486],[-77.04616,38.91492],[-77.04617,38.91499],[-77.04619,38.91505],[-77.04621,38.91512],[-77.04628,38.91541],[-77.04629,38.91546],[-77.0463,38.91552],[-77.04632,38.91557],[-77.04633,38.91562],[-77.04634,38.91568],[-77.04636,38.91573],[-77.04637,38.91578],[-77.04639,38.91584],[-77.0464,38.91589],[-77.04642,38.91595],[-77.04649,38.9162],[-77.04658,38.91646],[-77.04668,38.91671],[-77.04679,38.91696],[-77.04682,38.91701],[-77.04684,38.91706],[-77.04687,38.91711],[-77.04689,38.91716],[-77.04692,38.91722],[-77.04694,38.91727],[-77.04697,38.91732],[-77.04699,38.91737],[-77.04702,38.91742],[-77.04704,38.91747],[-77.04768,38.91873],[-77.04771,38.91878],[-77.04774,38.91883],[-77.04776,38.91889],[-77.04779,38.91894],[-77.04781,38.91899],[-77.04784,38.91904],[-77.04787,38.91909],[-77.04789,38.91914],[-77.04792,38.91919],[-77.04795,38.91924],[-77.04811,38.91952],[-77.04829,38.9198],[-77.04847,38.92008],[-77.04867,38.92035],[-77.04888,38.92061],[-77.04892,38.92066],[-77.04895,38.92071],[-77.04899,38.92075],[-77.04903,38.9208],[-77.04907,38.92084],[-77.04911,38.92089],[-77.04915,38.92093],[-77.04919,38.92098],[-77.04923,38.92103],[-77.04927,38.92107],[-77.04932,38.92113],[-77.05073,38.92276],[-77.05078,38.92281],[-77.05083,38.92287],[-77.05088,38.92293],[-77.05093,38.92298],[-77.05097,38.92304],[-77.05102,38.9231],[-77.05107,38.92315],[-77.05112,38.92321],[-77.05117,38.92327],[-77.05121,38.92333],[-77.05139,38.92356],[-77.05156,38.9238],[-77.05172,38.92404],[-77.05176,38.9241],[-77.0518,38.92417],[-77.05184,38.92423],[-77.05188,38.92429],[-77.05192,38.92435],[-77.05195,38.92441],[-77.05199,38.92448],[-77.05203,38.92454],[-77.05206,38.9246],[-77.0521,38.92466],[-77.0522,38.92483],[-77.05307,38.92633],[-77.05763,38.93418],[-77.0585,38.93568],[-77.06246,38.94248],[-77.06333,38.94398],[-77.06356,38.94439],[-77.0636,38.94445],[-77.06364,38.94451],[-77.06368,38.94458],[-77.06371,38.94464],[-77.06375,38.9447],[-77.06379,38.94476],[-77.06384,38.94483],[-77.06388,38.94489],[-77.06392,38.94495],[-77.06397,38.94501],[-77.06403,38.94509],[-77.0641,38.94517],[-77.06418,38.94524],[-77.06425,38.94532],[-77.06433,38.94539],[-77.06441,38.94546],[-77.0645,38.94553],[-77.06459,38.94559],[-77.06468,38.94566],[-77.06477,38.94572],[-77.06487,38.94578],[-77.06497,38.94583],[-77.06507,38.94588],[-77.06517,38.94593],[-77.06528,38.94598],[-77.06538,38.94603],[-77.06549,38.94607],[-77.0656,38.94611],[-77.06572,38.94614],[-77.06583,38.94617],[-77.06595,38.9462],[-77.06606,38.94623],[-77.06618,38.94625],[-77.0663,38.94627],[-77.06642,38.94629],[-77.06654,38.9463],[-77.06663,38.94631],[-77.06672,38.94632],[-77.06681,38.94632],[-77.0669,38.94633],[-77.06699,38.94633],[-77.06708,38.94633],[-77.06717,38.94633],[-77.06726,38.94633],[-77.06735,38.94633],[-77.06744,38.94633],[-77.07611,38.94634],[-77.07619,38.94634],[-77.07627,38.94634],[-77.07634,38.94634],[-77.07642,38.94634],[-77.0765,38.94634],[-77.07658,38.94635],[-77.07665,38.94635],[-77.07673,38.94635],[-77.07681,38.94636],[-77.07688,38.94637],[-77.07697,38.94638],[-77.07706,38.9464],[-77.07715,38.94641],[-77.07724,38.94643],[-77.07733,38.94645],[-77.07742,38.94648],[-77.0775,38.9465],[-77.07759,38.94653],[-77.07767,38.94656],[-77.07775,38.94659],[-77.07783,38.94663],[-77.07791,38.94667],[-77.07799,38.9467],[-77.07806,38.94675],[-77.07814,38.94679],[-77.07821,38.94683],[-77.07828,38.94688],[-77.07834,38.94693],[-77.07841,38.94698],[-77.07847,38.94703],[-77.07853,38.94709],[-77.07859,38.94714],[-77.07864,38.9472],[-77.0787,38.94726],[-77.07875,38.94732],[-77.07879,38.94738],[-77.07883,38.94743],[-77.07887,38.94749],[-77.0789,38.94754],[-77.07894,38.9476],[-77.07897,38.94765],[-77.079,38.94771],[-77.07903,38.94776],[-77.07906,38.94782],[-77.07909,38.94787],[-77.07911,38.94793],[-77.07922,38.94814],[-77.08,38.94967],[-77.08027,38.95019],[-77.0803,38.95026],[-77.08033,38.95032],[-77.08037,38.95039],[-77.0804,38.95045],[-77.08043,38.95051],[-77.08046,38.95058],[-77.0805,38.95064],[-77.08053,38.9507],[-77.08056,38.95077],[-77.08059,38.95083],[-77.08176,38.95313],[-77.0818,38.95319],[-77.08183,38.95326],[-77.08186,38.95332],[-77.08189,38.95339],[-77.08193,38.95345],[-77.08196,38.95351],[-77.08199,38.95358],[-77.08202,38.95364],[-77.08205,38.9537],[-77.08209,38.95377],[-77.08221,38.95402],[-77.08225,38.95408],[-77.08228,38.95415],[-77.08231,38.95421],[-77.08234,38.95427],[-77.08238,38.95434],[-77.08241,38.9544],[-77.08244,38.95447],[-77.08247,38.95453],[-77.0825,38.95459],[-77.08254,38.95466],[-77.08371,38.95696],[-77.08374,38.95702],[-77.08377,38.95708],[-77.0838,38.95715],[-77.08384,38.95721],[-77.08387,38.95727],[-77.0839,38.95734],[-77.08393,38.9574],[-77.08397,38.95747],[-77.084,38.95753],[-77.08403,38.95759],[-77.08455,38.9586],[-77.08457,38.95864],[-77.08535,38.96017],[-77.08576,38.96098],[-77.08729,38.96399],[-77.08733,38.96405],[-77.08736,38.96411],[-77.08739,38.96418],[-77.08742,38.96424],[-77.08746,38.96431],[-77.08749,38.96437],[-77.08752,38.96443],[-77.08755,38.9645],[-77.08758,38.96456],[-77.08761,38.96463],[-77.08786,38.96517],[-77.08808,38.96571],[-77.08828,38.96627],[-77.08845,38.96682],[-77.0886,38.96738],[-77.08872,38.96795],[-77.08873,38.96802],[-77.08874,38.96809],[-77.08876,38.96815],[-77.08877,38.96822],[-77.08878,38.96829],[-77.08879,38.96836],[-77.0888,38.96843],[-77.08881,38.96849],[-77.08883,38.96856],[-77.08884,38.96863],[-77.08978,38.97434],[-77.0898,38.97441],[-77.08981,38.97447],[-77.08982,38.97454],[-77.08983,38.97461],[-77.08984,38.97468],[-77.08985,38.97475],[-77.08987,38.97481],[-77.08988,38.97488],[-77.08989,38.97495],[-77.08991,38.97502],[-77.08999,38.97538],[-77.09009,38.97573],[-77.0902,38.97609],[-77.09032,38.97644],[-77.09047,38.97678],[-77.09062,38.97713],[-77.09065,38.97719],[-77.09069,38.97725],[-77.09072,38.97732],[-77.09075,38.97738],[-77.09078,38.97745],[-77.09082,38.97751],[-77.09085,38.97757],[-77.09088,38.97764],[-77.09092,38.9777],[-77.09095,38.97776],[-77.09231,38.98034],[-77.09233,38.98039],[-77.09236,38.98044],[-77.09239,38.98049],[-77.09241,38.98054],[-77.09244,38.98059],[-77.09247,38.98064],[-77.09249,38.9807],[-77.09252,38.98075],[-77.09254,38.9808],[-77.09257,38.98085],[-77.0928,38.98132],[-77.093,38.98179],[-77.09302,38.98184],[-77.09304,38.9819],[-77.09307,38.98195],[-77.09309,38.982],[-77.09311,38.98205],[-77.09313,38.98211],[-77.09315,38.98216],[-77.09317,38.98221],[-77.09319,38.98226],[-77.09321,38.98232],[-77.09328,38.9825],[-77.0939,38.98408],[-77.09401,38.98435],[-77.09403,38.9844],[-77.09405,38.98446],[-77.09407,38.98451],[-77.09409,38.98456],[-77.09411,38.98461],[-77.09413,38.98467],[-77.09415,38.98472],[-77.09417,38.98477],[-77.09419,38.98482],[-77.09421,38.98488],[-77.0943,38.98516],[-77.09439,38.98545],[-77.09447,38.98574],[-77.09448,38.98579],[-77.09449,38.98585],[-77.0945,38.9859],[-77.09452,38.98595],[-77.09453,38.98601],[-77.09454,38.98606],[-77.09455,38.98612],[-77.09456,38.98617],[-77.09458,38.98622],[-77.09459,38.98628],[-77.09604,38.99308],[-77.09606,38.99314],[-77.09607,38.99319],[-77.09608,38.99324],[-77.09609,38.9933],[-77.0961,38.99335],[-77.09611,38.99341],[-77.09612,38.99346],[-77.09614,38.99352],[-77.09615,38.99357],[-77.09616,38.99362],[-77.0962,38.9939],[-77.09625,38.99418],[-77.09625,38.99423],[-77.09626,38.99429],[-77.09627,38.99434],[-77.09627,38.99439],[-77.09628,38.99445],[-77.09629,38.9945],[-77.09629,38.99456],[-77.0963,38.99461],[-77.0963,38.99467],[-77.09631,38.99472],[-77.0966,38.99741],[-77.09678,38.99905],[-77.09734,39.00412],[-77.09734,39.00417],[-77.09735,39.00423],[-77.09736,39.00428],[-77.09736,39.00433],[-77.09737,39.00439],[-77.09737,39.00444],[-77.09738,39.0045],[-77.09738,39.00455],[-77.09739,39.00461],[-77.09739,39.00466],[-77.09744,39.00532],[-77.09747,39.00597],[-77.09746,39.00662],[-77.09746,39.00668],[-77.09746,39.00673],[-77.09746,39.00679],[-77.09746,39.00684],[-77.09746,39.0069],[-77.09745,39.00695],[-77.09745,39.00701],[-77.09745,39.00706],[-77.09745,39.00712],[-77.09745,39.00717],[-77.09743,39.00764],[-77.09743,39.0077],[-77.09743,39.00775],[-77.09742,39.00781],[-77.09742,39.00786],[-77.09742,39.00792],[-77.09742,39.00797],[-77.09742,39.00803],[-77.09742,39.00808],[-77.09742,39.00814],[-77.09741,39.00819],[-77.09742,39.00854],[-77.09744,39.0089],[-77.09747,39.00925],[-77.09752,39.0096],[-77.09759,39.00995],[-77.09767,39.0103],[-77.09776,39.01065],[-77.09787,39.01099],[-77.09799,39.01133],[-77.09812,39.01167],[-77.09814,39.01172],[-77.09817,39.01178],[-77.09819,39.01183],[-77.09821,39.01188],[-77.09823,39.01193],[-77.09826,39.01198],[-77.09828,39.01203],[-77.0983,39.01209],[-77.09833,39.01214],[-77.09835,39.01219],[-77.09888,39.01333],[-77.0989,39.01339],[-77.09892,39.01344],[-77.09895,39.01349],[-77.09897,39.01354],[-77.09899,39.01359],[-77.09902,39.01364],[-77.09904,39.0137],[-77.09907,39.01375],[-77.09909,39.0138],[-77.09912,39.01385],[-77.09929,39.01418],[-77.09947,39.01452],[-77.09966,39.01484],[-77.09987,39.01517],[-77.0999,39.01521],[-77.09993,39.01526],[-77.09997,39.01531],[-77.1,39.01536],[-77.10003,39.01541],[-77.10006,39.01546],[-77.1001,39.01551],[-77.10013,39.01555],[-77.10016,39.0156],[-77.1002,39.01565],[-77.10134,39.01731],[-77.1014,39.01739],[-77.10145,39.01747],[-77.10151,39.01755],[-77.10156,39.01763],[-77.10161,39.0177],[-77.10167,39.01778],[-77.10172,39.01786],[-77.10177,39.01794],[-77.10182,39.01802],[-77.10187,39.01811],[-77.10201,39.01835],[-77.10213,39.01859],[-77.10225,39.01884],[-77.10236,39.01909],[-77.10245,39.01934],[-77.10254,39.0196],[-77.10261,39.01986],[-77.10268,39.02012],[-77.10273,39.02038],[-77.10277,39.02064],[-77.10278,39.02073],[-77.10279,39.02082],[-77.1028,39.02091],[-77.10281,39.021],[-77.10282,39.02109],[-77.10282,39.02118],[-77.10283,39.02126],[-77.10284,39.02135],[-77.10284,39.02144],[-77.10285,39.02153],[-77.10286,39.02178],[-77.10287,39.02185],[-77.10287,39.02193],[-77.10287,39.022],[-77.10288,39.02208],[-77.10288,39.02215],[-77.10289,39.02223],[-77.10289,39.02231],[-77.10289,39.02238],[-77.10289,39.02246],[-77.10289,39.02253],[-77.10288,39.02283],[-77.10288,39.02291],[-77.10288,39.02298],[-77.10287,39.02306],[-77.10286,39.02313],[-77.10286,39.02321],[-77.10285,39.02328],[-77.10284,39.02336],[-77.10283,39.02344],[-77.10283,39.02351],[-77.10282,39.02359],[-77.10279,39.02384],[-77.10278,39.02391],[-77.10277,39.02398],[-77.10277,39.02405],[-77.10276,39.02412],[-77.10275,39.02419],[-77.10275,39.02425],[-77.10274,39.02432],[-77.10274,39.02439],[-77.10273,39.02446],[-77.10273,39.02453],[-77.10272,39.02475],[-77.10273,39.02497],[-77.10274,39.02519],[-77.10275,39.02526],[-77.10275,39.02533],[-77.10276,39.0254],[-77.10277,39.02547],[-77.10278,39.02553],[-77.10279,39.0256],[-77.1028,39.02567],[-77.1028,39.02574],[-77.10281,39.02581],[-77.10282,39.02588],[-77.10296,39.02679],[-77.10297,39.02687],[-77.10298,39.02695],[-77.10299,39.02702],[-77.103,39.0271],[-77.10301,39.02717],[-77.10303,39.02725],[-77.10304,39.02732],[-77.10306,39.0274],[-77.10307,39.02747],[-77.10309,39.02754],[-77.10313,39.02771],[-77.10318,39.02786],[-77.10324,39.02802],[-77.10327,39.0281],[-77.1033,39.02817],[-77.10333,39.02824],[-77.10336,39.02831],[-77.10339,39.02838],[-77.10342,39.02845],[-77.10346,39.02852],[-77.10349,39.0286],[-77.10353,39.02867],[-77.10356,39.02874],[-77.10368,39.02898],[-77.10443,39.03052],[-77.10594,39.0336],[-77.10609,39.0339],[-77.1061,39.03393],[-77.10612,39.03396],[-77.10613,39.03399],[-77.10615,39.03402],[-77.10616,39.03405],[-77.10618,39.03408],[-77.10619,39.03411],[-77.10621,39.03415],[-77.10622,39.03418],[-77.10624,39.03421],[-77.10637,39.03448],[-77.10639,39.03452],[-77.1064,39.03455],[-77.10642,39.03458],[-77.10643,39.03461],[-77.10645,39.03464],[-77.10647,39.03467],[-77.10648,39.0347],[-77.1065,39.03473],[-77.10651,39.03476],[-77.10653,39.03479],[-77.11038,39.04253],[-77.11039,39.04257],[-77.11041,39.0426],[-77.11043,39.04264],[-77.11045,39.04268],[-77.11047,39.04272],[-77.11049,39.04276],[-77.11051,39.0428],[-77.11053,39.04283],[-77.11055,39.04287],[-77.11057,39.04291],[-77.11086,39.04354],[-77.11113,39.04418],[-77.11114,39.04422],[-77.11116,39.04426],[-77.11117,39.0443],[-77.11119,39.04434],[-77.1112,39.04438],[-77.11122,39.04442],[-77.11123,39.04446],[-77.11125,39.0445],[-77.11126,39.04454],[-77.11128,39.04458],[-77.1118,39.04592],[-77.11181,39.04595],[-77.11182,39.04598],[-77.11183,39.04601],[-77.11184,39.04604],[-77.11185,39.04607],[-77.11187,39.0461],[-77.11188,39.04613],[-77.11189,39.04616],[-77.1119,39.04619],[-77.11191,39.04622],[-77.11208,39.04661],[-77.11226,39.047],[-77.11227,39.04703],[-77.11228,39.04706],[-77.1123,39.04709],[-77.11231,39.04712],[-77.11233,39.04715],[-77.11234,39.04718],[-77.11235,39.04721],[-77.11237,39.04724],[-77.11238,39.04726],[-77.1124,39.04729],[-77.11264,39.04779],[-77.11339,39.04933],[-77.11358,39.0497],[-77.1136,39.04976],[-77.11363,39.04981],[-77.11365,39.04986],[-77.11368,39.04991],[-77.1137,39.04996],[-77.11373,39.05001],[-77.11375,39.05007],[-77.11377,39.05012],[-77.1138,39.05017],[-77.11382,39.05022],[-77.1139,39.05043],[-77.11398,39.05064],[-77.11405,39.05086],[-77.11411,39.05108],[-77.11415,39.05129],[-77.11419,39.05151],[-77.11422,39.05173],[-77.11424,39.05195],[-77.11425,39.05201],[-77.11425,39.05206],[-77.11425,39.05212],[-77.11425,39.05217],[-77.11425,39.05223],[-77.11426,39.05228],[-77.11426,39.05234],[-77.11426,39.05239],[-77.11426,39.05245],[-77.11426,39.0525],[-77.11428,39.05418],[-77.11428,39.05427],[-77.11429,39.05435],[-77.11429,39.05444],[-77.11429,39.05453],[-77.11429,39.05462],[-77.1143,39.05471],[-77.1143,39.05479],[-77.11431,39.05488],[-77.11431,39.05497],[-77.11432,39.05506],[-77.11435,39.05525],[-77.11438,39.05545],[-77.11443,39.05564],[-77.11448,39.05584],[-77.11454,39.05603],[-77.11461,39.05622],[-77.11468,39.05641],[-77.11477,39.0566],[-77.11486,39.05678],[-77.11496,39.05696],[-77.11507,39.05714],[-77.11518,39.05732],[-77.11531,39.05749],[-77.11544,39.05766],[-77.11557,39.05783],[-77.11572,39.05799],[-77.11587,39.05815],[-77.11594,39.05822],[-77.11601,39.05828],[-77.11608,39.05835],[-77.11616,39.05842],[-77.11623,39.05849],[-77.1163,39.05855],[-77.11638,39.05862],[-77.11639,39.05862],[-77.11645,39.05868],[-77.11653,39.05875],[-77.11661,39.05881],[-77.11859,39.06053],[-77.11862,39.06055],[-77.11864,39.06057],[-77.11866,39.06059],[-77.11869,39.06061],[-77.11871,39.06063],[-77.11874,39.06065],[-77.11876,39.06067],[-77.11878,39.06069],[-77.11881,39.06071],[-77.11883,39.06073],[-77.11907,39.06094],[-77.11909,39.06096],[-77.11912,39.06098],[-77.11914,39.061],[-77.11916,39.06102],[-77.11919,39.06104],[-77.11921,39.06106],[-77.11924,39.06108],[-77.11926,39.0611],[-77.11928,39.06112],[-77.11931,39.06114],[-77.11958,39.06138],[-77.11961,39.0614],[-77.11963,39.06142],[-77.11966,39.06144],[-77.11968,39.06146],[-77.1197,39.06148],[-77.11973,39.0615],[-77.11975,39.06152],[-77.11977,39.06154],[-77.1198,39.06156],[-77.11982,39.06158],[-77.12006,39.06178],[-77.12009,39.0618],[-77.12011,39.06182],[-77.12013,39.06184],[-77.12016,39.06187],[-77.12018,39.06189],[-77.12021,39.06191],[-77.12023,39.06193],[-77.12025,39.06195],[-77.12028,39.06197],[-77.1203,39.06199],[-77.12045,39.06212],[-77.12187,39.06334],[-77.14543,39.0837],[-77.14685,39.08492],[-77.147,39.08505],[-77.14708,39.08512],[-77.14715,39.08518],[-77.14722,39.08524],[-77.14729,39.08531],[-77.14736,39.08537],[-77.14743,39.08543],[-77.1475,39.08549],[-77.14757,39.08555],[-77.14764,39.08562],[-77.14771,39.08568],[-77.14778,39.08574],[-77.14802,39.08598],[-77.14824,39.08622],[-77.14846,39.08647],[-77.14867,39.08672],[-77.14886,39.08698],[-77.14891,39.08704],[-77.14895,39.0871],[-77.14899,39.08716],[-77.14903,39.08722],[-77.14907,39.08728],[-77.14911,39.08734],[-77.14915,39.0874],[-77.14919,39.08747],[-77.14923,39.08753],[-77.14927,39.08759],[-77.14957,39.08809],[-77.14986,39.0886],[-77.15012,39.08912],[-77.15037,39.08964],[-77.15059,39.09017],[-77.15063,39.09028],[-77.15067,39.09038],[-77.15072,39.09049],[-77.15076,39.09059],[-77.1508,39.0907],[-77.15083,39.0908],[-77.15087,39.09091],[-77.15091,39.09102],[-77.15095,39.09112],[-77.15099,39.09123],[-77.15791,39.1103],[-77.15794,39.11037],[-77.15796,39.11044],[-77.15798,39.1105],[-77.15801,39.11057],[-77.15803,39.11063],[-77.15806,39.1107],[-77.15808,39.11076],[-77.15811,39.11083],[-77.15813,39.1109],[-77.15816,39.11096],[-77.15836,39.11143],[-77.15858,39.1119],[-77.15881,39.11236],[-77.15907,39.11282],[-77.15935,39.11327],[-77.15965,39.11371],[-77.15996,39.11414],[-77.16001,39.1142],[-77.16005,39.11426],[-77.1601,39.11431],[-77.16014,39.11437],[-77.16019,39.11443],[-77.16023,39.11449],[-77.16028,39.11455],[-77.16033,39.11461],[-77.16037,39.11467],[-77.16042,39.11472],[-77.16404,39.11926]]},"properties":{"line":"red"}},{"type":"Feature","geometry":{"type":"LineString","coordinates":[[-77.27351,38.87746],[-77.27145,38.87781],[-77.27022,38.87802],[-77.26961,38.87812],[-77.26961,38.87812],[-77.2696,38.87812],[-77.2696,38.87812],[-77.2696,38.87812],[-77.26959,38.87812],[-77.26959,38.87812],[-77.26959,38.87812],[-77.26958,38.87812],[-77.26958,38.87812],[-77.26958,38.87812],[-77.26957,38.87812],[-77.26957,38.87813],[-77.26957,38.87813],[-77.26956,38.87813],[-77.26956,38.87813],[-77.26956,38.87813],[-77.26955,38.87813],[-77.26955,38.87813],[-77.26954,38.87813],[-77.26954,38.87813],[-77.26954,38.87813],[-77.26953,38.87813],[-77.26953,38.87813],[-77.26953,38.87813],[-77.26952,38.87813],[-77.26952,38.87813],[-77.26952,38.87813],[-77.26951,38.87813],[-77.26951,38.87814],[-77.26951,38.87814],[-77.2695,38.87814],[-77.2695,38.87814],[-77.2695,38.87814],[-77.26949,38.87814],[-77.26949,38.87814],[-77.26949,38.87814],[-77.26948,38.87814],[-77.26948,38.87814],[-77.26948,38.87814],[-77.26947,38.87814],[-77.26947,38.87814],[-77.26947,38.87814],[-77.26946,38.87814],[-77.26946,38.87814],[-77.26946,38.87814],[-77.26945,38.87815],[-77.26945,38.87815],[-77.26945,38.87815],[-77.26944,38.87815],[-77.26944,38.87815],[-77.26944,38.87815],[-77.26943,38.87815],[-77.26943,38.87815],[-77.26942,38.87815],[-77.26942,38.87815],[-77.26942,38.87815],[-77.26941,38.87815],[-77.26941,38.87815],[-77.26941,38.87815],[-77.2694,38.87815],[-77.2694,38.87815],[-77.2694,38.87815],[-77.26939,38.87816],[-77.26939,38.87816],[-77.26939,38.87816],[-77.26938,38.87816],[-77.26938,38.87816],[-77.26938,38.87816],[-77.26937,38.87816],[-77.26937,38.87816],[-77.26937,38.87816],[-77.26936,38.87816],[-77.26936,38.87816],[-77.26936,38.87816],[-77.26935,38.87816],[-77.26935,38.87816],[-77.26935,38.87816],[-77.26934,38.87816],[-77.26934,38.87816],[-77.26934,38.87816],[-77.26933,38.87817],[-77.26933,38.87817],[-77.26933,38.87817],[-77.26932,38.87817],[-77.26932,38.87817],[-77.26931,38.87817],[-77.26931,38.87817],[-77.26931,38.87817],[-77.2693,38.87817],[-77.2693,38.87817],[-77.2693,38.87817],[-77.26929,38.87817],[-77.26929,38.87817],[-77.26929,38.87817],[-77.26928,38.87817],[-77.26928,38.87817],[-77.26928,38.87817],[-77.26927,38.87818],[-77.26927,38.87818],[-77.26927,38.87818],[-77.26926,38.87818],[-77.26926,38.87818],[-77.26926,38.87818],[-77.26925,38.87818],[-77.26925,38.87818],[-77.26925,38.87818],[-77.26924,38.87818],[-77.26924,38.87818],[-77.26924,38.87818],[-77.26923,38.87818],[-77.26923,38.87818],[-77.26923,38.87818],[-77.26922,38.87818],[-77.26922,38.87818],[-77.26922,38.87818],[-77.26921,38.87819],[-77.26921,38.87819],[-77.26921,38.87819],[-77.2692,38.87819],[-77.2692,38.87819],[-77.26919,38.87819],[-77.26919,38.87819],[-77.26919,38.87819],[-77.26918,38.87819],[-77.26918,38.87819],[-77.26918,38.87819],[-77.26917,38.87819],[-77.26917,38.87819],[-77.26917,38.87819],[-77.26916,38.87819],[-77.26916,38.87819],[-77.26916,38.87819],[-77.26915,38.8782],[-77.26915,38.8782],[-77.26915,38.8782],[-77.26914,38.8782],[-77.26914,38.8782],[-77.26914,38.8782],[-77.26913,38.8782],[-77.26913,38.8782],[-77.26913,38.8782],[-77.26912,38.8782],[-77.26912,38.8782],[-77.26912,38.8782],[-77.26911,38.8782],[-77.26911,38.8782],[-77.26911,38.8782],[-77.2691,38.8782],[-77.2691,38.8782],[-77.2691,38.8782],[-77.26909,38.87821],[-77.26909,38.87821],[-77.26908,38.87821],[-77.26908,38.87821],[-77.26908,38.87821],[-77.26907,38.87821],[-77.26907,38.87821],[-77.26907,38.87821],[-77.26906,38.87821],[-77.26906,38.87821],[-77.26906,38.87821],[-77.26905,38.87821],[-77.26905,38.87821],[-77.26905,38.87821],[-77.26904,38.87821],[-77.26904,38.87821],[-77.26904,38.87821],[-77.26903,38.87821],[-77.26903,38.87822],[-77.26903,38.87822],[-77.26902,38.87822],[-77.26902,38.87822],[-77.26902,38.87822],[-77.26901,38.87822],[-77.26901,38.87822],[-77.26901,38.87822],[-77.269,38.87822],[-77.269,38.87822],[-77.269,38.87822],[-77.26899,38.87822],[-77.26899,38.87822],[-77.26899,38.87822],[-77.26898,38.87822],[-77.26898,38.87822],[-77.26897,38.87822],[-77.26897,38.87822],[-77.26897,38.87823],[-77.26896,38.87823],[-77.26896,38.87823],[-77.26896,38.87823],[-77.26895,38.87823],[-77.26895,38.87823],[-77.26895,38.87823],[-77.26894,38.87823],[-77.26894,38.87823],[-77.26894,38.87823],[-77.26893,38.87823],[-77.26893,38.87823],[-77.26893,38.87823],[-77.26892,38.87823],[-77.26892,38.87823],[-77.26892,38.87823],[-77.26891,38.87823],[-77.26891,38.87823],[-77.26891,38.87824],[-77.2689,38.87824],[-77.2689,38.87824],[-77.2689,38.87824],[-77.26889,38.87824],[-77.26889,38.87824],[-77.26889,38.87824],[-77.26888,38.87824],[-77.26888,38.87824],[-77.26887,38.87824],[-77.26887,38.87824],[-77.26887,38.87824],[-77.26886,38.87824],[-77.26886,38.87824],[-77.26886,38.87824],[-77.26885,38.87824],[-77.26885,38.87824],[-77.26885,38.87824],[-77.26884,38.87825],[-77.26884,38.87825],[-77.26884,38.87825],[-77.26883,38.87825],[-77.26883,38.87825],[-77.26883,38.87825],[-77.26882,38.87825],[-77.26882,38.87825],[-77.26882,38.87825],[-77.26881,38.87825],[-77.26881,38.87825],[-77.26881,38.87825],[-77.2688,38.87825],[-77.2688,38.87825],[-77.2688,38.87825],[-77.26879,38.87825],[-77.26879,38.87825],[-77.26879,38.87825],[-77.26878,38.87826],[-77.26878,38.87826],[-77.26878,38.87826],[-77.26877,38.87826],[-77.26877,38.87826],[-77.26876,38.87826],[-77.26876,38.87826],[-77.26876,38.87826],[-77.26875,38.87826],[-77.26875,38.87826],[-77.26875,38.87826],[-77.26874,38.87826],[-77.26874,38.87826],[-77.26874,38.87826],[-77.26873,38.87826],[-77.26873,38.87826],[-77.26873,38.87826],[-77.26872,38.87826],[-77.26872,38.87826],[-77.26872,38.87827],[-77.26871,38.87827],[-77.26871,38.87827],[-77.26871,38.87827],[-77.2687,38.87827],[-77.2687,38.87827],[-77.2687,38.87827],[-77.26869,38.87827],[-77.26869,38.87827],[-77.26869,38.87827],[-77.26868,38.87827],[-77.26868,38.87827],[-77.26868,38.87827],[-77.26867,38.87827],[-77.26867,38.87827],[-77.26866,38.87827],[-77.26866,38.87827],[-77.26866,38.87827],[-77.26865,38.87827],[-77.26865,38.87828],[-77.26865,38.87828],[-77.26864,38.87828],[-77.26864,38.87828],[-77.26864,38.87828],[-77.26863,38.87828],[-77.26863,38.87828],[-77.26863,38.87828],[-77.26862,38.87828],[-77.26862,38.87828],[-77.26862,38.87828],[-77.26861,38.87828],[-77.26861,38.87828],[-77.26861,38.87828],[-77.2686,38.87828],[-77.2686,38.87828],[-77.2686,38.87828],[-77.26859,38.87828],[-77.26859,38.87828],[-77.26859,38.87829],[-77.26858,38.87829],[-77.26858,38.87829],[-77.26858,38.87829],[-77.26857,38.87829],[-77.26857,38.87829],[-77.26856,38.87829],[-77.26856,38.87829],[-77.26856,38.87829],[-77.26855,38.87829],[-77.26855,38.87829],[-77.26855,38.87829],[-77.26854,38.87829],[-77.26854,38.87829],[-77.26854,38.87829],[-77.26853,38.87829],[-77.26853,38.87829],[-77.26853,38.87829],[-77.26852,38.87829],[-77.26852,38.87829],[-77.26852,38.8783],[-77.26851,38.8783],[-77.26851,38.8783],[-77.26851,38.8783],[-77.2685,38.8783],[-77.2685,38.8783],[-77.2685,38.8783],[-77.26849,38.8783],[-77.26849,38.8783],[-77.26849,38.8783],[-77.26848,38.8783],[-77.26848,38.8783],[-77.26847,38.8783],[-77.26847,38.8783],[-77.26847,38.8783],[-77.26846,38.8783],[-77.26846,38.8783],[-77.26846,38.8783],[-77.26845,38.8783],[-77.26845,38.8783],[-77.26845,38.87831],[-77.26844,38.87831],[-77.26844,38.87831],[-77.26844,38.87831],[-77.26843,38.87831],[-77.26843,38.87831],[-77.26843,38.87831],[-77.26842,38.87831],[-77.26842,38.87831],[-77.26842,38.87831],[-77.26841,38.87831],[-77.26841,38.87831],[-77.26841,38.87831],[-77.2684,38.87831],[-77.2684,38.87831],[-77.2684,38.87831],[-77.26839,38.87831],[-77.26839,38.87831],[-77.26839,38.87831],[-77.26838,38.87831],[-77.26838,38.87832],[-77.26837,38.87832],[-77.26837,38.87832],[-77.26837,38.87832],[-77.26836,38.87832],[-77.26836,38.87832],[-77.26836,38.87832],[-77.26835,38.87832],[-77.26835,38.87832],[-77.26835,38.87832],[-77.26834,38.87832],[-77.26834,38.87832],[-77.26834,38.87832],[-77.26833,38.87832],[-77.26833,38.87832],[-77.26833,38.87832],[-77.26832,38.87832],[-77.26832,38.87832],[-77.26832,38.87832],[-77.26831,38.87832],[-77.26831,38.87832],[-77.26831,38.87833],[-77.2683,38.87833],[-77.2683,38.87833],[-77.2683,38.87833],[-77.26829,38.87833],[-77.26829,38.87833],[-77.26828,38.87833],[-77.26828,38.87833],[-77.26828,38.87833],[-77.26827,38.87833],[-77.26827,38.87833],[-77.26827,38.87833],[-77.26826,38.87833],[-77.26826,38.87833],[-77.26826,38.87833],[-77.26825,38.87833],[-77.26825,38.87833],[-77.26825,38.87833],[-77.26824,38.87833],[-77.26824,38.87833],[-77.26824,38.87833],[-77.26823,38.87834],[-77.26823,38.87834],[-77.26823,38.87834],[-77.26822,38.87834],[-77.26822,38.87834],[-77.26822,38.87834],[-77.26821,38.87834],[-77.26821,38.87834],[-77.26821,38.87834],[-77.2682,38.87834],[-77.2682,38.87834],[-77.26819,38.87834],[-77.26819,38.87834],[-77.26819,38.87834],[-77.26818,38.87834],[-77.26818,38.87834],[-77.26818,38.87834],[-77.26817,38.87834],[-77.26817,38.87834],[-77.26817,38.87834],[-77.26816,38.87834],[-77.26816,38.87834],[-77.26816,38.87835],[-77.26815,38.87835],[-77.26815,38.87835],[-77.26815,38.87835],[-77.26814,38.87835],[-77.26814,38.87835],[-77.26814,38.87835],[-77.26813,38.87835],[-77.26813,38.87835],[-77.26813,38.87835],[-77.26812,38.87835],[-77.26812,38.87835],[-77.26811,38.87835],[-77.26811,38.87835],[-77.26811,38.87835],[-77.2681,38.87835],[-77.2681,38.87835],[-77.2681,38.87835],[-77.26809,38.87835],[-77.26809,38.87835],[-77.26809,38.87835],[-77.26808,38.87835],[-77.26808,38.87835],[-77.26808,38.87836],[-77.26807,38.87836],[-77.26807,38.87836],[-77.26807,38.87836],[-77.26806,38.87836],[-77.26806,38.87836],[-77.26806,38.87836],[-77.26805,38.87836],[-77.26805,38.87836],[-77.26805,38.87836],[-77.26804,38.87836],[-77.26804,38.87836],[-77.26804,38.87836],[-77.26803,38.87836],[-77.26803,38.87836],[-77.26802,38.87836],[-77.26802,38.87836],[-77.26802,38.87836],[-77.26801,38.87836],[-77.26801,38.87836],[-77.26801,38.87836],[-77.268,38.87836],[-77.268,38.87836],[-77.268,38.87836],[-77.26799,38.87837],[-77.26799,38.87837],[-77.26799,38.87837],[-77.26798,38.87837],[-77.26798,38.87837],[-77.26798,38.87837],[-77.26797,38.87837],[-77.26797,38.87837],[-77.26797,38.87837],[-77.26796,38.87837],[-77.26796,38.87837],[-77.26796,38.87837],[-77.26795,38.87837],[-77.26795,38.87837],[-77.26794,38.87837],[-77.26794,38.87837],[-77.26794,38.87837],[-77.26793,38.87837],[-77.26793,38.87837],[-77.26793,38.87837],[-77.26792,38.87837],[-77.26792,38.87837],[-77.26792,38.87837],[-77.26791,38.87837],[-77.26791,38.87838],[-77.26791,38.87838],[-77.2679,38.87838],[-77.2679,38.87838],[-77.2679,38.87838],[-77.26789,38.87838],[-77.26789,38.87838],[-77.26789,38.87838],[-77.26788,38.87838],[-77.26788,38.87838],[-77.26788,38.87838],[-77.26787,38.87838],[-77.26787,38.87838],[-77.26787,38.87838],[-77.26786,38.87838],[-77.26786,38.87838],[-77.26785,38.87838],[-77.26785,38.87838],[-77.26785,38.87838],[-77.26784,38.87838],[-77.26784,38.87838],[-77.26784,38.87838],[-77.26783,38.87838],[-77.26783,38.87838],[-77.26783,38.87838],[-77.26782,38.87838],[-77.26782,38.87839],[-77.26782,38.87839],[-77.26781,38.87839],[-77.26781,38.87839],[-77.26781,38.87839],[-77.2678,38.87839],[-77.2678,38.87839],[-77.2678,38.87839],[-77.26779,38.87839],[-77.26779,38.87839],[-77.26779,38.87839],[-77.26778,38.87839],[-77.26778,38.87839],[-77.26777,38.87839],[-77.26777,38.87839],[-77.26777,38.87839],[-77.26776,38.87839],[-77.26776,38.87839],[-77.26776,38.87839],[-77.26775,38.87839],[-77.26775,38.87839],[-77.26775,38.87839],[-77.26774,38.87839],[-77.26774,38.87839],[-77.26774,38.87839],[-77.26773,38.87839],[-77.26773,38.87839],[-77.26773,38.8784],[-77.26772,38.8784],[-77.26772,38.8784],[-77.26772,38.8784],[-77.26771,38.8784],[-77.26771,38.8784],[-77.26771,38.8784],[-77.2677,38.8784],[-77.2677,38.8784],[-77.26769,38.8784],[-77.26769,38.8784],[-77.26769,38.8784],[-77.26768,38.8784],[-77.26768,38.8784],[-77.26768,38.8784],[-77.26767,38.8784],[-77.26767,38.8784],[-77.26767,38.8784],[-77.26766,38.8784],[-77.26766,38.8784],[-77.26766,38.8784],[-77.26765,38.8784],[-77.26765,38.8784],[-77.26765,38.8784],[-77.26764,38.8784],[-77.26764,38.8784],[-77.26764,38.8784],[-77.26763,38.8784],[-77.26763,38.8784],[-77.26762,38.87841],[-77.26762,38.87841],[-77.26762,38.87841],[-77.26761,38.87841],[-77.26761,38.87841],[-77.26761,38.87841],[-77.2676,38.87841],[-77.2676,38.87841],[-77.2676,38.87841],[-77.26759,38.87841],[-77.26759,38.87841],[-77.26759,38.87841],[-77.26758,38.87841],[-77.26758,38.87841],[-77.26758,38.87841],[-77.26757,38.87841],[-77.26757,38.87841],[-77.26757,38.87841],[-77.26756,38.87841],[-77.26756,38.87841],[-77.26756,38.87841],[-77.26755,38.87841],[-77.26755,38.87841],[-77.26754,38.87841],[-77.26754,38.87841],[-77.26754,38.87841],[-77.26753,38.87841],[-77.26753,38.87841],[-77.26753,38.87841],[-77.26752,38.87841],[-77.26752,38.87842],[-77.26752,38.87842],[-77.26751,38.87842],[-77.26751,38.87842],[-77.26751,38.87842],[-77.2675,38.87842],[-77.2675,38.87842],[-77.2675,38.87842],[-77.26749,38.87842],[-77.26749,38.87842],[-77.26749,38.87842],[-77.26748,38.87842],[-77.26748,38.87842],[-77.26747,38.87842],[-77.26747,38.87842],[-77.26747,38.87842],[-77.26746,38.87842],[-77.26746,38.87842],[-77.26746,38.87842],[-77.26745,38.87842],[-77.26745,38.87842],[-77.26745,38.87842],[-77.26744,38.87842],[-77.26744,38.87842],[-77.26744,38.87842],[-77.26743,38.87842],[-77.26743,38.87842],[-77.26743,38.87842],[-77.26742,38.87842],[-77.26742,38.87842],[-77.26742,38.87842],[-77.26741,38.87842],[-77.26741,38.87843],[-77.26741,38.87843],[-77.2674,38.87843],[-77.2674,38.87843],[-77.26739,38.87843],[-77.26739,38.87843],[-77.26739,38.87843],[-77.26738,38.87843],[-77.26738,38.87843],[-77.26738,38.87843],[-77.26737,38.87843],[-77.26737,38.87843],[-77.26737,38.87843],[-77.26736,38.87843],[-77.26736,38.87843],[-77.26736,38.87843],[-77.26735,38.87843],[-77.26735,38.87843],[-77.26735,38.87843],[-77.26734,38.87843],[-77.26734,38.87843],[-77.26734,38.87843],[-77.26733,38.87843],[-77.26733,38.87843],[-77.26732,38.87843],[-77.26732,38.87843],[-77.26732,38.87843],[-77.26731,38.87843],[-77.26731,38.87843],[-77.26731,38.87843],[-77.2673,38.87843],[-77.2673,38.87843],[-77.2673,38.87843],[-77.26729,38.87843],[-77.26729,38.87844],[-77.26729,38.87844],[-77.26728,38.87844],[-77.26728,38.87844],[-77.26728,38.87844],[-77.26727,38.87844],[-77.26727,38.87844],[-77.26727,38.87844],[-77.26726,38.87844],[-77.26726,38.87844],[-77.26725,38.87844],[-77.26725,38.87844],[-77.26725,38.87844],[-77.26724,38.87844],[-77.26724,38.87844],[-77.26724,38.87844],[-77.26723,38.87844],[-77.26723,38.87844],[-77.26723,38.87844],[-77.26722,38.87844],[-77.26722,38.87844],[-77.26722,38.87844],[-77.26721,38.87844],[-77.26721,38.87844],[-77.26721,38.87844],[-77.2672,38.87844],[-77.2672,38.87844],[-77.2672,38.87844],[-77.26719,38.87844],[-77.26719,38.87844],[-77.26718,38.87844],[-77.26718,38.87844],[-77.26718,38.87844],[-77.26717,38.87844],[-77.26717,38.87844],[-77.26717,38.87844],[-77.26716,38.87845],[-77.26716,38.87845],[-77.26716,38.87845],[-77.26715,38.87845],[-77.26715,38.87845],[-77.26715,38.87845],[-77.26714,38.87845],[-77.26714,38.87845],[-77.26714,38.87845],[-77.26713,38.87845],[-77.26713,38.87845],[-77.26713,38.87845],[-77.26712,38.87845],[-77.26712,38.87845],[-77.26712,38.87845],[-77.26711,38.87845],[-77.26711,38.87845],[-77.2671,38.87845],[-77.2671,38.87845],[-77.2671,38.87845],[-77.26709,38.87845],[-77.26709,38.87845],[-77.26709,38.87845],[-77.26708,38.87845],[-77.26708,38.87845],[-77.26708,38.87845],[-77.26707,38.87845],[-77.26707,38.87845],[-77.26707,38.87845],[-77.26706,38.87845],[-77.26706,38.87845],[-77.26706,38.87845],[-77.26705,38.87845],[-77.26705,38.87845],[-77.26705,38.87845],[-77.26704,38.87845],[-77.26704,38.87845],[-77.26703,38.87845],[-77.26703,38.87845],[-77.26703,38.87846],[-77.26702,38.87846],[-77.26702,38.87846],[-77.26702,38.87846],[-77.26701,38.87846],[-77.26701,38.87846],[-77.26701,38.87846],[-77.267,38.87846],[-77.267,38.87846],[-77.267,38.87846],[-77.26699,38.87846],[-77.26699,38.87846],[-77.26699,38.87846],[-77.26698,38.87846],[-77.26698,38.87846],[-77.26698,38.87846],[-77.26697,38.87846],[-77.26697,38.87846],[-77.26696,38.87846],[-77.26696,38.87846],[-77.26696,38.87846],[-77.26695,38.87846],[-77.26695,38.87846],[-77.26695,38.87846],[-77.26694,38.87846],[-77.26694,38.87846],[-77.26694,38.87846],[-77.26693,38.87846],[-77.26693,38.87846],[-77.26693,38.87846],[-77.26692,38.87846],[-77.26692,38.87846],[-77.26692,38.87846],[-77.26691,38.87846],[-77.26691,38.87846],[-77.26691,38.87846],[-77.2669,38.87846],[-77.2669,38.87846],[-77.26689,38.87846],[-77.26689,38.87846],[-77.26689,38.87847],[-77.26688,38.87847],[-77.26688,38.87847],[-77.26688,38.87847],[-77.26687,38.87847],[-77.26687,38.87847],[-77.26687,38.87847],[-77.26686,38.87847],[-77.26686,38.87847],[-77.26686,38.87847],[-77.26685,38.87847],[-77.26685,38.87847],[-77.26685,38.87847],[-77.26684,38.87847],[-77.26684,38.87847],[-77.26684,38.87847],[-77.26683,38.87847],[-77.26683,38.87847],[-77.26682,38.87847],[-77.26682,38.87847],[-77.26682,38.87847],[-77.26681,38.87847],[-77.26681,38.87847],[-77.26681,38.87847],[-77.2668,38.87847],[-77.2668,38.87847],[-77.2668,38.87847],[-77.26679,38.87847],[-77.26679,38.87847],[-77.26679,38.87847],[-77.26678,38.87847],[-77.26678,38.87847],[-77.26678,38.87847],[-77.26677,38.87847],[-77.26677,38.87847],[-77.26677,38.87847],[-77.26676,38.87847],[-77.26676,38.87847],[-77.26675,38.87847],[-77.26675,38.87847],[-77.26675,38.87847],[-77.26674,38.87847],[-77.26674,38.87847],[-77.26674,38.87847],[-77.26673,38.87848],[-77.26673,38.87848],[-77.26673,38.87848],[-77.26672,38.87848],[-77.26672,38.87848],[-77.26672,38.87848],[-77.26671,38.87848],[-77.26671,38.87848],[-77.26671,38.87848],[-77.2667,38.87848],[-77.2667,38.87848],[-77.2667,38.87848],[-77.26669,38.87848],[-77.26669,38.87848],[-77.26668,38.87848],[-77.26668,38.87848],[-77.26668,38.87848],[-77.26667,38.87848],[-77.26667,38.87848],[-77.26667,38.87848],[-77.26666,38.87848],[-77.26666,38.87848],[-77.26666,38.87848],[-77.26665,38.87848],[-77.26665,38.87848],[-77.26665,38.87848],[-77.26664,38.87848],[-77.26664,38.87848],[-77.26664,38.87848],[-77.26663,38.87848],[-77.26663,38.87848],[-77.26663,38.87848],[-77.26662,38.87848],[-77.26662,38.87848],[-77.26661,38.87848],[-77.26661,38.87848],[-77.26661,38.87848],[-77.2666,38.87848],[-77.2666,38.87848],[-77.2666,38.87848],[-77.26659,38.87848],[-77.26659,38.87848],[-77.26659,38.87848],[-77.26658,38.87848],[-77.26658,38.87848],[-77.26658,38.87849],[-77.26657,38.87849],[-77.26657,38.87849],[-77.26657,38.87849],[-77.26656,38.87849],[-77.26656,38.87849],[-77.26656,38.87849],[-77.26655,38.87849],[-77.26655,38.87849],[-77.26654,38.87849],[-77.26654,38.87849],[-77.26654,38.87849],[-77.26653,38.87849],[-77.26653,38.87849],[-77.26653,38.87849],[-77.26652,38.87849],[-77.26652,38.87849],[-77.26652,38.87849],[-77.26651,38.87849],[-77.26651,38.87849],[-77.26651,38.87849],[-77.2665,38.87849],[-77.2665,38.87849],[-77.2665,38.87849],[-77.26649,38.87849],[-77.26649,38.87849],[-77.26648,38.87849],[-77.26648,38.87849],[-77.26648,38.87849],[-77.26647,38.87849],[-77.26647,38.87849],[-77.26647,38.87849],[-77.26646,38.87849],[-77.26646,38.87849],[-77.26646,38.87849],[-77.26645,38.87849],[-77.26645,38.87849],[-77.26645,38.87849],[-77.26644,38.87849],[-77.26644,38.87849],[-77.26644,38.87849],[-77.26643,38.87849],[-77.26643,38.87849],[-77.26643,38.87849],[-77.26642,38.87849],[-77.26642,38.87849],[-77.26641,38.87849],[-77.26641,38.87849],[-77.26641,38.8785],[-77.2664,38.8785],[-77.2664,38.8785],[-77.2664,38.8785],[-77.26639,38.8785],[-77.26639,38.8785],[-77.26639,38.8785],[-77.26638,38.8785],[-77.26638,38.8785],[-77.26638,38.8785],[-77.26637,38.8785],[-77.26637,38.8785],[-77.26637,38.8785],[-77.26636,38.8785],[-77.26636,38.8785],[-77.26636,38.8785],[-77.26635,38.8785],[-77.26635,38.8785],[-77.26634,38.8785],[-77.26634,38.8785],[-77.26634,38.8785],[-77.26633,38.8785],[-77.26633,38.8785],[-77.26633,38.8785],[-77.26632,38.8785],[-77.26632,38.8785],[-77.26632,38.8785],[-77.26631,38.8785],[-77.26631,38.8785],[-77.26631,38.8785],[-77.2663,38.8785],[-77.2663,38.8785],[-77.2663,38.8785],[-77.26629,38.8785],[-77.26629,38.8785],[-77.26629,38.8785],[-77.26628,38.8785],[-77.26628,38.8785],[-77.26627,38.8785],[-77.26627,38.8785],[-77.26627,38.8785],[-77.26626,38.8785],[-77.26626,38.8785],[-77.26626,38.8785],[-77.26625,38.8785],[-77.26625,38.8785],[-77.26625,38.8785],[-77.26624,38.8785],[-77.26624,38.8785],[-77.26624,38.87851],[-77.26623,38.87851],[-77.26623,38.87851],[-77.26623,38.87851],[-77.26622,38.87851],[-77.26622,38.87851],[-77.26622,38.87851],[-77.26621,38.87851],[-77.26621,38.87851],[-77.2662,38.87851],[-77.2662,38.87851],[-77.2662,38.87851],[-77.26619,38.87851],[-77.26619,38.87851],[-77.26619,38.87851],[-77.26618,38.87851],[-77.26618,38.87851],[-77.26618,38.87851],[-77.26617,38.87851],[-77.26617,38.87851],[-77.26617,38.87851],[-77.26616,38.87851],[-77.26616,38.87851],[-77.26616,38.87851],[-77.26615,38.87851],[-77.26615,38.87851],[-77.26615,38.87851],[-77.26614,38.87851],[-77.26614,38.87851],[-77.26609,38.87851],[-77.2658,38.87853],[-77.26393,38.87864],[-77.24209,38.8799],[-77.24208,38.8799],[-77.24208,38.8799],[-77.24208,38.8799],[-77.24207,38.8799],[-77.24207,38.8799],[-77.24207,38.8799],[-77.24206,38.8799],[-77.24206,38.8799],[-77.24206,38.8799],[-77.24205,38.8799],[-77.24205,38.8799],[-77.24204,38.8799],[-77.24204,38.8799],[-77.24204,38.8799],[-77.24203,38.8799],[-77.24203,38.8799],[-77.24203,38.8799],[-77.24202,38.8799],[-77.24202,38.8799],[-77.24202,38.8799],[-77.24201,38.8799],[-77.24201,38.8799],[-77.24201,38.8799],[-77.242,38.8799],[-77.242,38.8799],[-77.242,38.8799],[-77.24199,38.8799],[-77.24199,38.8799],[-77.24199,38.8799],[-77.24198,38.8799],[-77.24198,38.8799],[-77.24197,38.8799],[-77.24197,38.8799],[-77.24197,38.8799],[-77.24196,38.8799],[-77.24196,38.8799],[-77.24196,38.8799],[-77.24195,38.8799],[-77.24195,38.87991],[-77.24195,38.87991],[-77.24194,38.87991],[-77.24194,38.87991],[-77.24194,38.87991],[-77.24193,38.87991],[-77.24193,38.87991],[-77.24193,38.87991],[-77.24192,38.87991],[-77.24192,38.87991],[-77.24192,38.87991],[-77.24191,38.87991],[-77.24191,38.87991],[-77.2419,38.87991],[-77.2419,38.87991],[-77.2419,38.87991],[-77.24189,38.87991],[-77.24189,38.87991],[-77.24189,38.87991],[-77.24188,38.87991],[-77.24188,38.87991],[-77.24188,38.87991],[-77.24187,38.87991],[-77.24187,38.87991],[-77.24187,38.87991],[-77.24186,38.87991],[-77.24186,38.87991],[-77.24186,38.87991],[-77.24185,38.87991],[-77.24185,38.87991],[-77.24185,38.87991],[-77.24184,38.87991],[-77.24184,38.87991],[-77.24183,38.87991],[-77.24183,38.87991],[-77.24183,38.87991],[-77.24182,38.87991],[-77.24182,38.87991],[-77.24182,38.87991],[-77.24181,38.87991],[-77.24181,38.87991],[-77.24181,38.87991],[-77.2418,38.87991],[-77.2418,38.87991],[-77.2418,38.87991],[-77.24179,38.87991],[-77.24179,38.87991],[-77.24179,38.87991],[-77.24178,38.87992],[-77.24178,38.87992],[-77.24178,38.87992],[-77.24177,38.87992],[-77.24177,38.87992],[-77.24176,38.87992],[-77.24176,38.87992],[-77.24176,38.87992],[-77.24175,38.87992],[-77.24175,38.87992],[-77.24175,38.87992],[-77.24174,38.87992],[-77.24174,38.87992],[-77.24174,38.87992],[-77.24173,38.87992],[-77.24173,38.87992],[-77.24173,38.87992],[-77.24172,38.87992],[-77.24172,38.87992],[-77.24172,38.87992],[-77.24171,38.87992],[-77.24171,38.87992],[-77.2417,38.87992],[-77.2417,38.87992],[-77.2417,38.87992],[-77.24169,38.87992],[-77.24169,38.87992],[-77.24169,38.87992],[-77.24168,38.87992],[-77.24168,38.87992],[-77.24168,38.87992],[-77.24167,38.87992],[-77.24167,38.87992],[-77.24167,38.87992],[-77.24166,38.87992],[-77.24166,38.87992],[-77.24166,38.87992],[-77.24165,38.87992],[-77.24165,38.87992],[-77.24165,38.87992],[-77.24164,38.87992],[-77.24164,38.87992],[-77.24163,38.87992],[-77.24163,38.87992],[-77.24163,38.87992],[-77.24162,38.87992],[-77.24162,38.87992],[-77.24162,38.87993],[-77.24161,38.87993],[-77.24161,38.87993],[-77.24161,38.87993],[-77.2416,38.87993],[-77.2416,38.87993],[-77.2416,38.87993],[-77.24159,38.87993],[-77.24159,38.87993],[-77.24159,38.87993],[-77.24158,38.87993],[-77.24158,38.87993],[-77.24158,38.87993],[-77.24157,38.87993],[-77.24157,38.87993],[-77.24156,38.87993],[-77.24156,38.87993],[-77.24156,38.87993],[-77.24155,38.87993],[-77.24155,38.87993],[-77.24155,38.87993],[-77.24154,38.87993],[-77.24154,38.87993],[-77.24154,38.87993],[-77.24153,38.87993],[-77.24153,38.87993],[-77.24153,38.87993],[-77.24152,38.87993],[-77.24152,38.87993],[-77.24152,38.87993],[-77.24151,38.87993],[-77.24151,38.87993],[-77.24151,38.87993],[-77.2415,38.87993],[-77.2415,38.87993],[-77.24149,38.87993],[-77.24149,38.87993],[-77.24149,38.87993],[-77.24148,38.87993],[-77.24148,38.87993],[-77.24148,38.87993],[-77.24147,38.87993],[-77.24147,38.87993],[-77.24147,38.87994],[-77.24146,38.87994],[-77.24146,38.87994],[-77.24146,38.87994],[-77.24145,38.87994],[-77.24145,38.87994],[-77.24145,38.87994],[-77.24144,38.87994],[-77.24144,38.87994],[-77.24144,38.87994],[-77.24143,38.87994],[-77.24143,38.87994],[-77.24142,38.87994],[-77.24142,38.87994],[-77.24142,38.87994],[-77.24141,38.87994],[-77.24141,38.87994],[-77.24141,38.87994],[-77.2414,38.87994],[-77.2414,38.87994],[-77.2414,38.87994],[-77.24139,38.87994],[-77.24139,38.87994],[-77.24139,38.87994],[-77.24072,38.88],[-77.24005,38.88007],[-77.23939,38.88016],[-77.23874,38.88027],[-77.23809,38.88039],[-77.23744,38.88053],[-77.2368,38.88069],[-77.23617,38.88087],[-77.23616,38.88087],[-77.23616,38.88087],[-77.23616,38.88087],[-77.23615,38.88087],[-77.23615,38.88087],[-77.23615,38.88087],[-77.23614,38.88087],[-77.23614,38.88088],[-77.23614,38.88088],[-77.23613,38.88088],[-77.23613,38.88088],[-77.23613,38.88088],[-77.23612,38.88088],[-77.23612,38.88088],[-77.23612,38.88088],[-77.23611,38.88088],[-77.23611,38.88088],[-77.23611,38.88088],[-77.2361,38.88089],[-77.2361,38.88089],[-77.2361,38.88089],[-77.23609,38.88089],[-77.23609,38.88089],[-77.23609,38.88089],[-77.23608,38.88089],[-77.23608,38.88089],[-77.23608,38.88089],[-77.23607,38.88089],[-77.23607,38.8809],[-77.23607,38.8809],[-77.23606,38.8809],[-77.23606,38.8809],[-77.23606,38.8809],[-77.23605,38.8809],[-77.23605,38.8809],[-77.23605,38.8809],[-77.23604,38.8809],[-77.23604,38.8809],[-77.23604,38.8809],[-77.23603,38.88091],[-77.23603,38.88091],[-77.23603,38.88091],[-77.23602,38.88091],[-77.23602,38.88091],[-77.23602,38.88091],[-77.23601,38.88091],[-77.23601,38.88091],[-77.23601,38.88091],[-77.236,38.88091],[-77.236,38.88092],[-77.236,38.88092],[-77.236,38.88092],[-77.23599,38.88092],[-77.23599,38.88092],[-77.23599,38.88092],[-77.23598,38.88092],[-77.23598,38.88092],[-77.23598,38.88092],[-77.23597,38.88092],[-77.23597,38.88093],[-77.23597,38.88093],[-77.23596,38.88093],[-77.23596,38.88093],[-77.23596,38.88093],[-77.23595,38.88093],[-77.23595,38.88093],[-77.23595,38.88093],[-77.23594,38.88093],[-77.23594,38.88093],[-77.23594,38.88094],[-77.23593,38.88094],[-77.23593,38.88094],[-77.23593,38.88094],[-77.23592,38.88094],[-77.23592,38.88094],[-77.23592,38.88094],[-77.23591,38.88094],[-77.23591,38.88094],[-77.23591,38.88094],[-77.2359,38.88095],[-77.2359,38.88095],[-77.2359,38.88095],[-77.23589,38.88095],[-77.23589,38.88095],[-77.23589,38.88095],[-77.23588,38.88095],[-77.23588,38.88095],[-77.23588,38.88095],[-77.23587,38.88095],[-77.23587,38.88095],[-77.23587,38.88096],[-77.23586,38.88096],[-77.23586,38.88096],[-77.23586,38.88096],[-77.23585,38.88096],[-77.23585,38.88096],[-77.23585,38.88096],[-77.23584,38.88096],[-77.23584,38.88096],[-77.23584,38.88096],[-77.23583,38.88097],[-77.23583,38.88097],[-77.23583,38.88097],[-77.23582,38.88097],[-77.23582,38.88097],[-77.23582,38.88097],[-77.23581,38.88097],[-77.23581,38.88097],[-77.23581,38.88097],[-77.2358,38.88097],[-77.2358,38.88098],[-77.2358,38.88098],[-77.2358,38.88098],[-77.23579,38.88098],[-77.23579,38.88098],[-77.23579,38.88098],[-77.23578,38.88098],[-77.23578,38.88098],[-77.23578,38.88098],[-77.23577,38.88098],[-77.23577,38.88099],[-77.23577,38.88099],[-77.23576,38.88099],[-77.23576,38.88099],[-77.23576,38.88099],[-77.23575,38.88099],[-77.23575,38.88099],[-77.23575,38.88099],[-77.23574,38.88099],[-77.23574,38.88099],[-77.23574,38.881],[-77.23573,38.881],[-77.23573,38.881],[-77.23573,38.881],[-77.23572,38.881],[-77.23572,38.881],[-77.23572,38.881],[-77.23571,38.881],[-77.23571,38.881],[-77.23571,38.881],[-77.2357,38.88101],[-77.2357,38.88101],[-77.2357,38.88101],[-77.23569,38.88101],[-77.23569,38.88101],[-77.23569,38.88101],[-77.23568,38.88101],[-77.23568,38.88101],[-77.23568,38.88101],[-77.23567,38.88101],[-77.23567,38.88102],[-77.23567,38.88102],[-77.23566,38.88102],[-77.23566,38.88102],[-77.23566,38.88102],[-77.23565,38.88102],[-77.23565,38.88102],[-77.23565,38.88102],[-77.23564,38.88102],[-77.23564,38.88102],[-77.23564,38.88103],[-77.23563,38.88103],[-77.23563,38.88103],[-77.23563,38.88103],[-77.23562,38.88103],[-77.23562,38.88103],[-77.23562,38.88103],[-77.23562,38.88103],[-77.23561,38.88103],[-77.23561,38.88103],[-77.23561,38.88104],[-77.2356,38.88104],[-77.2356,38.88104],[-77.2356,38.88104],[-77.23559,38.88104],[-77.23559,38.88104],[-77.23559,38.88104],[-77.23558,38.88104],[-77.23558,38.88104],[-77.23558,38.88104],[-77.23557,38.88105],[-77.23557,38.88105],[-77.23557,38.88105],[-77.23556,38.88105],[-77.23556,38.88105],[-77.23556,38.88105],[-77.23555,38.88105],[-77.23555,38.88105],[-77.23555,38.88105],[-77.23554,38.88105],[-77.23554,38.88106],[-77.23554,38.88106],[-77.23553,38.88106],[-77.23553,38.88106],[-77.23553,38.88106],[-77.23552,38.88106],[-77.23552,38.88106],[-77.23552,38.88106],[-77.23551,38.88106],[-77.23551,38.88106],[-77.23018,38.8827],[-77.23017,38.8827],[-77.23017,38.8827],[-77.23017,38.8827],[-77.23016,38.8827],[-77.23016,38.8827],[-77.23016,38.8827],[-77.23015,38.8827],[-77.23015,38.88271],[-77.23015,38.88271],[-77.23014,38.88271],[-77.23014,38.88271],[-77.23014,38.88271],[-77.23013,38.88271],[-77.23013,38.88271],[-77.23013,38.88271],[-77.23012,38.88271],[-77.23012,38.88271],[-77.23012,38.88272],[-77.23011,38.88272],[-77.23011,38.88272],[-77.23011,38.88272],[-77.2301,38.88272],[-77.2301,38.88272],[-77.2301,38.88272],[-77.23009,38.88272],[-77.23009,38.88272],[-77.23009,38.88272],[-77.23008,38.88273],[-77.23008,38.88273],[-77.23008,38.88273],[-77.23007,38.88273],[-77.23007,38.88273],[-77.23007,38.88273],[-77.23006,38.88273],[-77.23006,38.88273],[-77.23006,38.88273],[-77.23005,38.88273],[-77.23005,38.88274],[-77.23005,38.88274],[-77.23004,38.88274],[-77.23004,38.88274],[-77.23004,38.88274],[-77.23003,38.88274],[-77.23003,38.88274],[-77.23003,38.88274],[-77.23002,38.88274],[-77.23002,38.88274],[-77.23002,38.88275],[-77.23001,38.88275],[-77.23001,38.88275],[-77.23001,38.88275],[-77.23001,38.88275],[-77.23,38.88275],[-77.23,38.88275],[-77.23,38.88275],[-77.22999,38.88275],[-77.22999,38.88275],[-77.22999,38.88276],[-77.22998,38.88276],[-77.22998,38.88276],[-77.22998,38.88276],[-77.22997,38.88276],[-77.22997,38.88276],[-77.22997,38.88276],[-77.22996,38.88276],[-77.22996,38.88276],[-77.22996,38.88276],[-77.22995,38.88277],[-77.22995,38.88277],[-77.22995,38.88277],[-77.22994,38.88277],[-77.22994,38.88277],[-77.22994,38.88277],[-77.22993,38.88277],[-77.22993,38.88277],[-77.22993,38.88277],[-77.22992,38.88278],[-77.22992,38.88278],[-77.22992,38.88278],[-77.22991,38.88278],[-77.22991,38.88278],[-77.22991,38.88278],[-77.2299,38.88278],[-77.2299,38.88278],[-77.2299,38.88278],[-77.22989,38.88278],[-77.22989,38.88279],[-77.22989,38.88279],[-77.22988,38.88279],[-77.22988,38.88279],[-77.22988,38.88279],[-77.22987,38.88279],[-77.22987,38.88279],[-77.22987,38.88279],[-77.22987,38.88279],[-77.22986,38.8828],[-77.22986,38.8828],[-77.22986,38.8828],[-77.22985,38.8828],[-77.22985,38.8828],[-77.22973,38.88284],[-77.22972,38.88284],[-77.22972,38.88284],[-77.22972,38.88284],[-77.22971,38.88285],[-77.22971,38.88285],[-77.22971,38.88285],[-77.2297,38.88285],[-77.2297,38.88285],[-77.2297,38.88285],[-77.22969,38.88285],[-77.22969,38.88285],[-77.22969,38.88285],[-77.22969,38.88286],[-77.22968,38.88286],[-77.22968,38.88286],[-77.22968,38.88286],[-77.22967,38.88286],[-77.22967,38.88286],[-77.22967,38.88286],[-77.22966,38.88286],[-77.22966,38.88286],[-77.22966,38.88287],[-77.22965,38.88287],[-77.22965,38.88287],[-77.22965,38.88287],[-77.22964,38.88287],[-77.22964,38.88287],[-77.22964,38.88287],[-77.22963,38.88287],[-77.22963,38.88288],[-77.22963,38.88288],[-77.22962,38.88288],[-77.22962,38.88288],[-77.22962,38.88288],[-77.22962,38.88288],[-77.22961,38.88288],[-77.22961,38.88288],[-77.22961,38.88288],[-77.2296,38.88289],[-77.2296,38.88289],[-77.2296,38.88289],[-77.22959,38.88289],[-77.22959,38.88289],[-77.22959,38.88289],[-77.22958,38.88289],[-77.22958,38.88289],[-77.22958,38.8829],[-77.22957,38.8829],[-77.22957,38.8829],[-77.22957,38.8829],[-77.22956,38.8829],[-77.22956,38.8829],[-77.22956,38.8829],[-77.22955,38.8829],[-77.22955,38.8829],[-77.22955,38.88291],[-77.22955,38.88291],[-77.22954,38.88291],[-77.22954,38.88291],[-77.22954,38.88291],[-77.22953,38.88291],[-77.22953,38.88291],[-77.22953,38.88291],[-77.22952,38.88292],[-77.22952,38.88292],[-77.22952,38.88292],[-77.22951,38.88292],[-77.22951,38.88292],[-77.22951,38.88292],[-77.2295,38.88292],[-77.2295,38.88292],[-77.2295,38.88292],[-77.22949,38.88293],[-77.22949,38.88293],[-77.22949,38.88293],[-77.22949,38.88293],[-77.22948,38.88293],[-77.22948,38.88293],[-77.22948,38.88293],[-77.22947,38.88293],[-77.22947,38.88294],[-77.22947,38.88294],[-77.22946,38.88294],[-77.22946,38.88294],[-77.22946,38.88294],[-77.22945,38.88294],[-77.22945,38.88294],[-77.22945,38.88294],[-77.22944,38.88294],[-77.22944,38.88295],[-77.22944,38.88295],[-77.22943,38.88295],[-77.22943,38.88295],[-77.22943,38.88295],[-77.22942,38.88295],[-77.22942,38.88295],[-77.22942,38.88295],[-77.22942,38.88296],[-77.22941,38.88296],[-77.22941,38.88296],[-77.22909,38.88308],[-77.22909,38.88308],[-77.22909,38.88308],[-77.22909,38.88308],[-77.22908,38.88308],[-77.22908,38.88308],[-77.22908,38.88308],[-77.22907,38.88308],[-77.22907,38.88309],[-77.22907,38.88309],[-77.22906,38.88309],[-77.22906,38.88309],[-77.22906,38.88309],[-77.22905,38.88309],[-77.22905,38.88309],[-77.22905,38.88309],[-77.22904,38.8831],[-77.22904,38.8831],[-77.22904,38.8831],[-77.22903,38.8831],[-77.22903,38.8831],[-77.22903,38.8831],[-77.22903,38.8831],[-77.22902,38.8831],[-77.22902,38.8831],[-77.22902,38.88311],[-77.22901,38.88311],[-77.22901,38.88311],[-77.22901,38.88311],[-77.229,38.88311],[-77.229,38.88311],[-77.229,38.88311],[-77.22899,38.88311],[-77.22899,38.88312],[-77.22899,38.88312],[-77.22898,38.88312],[-77.22898,38.88312],[-77.22898,38.88312],[-77.22897,38.88312],[-77.22897,38.88312],[-77.22897,38.88312],[-77.22896,38.88312],[-77.22896,38.88313],[-77.22896,38.88313],[-77.22896,38.88313],[-77.22895,38.88313],[-77.22895,38.88313],[-77.22895,38.88313],[-77.22894,38.88313],[-77.22894,38.88313],[-77.22894,38.88314],[-77.22893,38.88314],[-77.22893,38.88314],[-77.22893,38.88314],[-77.22892,38.88314],[-77.22892,38.88314],[-77.22892,38.88314],[-77.22891,38.88314],[-77.22891,38.88314],[-77.22891,38.88315],[-77.2289,38.88315],[-77.2289,38.88315],[-77.2289,38.88315],[-77.22889,38.88315],[-77.22889,38.88315],[-77.22889,38.88315],[-77.22889,38.88315],[-77.22888,38.88316],[-77.22888,38.88316],[-77.22888,38.88316],[-77.22887,38.88316],[-77.22887,38.88316],[-77.22887,38.88316],[-77.22886,38.88316],[-77.22886,38.88316],[-77.22886,38.88316],[-77.22885,38.88317],[-77.22885,38.88317],[-77.22885,38.88317],[-77.22884,38.88317],[-77.22884,38.88317],[-77.22884,38.88317],[-77.22883,38.88317],[-77.22883,38.88317],[-77.22883,38.88318],[-77.22882,38.88318],[-77.22882,38.88318],[-77.22882,38.88318],[-77.22882,38.88318],[-77.22881,38.88318],[-77.22881,38.88318],[-77.22881,38.88318],[-77.2288,38.88318],[-77.2288,38.88319],[-77.2288,38.88319],[-77.22879,38.88319],[-77.22879,38.88319],[-77.22879,38.88319],[-77.22878,38.88319],[-77.22878,38.88319],[-77.22878,38.88319],[-77.22877,38.88319],[-77.22877,38.8832],[-77.22877,38.8832],[-77.22876,38.8832],[-77.22876,38.8832],[-77.22876,38.8832],[-77.22875,38.8832],[-77.22875,38.8832],[-77.22875,38.8832],[-77.22874,38.8832],[-77.22874,38.88321],[-77.22874,38.88321],[-77.22874,38.88321],[-77.22873,38.88321],[-77.22873,38.88321],[-77.22873,38.88321],[-77.22872,38.88321],[-77.22872,38.88321],[-77.22872,38.88321],[-77.22871,38.88322],[-77.22871,38.88322],[-77.22871,38.88322],[-77.2287,38.88322],[-77.2287,38.88322],[-77.2287,38.88322],[-77.22869,38.88322],[-77.22869,38.88322],[-77.22869,38.88322],[-77.22868,38.88323],[-77.22868,38.88323],[-77.22868,38.88323],[-77.22867,38.88323],[-77.22867,38.88323],[-77.22867,38.88323],[-77.22866,38.88323],[-77.22866,38.88323],[-77.22866,38.88323],[-77.22865,38.88324],[-77.22865,38.88324],[-77.22865,38.88324],[-77.22865,38.88324],[-77.22864,38.88324],[-77.22864,38.88324],[-77.22864,38.88324],[-77.22863,38.88324],[-77.22863,38.88324],[-77.22863,38.88325],[-77.22862,38.88325],[-77.22862,38.88325],[-77.22862,38.88325],[-77.22861,38.88325],[-77.22861,38.88325],[-77.22861,38.88325],[-77.2286,38.88325],[-77.2286,38.88325],[-77.2286,38.88326],[-77.22859,38.88326],[-77.22859,38.88326],[-77.22859,38.88326],[-77.22858,38.88326],[-77.22858,38.88326],[-77.22858,38.88326],[-77.22857,38.88326],[-77.22857,38.88326],[-77.22857,38.88327],[-77.22856,38.88327],[-77.22856,38.88327],[-77.22856,38.88327],[-77.22855,38.88327],[-77.22855,38.88327],[-77.22855,38.88327],[-77.22855,38.88327],[-77.22854,38.88327],[-77.22854,38.88327],[-77.22854,38.88328],[-77.22853,38.88328],[-77.22853,38.88328],[-77.22853,38.88328],[-77.22852,38.88328],[-77.22852,38.88328],[-77.22852,38.88328],[-77.22851,38.88328],[-77.22851,38.88328],[-77.22851,38.88329],[-77.2285,38.88329],[-77.2285,38.88329],[-77.2285,38.88329],[-77.22849,38.88329],[-77.22849,38.88329],[-77.22849,38.88329],[-77.22848,38.88329],[-77.22848,38.88329],[-77.22848,38.8833],[-77.22847,38.8833],[-77.22847,38.8833],[-77.22847,38.8833],[-77.22846,38.8833],[-77.22846,38.8833],[-77.22846,38.8833],[-77.22846,38.8833],[-77.22824,38.88337],[-77.2263,38.88402],[-77.22607,38.8841],[-77.22607,38.8841],[-77.22606,38.8841],[-77.22606,38.8841],[-77.22606,38.8841],[-77.22605,38.8841],[-77.22605,38.8841],[-77.22605,38.8841],[-77.22604,38.8841],[-77.22604,38.88411],[-77.22604,38.88411],[-77.22603,38.88411],[-77.22603,38.88411],[-77.22603,38.88411],[-77.22602,38.88411],[-77.22602,38.88411],[-77.22602,38.88411],[-77.22602,38.88411],[-77.22601,38.88411],[-77.22601,38.88412],[-77.22601,38.88412],[-77.226,38.88412],[-77.226,38.88412],[-77.226,38.88412],[-77.22599,38.88412],[-77.22599,38.88412],[-77.22599,38.88412],[-77.22598,38.88412],[-77.22598,38.88413],[-77.22598,38.88413],[-77.22597,38.88413],[-77.22597,38.88413],[-77.22597,38.88413],[-77.22596,38.88413],[-77.22596,38.88413],[-77.22596,38.88413],[-77.22595,38.88413],[-77.22595,38.88414],[-77.22595,38.88414],[-77.22594,38.88414],[-77.22594,38.88414],[-77.22594,38.88414],[-77.22593,38.88414],[-77.22593,38.88414],[-77.22593,38.88414],[-77.22592,38.88414],[-77.22592,38.88414],[-77.22592,38.88415],[-77.22591,38.88415],[-77.22591,38.88415],[-77.22591,38.88415],[-77.22591,38.88415],[-77.2259,38.88415],[-77.2259,38.88415],[-77.2259,38.88415],[-77.22589,38.88415],[-77.22589,38.88416],[-77.22589,38.88416],[-77.22588,38.88416],[-77.22588,38.88416],[-77.22588,38.88416],[-77.22587,38.88416],[-77.22587,38.88416],[-77.22587,38.88416],[-77.22586,38.88416],[-77.22586,38.88417],[-77.22586,38.88417],[-77.22585,38.88417],[-77.22585,38.88417],[-77.22585,38.88417],[-77.22584,38.88417],[-77.22584,38.88417],[-77.22584,38.88417],[-77.22583,38.88417],[-77.22583,38.88417],[-77.22583,38.88418],[-77.22582,38.88418],[-77.22582,38.88418],[-77.22582,38.88418],[-77.22581,38.88418],[-77.22581,38.88418],[-77.22581,38.88418],[-77.2258,38.88418],[-77.2258,38.88418],[-77.2258,38.88419],[-77.22579,38.88419],[-77.22579,38.88419],[-77.22579,38.88419],[-77.22579,38.88419],[-77.22578,38.88419],[-77.22578,38.88419],[-77.22578,38.88419],[-77.22577,38.88419],[-77.22577,38.88419],[-77.22577,38.8842],[-77.22576,38.8842],[-77.22576,38.8842],[-77.22576,38.8842],[-77.22575,38.8842],[-77.22575,38.8842],[-77.22575,38.8842],[-77.22574,38.8842],[-77.22574,38.8842],[-77.22574,38.88421],[-77.22573,38.88421],[-77.22573,38.88421],[-77.22573,38.88421],[-77.22572,38.88421],[-77.22572,38.88421],[-77.22572,38.88421],[-77.22571,38.88421],[-77.22571,38.88421],[-77.22571,38.88421],[-77.2257,38.88422],[-77.2257,38.88422],[-77.2257,38.88422],[-77.22569,38.88422],[-77.22569,38.88422],[-77.22569,38.88422],[-77.22568,38.88422],[-77.22568,38.88422],[-77.22568,38.88422],[-77.22567,38.88423],[-77.22567,38.88423],[-77.22567,38.88423],[-77.22567,38.88423],[-77.22566,38.88423],[-77.22566,38.88423],[-77.22566,38.88423],[-77.22565,38.88423],[-77.22565,38.88423],[-77.22565,38.88423],[-77.22564,38.88424],[-77.22564,38.88424],[-77.22564,38.88424],[-77.22563,38.88424],[-77.22563,38.88424],[-77.22563,38.88424],[-77.22562,38.88424],[-77.22562,38.88424],[-77.22562,38.88424],[-77.22561,38.88424],[-77.22561,38.88425],[-77.22561,38.88425],[-77.2256,38.88425],[-77.2256,38.88425],[-77.2256,38.88425],[-77.22559,38.88425],[-77.22559,38.88425],[-77.22559,38.88425],[-77.22558,38.88425],[-77.22558,38.88426],[-77.22558,38.88426],[-77.22557,38.88426],[-77.22557,38.88426],[-77.22557,38.88426],[-77.22556,38.88426],[-77.22556,38.88426],[-77.22556,38.88426],[-77.22555,38.88426],[-77.22555,38.88426],[-77.22555,38.88427],[-77.22554,38.88427],[-77.22554,38.88427],[-77.22554,38.88427],[-77.22553,38.88427],[-77.22553,38.88427],[-77.22553,38.88427],[-77.22553,38.88427],[-77.22552,38.88427],[-77.22552,38.88427],[-77.22552,38.88428],[-77.22551,38.88428],[-77.22551,38.88428],[-77.22551,38.88428],[-77.2255,38.88428],[-77.2255,38.88428],[-77.2255,38.88428],[-77.22549,38.88428],[-77.22549,38.88428],[-77.22549,38.88429],[-77.22548,38.88429],[-77.22548,38.88429],[-77.22548,38.88429],[-77.22547,38.88429],[-77.22547,38.88429],[-77.22547,38.88429],[-77.22546,38.88429],[-77.22546,38.88429],[-77.22546,38.88429],[-77.22545,38.8843],[-77.22545,38.8843],[-77.22545,38.8843],[-77.22544,38.8843],[-77.22544,38.8843],[-77.22544,38.8843],[-77.22543,38.8843],[-77.22543,38.8843],[-77.22543,38.8843],[-77.22542,38.8843],[-77.22542,38.88431],[-77.22463,38.88455],[-77.22463,38.88456],[-77.22463,38.88456],[-77.22462,38.88456],[-77.22462,38.88456],[-77.22462,38.88456],[-77.22461,38.88456],[-77.22461,38.88456],[-77.22461,38.88456],[-77.2246,38.88456],[-77.2246,38.88456],[-77.2246,38.88457],[-77.22459,38.88457],[-77.22459,38.88457],[-77.22459,38.88457],[-77.22458,38.88457],[-77.22458,38.88457],[-77.22458,38.88457],[-77.22457,38.88457],[-77.22457,38.88457],[-77.22457,38.88458],[-77.22456,38.88458],[-77.22456,38.88458],[-77.22456,38.88458],[-77.22455,38.88458],[-77.22455,38.88458],[-77.22455,38.88458],[-77.22454,38.88458],[-77.22454,38.88458],[-77.22454,38.88458],[-77.22453,38.88459],[-77.22453,38.88459],[-77.22453,38.88459],[-77.22452,38.88459],[-77.22452,38.88459],[-77.22452,38.88459],[-77.22451,38.88459],[-77.22451,38.88459],[-77.22451,38.88459],[-77.2245,38.88459],[-77.2245,38.8846],[-77.2245,38.8846],[-77.22449,38.8846],[-77.22449,38.8846],[-77.22449,38.8846],[-77.22449,38.8846],[-77.22448,38.8846],[-77.22448,38.8846],[-77.22448,38.8846],[-77.22447,38.88461],[-77.22447,38.88461],[-77.22447,38.88461],[-77.22446,38.88461],[-77.22446,38.88461],[-77.22446,38.88461],[-77.22445,38.88461],[-77.22445,38.88461],[-77.22445,38.88461],[-77.22444,38.88461],[-77.22444,38.88462],[-77.22444,38.88462],[-77.22443,38.88462],[-77.22443,38.88462],[-77.22443,38.88462],[-77.22442,38.88462],[-77.22442,38.88462],[-77.22442,38.88462],[-77.22441,38.88462],[-77.22441,38.88462],[-77.22441,38.88463],[-77.2244,38.88463],[-77.2244,38.88463],[-77.2244,38.88463],[-77.22439,38.88463],[-77.22439,38.88463],[-77.22439,38.88463],[-77.22438,38.88463],[-77.22438,38.88463],[-77.22438,38.88463],[-77.22437,38.88464],[-77.22437,38.88464],[-77.22437,38.88464],[-77.22436,38.88464],[-77.22436,38.88464],[-77.22436,38.88464],[-77.22436,38.88464],[-77.22435,38.88464],[-77.22435,38.88464],[-77.22435,38.88465],[-77.22434,38.88465],[-77.22434,38.88465],[-77.22434,38.88465],[-77.22433,38.88465],[-77.22433,38.88465],[-77.22433,38.88465],[-77.22432,38.88465],[-77.22432,38.88465],[-77.22432,38.88465],[-77.22431,38.88466],[-77.22431,38.88466],[-77.22431,38.88466],[-77.2243,38.88466],[-77.2243,38.88466],[-77.2243,38.88466],[-77.22429,38.88466],[-77.22429,38.88466],[-77.22429,38.88466],[-77.22428,38.88467],[-77.22428,38.88467],[-77.22428,38.88467],[-77.22427,38.88467],[-77.22427,38.88467],[-77.22427,38.88467],[-77.22426,38.88467],[-77.22426,38.88467],[-77.22426,38.88467],[-77.22425,38.88467],[-77.22425,38.88468],[-77.22425,38.88468],[-77.22424,38.88468],[-77.22424,38.88468],[-77.22424,38.88468],[-77.22423,38.88468],[-77.22423,38.88468],[-77.22423,38.88468],[-77.22423,38.88468],[-77.22422,38.88469],[-77.22422,38.88469],[-77.22422,38.88469],[-77.22421,38.88469],[-77.22421,38.88469],[-77.22421,38.88469],[-77.2242,38.88469],[-77.2242,38.88469],[-77.2242,38.88469],[-77.22419,38.88469],[-77.22419,38.8847],[-77.22419,38.8847],[-77.22418,38.8847],[-77.22418,38.8847],[-77.22418,38.8847],[-77.22417,38.8847],[-77.22417,38.8847],[-77.22417,38.8847],[-77.22416,38.8847],[-77.22416,38.88471],[-77.22416,38.88471],[-77.22415,38.88471],[-77.22415,38.88471],[-77.22415,38.88471],[-77.22414,38.88471],[-77.22414,38.88471],[-77.22414,38.88471],[-77.22413,38.88471],[-77.22413,38.88471],[-77.22413,38.88472],[-77.22412,38.88472],[-77.22412,38.88472],[-77.22412,38.88472],[-77.22411,38.88472],[-77.22411,38.88472],[-77.22411,38.88472],[-77.22411,38.88472],[-77.2241,38.88472],[-77.2241,38.88473],[-77.2241,38.88473],[-77.22409,38.88473],[-77.22409,38.88473],[-77.22409,38.88473],[-77.22408,38.88473],[-77.22408,38.88473],[-77.22408,38.88473],[-77.22407,38.88473],[-77.22407,38.88474],[-77.22407,38.88474],[-77.22406,38.88474],[-77.22406,38.88474],[-77.22406,38.88474],[-77.22405,38.88474],[-77.22405,38.88474],[-77.22405,38.88474],[-77.22404,38.88474],[-77.22404,38.88474],[-77.22404,38.88475],[-77.22403,38.88475],[-77.22403,38.88475],[-77.22403,38.88475],[-77.22402,38.88475],[-77.22402,38.88475],[-77.22402,38.88475],[-77.22401,38.88475],[-77.22401,38.88475],[-77.22401,38.88476],[-77.22401,38.88476],[-77.224,38.88476],[-77.224,38.88476],[-77.224,38.88476],[-77.22399,38.88476],[-77.22399,38.88476],[-77.22399,38.88476],[-77.22398,38.88476],[-77.22398,38.88477],[-77.22398,38.88477],[-77.22397,38.88477],[-77.22397,38.88477],[-77.22397,38.88477],[-77.22396,38.88477],[-77.22396,38.88477],[-77.22396,38.88477],[-77.22395,38.88477],[-77.22395,38.88478],[-77.22395,38.88478],[-77.22394,38.88478],[-77.22394,38.88478],[-77.22394,38.88478],[-77.22393,38.88478],[-77.22393,38.88478],[-77.22393,38.88478],[-77.22392,38.88478],[-77.22392,38.88479],[-77.22392,38.88479],[-77.22391,38.88479],[-77.22391,38.88479],[-77.22391,38.88479],[-77.22391,38.88479],[-77.2239,38.88479],[-77.2239,38.88479],[-77.2239,38.88479],[-77.22389,38.8848],[-77.22389,38.8848],[-77.22389,38.8848],[-77.22388,38.8848],[-77.22388,38.8848],[-77.22388,38.8848],[-77.22387,38.8848],[-77.22387,38.8848],[-77.22387,38.8848],[-77.22386,38.88481],[-77.22386,38.88481],[-77.22386,38.88481],[-77.22385,38.88481],[-77.22385,38.88481],[-77.22385,38.88481],[-77.22384,38.88481],[-77.22384,38.88481],[-77.22384,38.88481],[-77.22383,38.88482],[-77.22383,38.88482],[-77.22383,38.88482],[-77.22382,38.88482],[-77.22382,38.88482],[-77.22382,38.88482],[-77.22382,38.88482],[-77.22381,38.88482],[-77.22381,38.88482],[-77.22381,38.88483],[-77.2238,38.88483],[-77.2238,38.88483],[-77.2238,38.88483],[-77.22379,38.88483],[-77.22379,38.88483],[-77.22379,38.88483],[-77.22378,38.88483],[-77.22378,38.88483],[-77.22378,38.88484],[-77.22377,38.88484],[-77.22377,38.88484],[-77.22377,38.88484],[-77.22376,38.88484],[-77.22376,38.88484],[-77.22376,38.88484],[-77.22375,38.88484],[-77.22375,38.88484],[-77.22375,38.88485],[-77.22374,38.88485],[-77.22374,38.88485],[-77.22374,38.88485],[-77.22374,38.88485],[-77.22373,38.88485],[-77.22373,38.88485],[-77.22373,38.88485],[-77.22372,38.88486],[-77.22372,38.88486],[-77.22372,38.88486],[-77.22371,38.88486],[-77.22371,38.88486],[-77.22371,38.88486],[-77.2237,38.88486],[-77.2237,38.88486],[-77.2237,38.88486],[-77.22369,38.88487],[-77.22369,38.88487],[-77.22369,38.88487],[-77.22368,38.88487],[-77.22368,38.88487],[-77.22368,38.88487],[-77.22367,38.88487],[-77.22367,38.88487],[-77.22367,38.88488],[-77.22367,38.88488],[-77.22366,38.88488],[-77.22366,38.88488],[-77.22366,38.88488],[-77.22365,38.88488],[-77.22365,38.88488],[-77.22365,38.88488],[-77.22364,38.88488],[-77.22364,38.88489],[-77.22364,38.88489],[-77.22363,38.88489],[-77.22363,38.88489],[-77.22363,38.88489],[-77.22362,38.88489],[-77.22362,38.88489],[-77.22362,38.88489],[-77.22361,38.88489],[-77.22361,38.8849],[-77.22361,38.8849],[-77.22361,38.8849],[-77.2236,38.8849],[-77.2236,38.8849],[-77.2236,38.8849],[-77.22359,38.8849],[-77.22359,38.8849],[-77.22359,38.88491],[-77.22358,38.88491],[-77.22358,38.88491],[-77.22358,38.88491],[-77.22357,38.88491],[-77.22357,38.88491],[-77.22357,38.88491],[-77.22356,38.88491],[-77.22356,38.88492],[-77.22356,38.88492],[-77.22355,38.88492],[-77.22355,38.88492],[-77.22355,38.88492],[-77.22355,38.88492],[-77.22354,38.88492],[-77.22354,38.88492],[-77.22354,38.88492],[-77.22353,38.88493],[-77.22353,38.88493],[-77.22353,38.88493],[-77.22352,38.88493],[-77.22352,38.88493],[-77.22352,38.88493],[-77.22351,38.88493],[-77.22351,38.88493],[-77.22351,38.88494],[-77.2235,38.88494],[-77.2235,38.88494],[-77.2235,38.88494],[-77.22349,38.88494],[-77.22349,38.88494],[-77.22349,38.88494],[-77.22349,38.88494],[-77.22348,38.88495],[-77.22348,38.88495],[-77.22348,38.88495],[-77.22347,38.88495],[-77.22347,38.88495],[-77.22347,38.88495],[-77.22346,38.88495],[-77.22346,38.88495],[-77.22346,38.88496],[-77.22345,38.88496],[-77.22345,38.88496],[-77.22345,38.88496],[-77.22344,38.88496],[-77.22344,38.88496],[-77.22344,38.88496],[-77.22343,38.88496],[-77.22343,38.88497],[-77.22343,38.88497],[-77.22343,38.88497],[-77.22342,38.88497],[-77.22342,38.88497],[-77.22342,38.88497],[-77.22341,38.88497],[-77.22341,38.88497],[-77.22341,38.88498],[-77.2234,38.88498],[-77.2234,38.88498],[-77.2234,38.88498],[-77.22339,38.88498],[-77.22339,38.88498],[-77.22339,38.88498],[-77.22338,38.88498],[-77.22338,38.88499],[-77.22338,38.88499],[-77.22338,38.88499],[-77.22337,38.88499],[-77.22337,38.88499],[-77.22337,38.88499],[-77.22336,38.88499],[-77.22336,38.88499],[-77.22336,38.88499],[-77.22335,38.885],[-77.22335,38.885],[-77.22335,38.885],[-77.22334,38.885],[-77.22334,38.885],[-77.22334,38.885],[-77.22333,38.885],[-77.22333,38.885],[-77.22333,38.88501],[-77.22333,38.88501],[-77.22332,38.88501],[-77.22332,38.88501],[-77.22332,38.88501],[-77.22331,38.88501],[-77.22331,38.88501],[-77.22331,38.88502],[-77.2233,38.88502],[-77.2233,38.88502],[-77.2233,38.88502],[-77.22329,38.88502],[-77.22329,38.88502],[-77.22329,38.88502],[-77.22328,38.88502],[-77.22328,38.88503],[-77.22328,38.88503],[-77.22328,38.88503],[-77.22327,38.88503],[-77.22327,38.88503],[-77.22327,38.88503],[-77.22326,38.88503],[-77.22326,38.88503],[-77.22326,38.88504],[-77.22325,38.88504],[-77.22325,38.88504],[-77.22325,38.88504],[-77.22324,38.88504],[-77.22324,38.88504],[-77.22324,38.88504],[-77.22323,38.88504],[-77.22323,38.88505],[-77.22323,38.88505],[-77.22323,38.88505],[-77.22322,38.88505],[-77.22322,38.88505],[-77.22322,38.88505],[-77.22321,38.88505],[-77.22321,38.88505],[-77.22321,38.88506],[-77.2232,38.88506],[-77.2232,38.88506],[-77.2232,38.88506],[-77.22319,38.88506],[-77.22319,38.88506],[-77.22319,38.88506],[-77.22319,38.88506],[-77.22318,38.88507],[-77.22318,38.88507],[-77.22318,38.88507],[-77.22317,38.88507],[-77.22317,38.88507],[-77.22317,38.88507],[-77.22316,38.88507],[-77.22316,38.88507],[-77.22316,38.88508],[-77.22315,38.88508],[-77.22315,38.88508],[-77.22315,38.88508],[-77.22314,38.88508],[-77.22314,38.88508],[-77.22314,38.88508],[-77.22314,38.88509],[-77.22313,38.88509],[-77.22313,38.88509],[-77.22313,38.88509],[-77.22312,38.88509],[-77.22312,38.88509],[-77.22312,38.88509],[-77.22311,38.88509],[-77.22311,38.8851],[-77.22311,38.8851],[-77.2231,38.8851],[-77.2231,38.8851],[-77.2231,38.8851],[-77.2231,38.8851],[-77.22309,38.8851],[-77.22309,38.8851],[-77.22309,38.88511],[-77.22308,38.88511],[-77.22308,38.88511],[-77.22308,38.88511],[-77.22307,38.88511],[-77.22307,38.88511],[-77.22307,38.88511],[-77.22306,38.88511],[-77.22306,38.88512],[-77.22306,38.88512],[-77.22305,38.88512],[-77.22305,38.88512],[-77.22305,38.88512],[-77.22305,38.88512],[-77.22304,38.88512],[-77.22304,38.88513],[-77.22304,38.88513],[-77.22303,38.88513],[-77.22303,38.88513],[-77.22303,38.88513],[-77.22302,38.88513],[-77.22302,38.88513],[-77.22302,38.88513],[-77.22301,38.88514],[-77.22301,38.88514],[-77.22301,38.88514],[-77.22301,38.88514],[-77.223,38.88514],[-77.223,38.88514],[-77.223,38.88514],[-77.22299,38.88514],[-77.22299,38.88515],[-77.22299,38.88515],[-77.22298,38.88515],[-77.22298,38.88515],[-77.22298,38.88515],[-77.22297,38.88515],[-77.22297,38.88515],[-77.22297,38.88515],[-77.22296,38.88516],[-77.22296,38.88516],[-77.22296,38.88516],[-77.22296,38.88516],[-77.22295,38.88516],[-77.22295,38.88516],[-77.22295,38.88516],[-77.22294,38.88517],[-77.22294,38.88517],[-77.22294,38.88517],[-77.22293,38.88517],[-77.22293,38.88517],[-77.22293,38.88517],[-77.22292,38.88517],[-77.22292,38.88517],[-77.22292,38.88518],[-77.22292,38.88518],[-77.22291,38.88518],[-77.22291,38.88518],[-77.22291,38.88518],[-77.2229,38.88518],[-77.2229,38.88518],[-77.2229,38.88519],[-77.22289,38.88519],[-77.22289,38.88519],[-77.22289,38.88519],[-77.22288,38.88519],[-77.22288,38.88519],[-77.22288,38.88519],[-77.22288,38.88519],[-77.22287,38.8852],[-77.22287,38.8852],[-77.22287,38.8852],[-77.22286,38.8852],[-77.22286,38.8852],[-77.22286,38.8852],[-77.22285,38.8852],[-77.22285,38.8852],[-77.22285,38.88521],[-77.22284,38.88521],[-77.22284,38.88521],[-77.22284,38.88521],[-77.22284,38.88521],[-77.22283,38.88521],[-77.22283,38.88521],[-77.22283,38.88522],[-77.22282,38.88522],[-77.22282,38.88522],[-77.22282,38.88522],[-77.22281,38.88522],[-77.22281,38.88522],[-77.22281,38.88522],[-77.2228,38.88522],[-77.2228,38.88523],[-77.2228,38.88523],[-77.2228,38.88523],[-77.22279,38.88523],[-77.22279,38.88523],[-77.22279,38.88523],[-77.22278,38.88523],[-77.22278,38.88523],[-77.22278,38.88524],[-77.22277,38.88524],[-77.22277,38.88524],[-77.22277,38.88524],[-77.22276,38.88524],[-77.22276,38.88524],[-77.22276,38.88524],[-77.22276,38.88525],[-77.22275,38.88525],[-77.22275,38.88525],[-77.22275,38.88525],[-77.22274,38.88525],[-77.22274,38.88525],[-77.22274,38.88525],[-77.22273,38.88525],[-77.22273,38.88526],[-77.22273,38.88526],[-77.21601,38.88811],[-77.21592,38.88815],[-77.21583,38.88819],[-77.21573,38.88823],[-77.21564,38.88827],[-77.21555,38.88831],[-77.21546,38.88835],[-77.21536,38.88839],[-77.21527,38.88843],[-77.21518,38.88847],[-77.21509,38.88851],[-77.2147,38.8887],[-77.21432,38.88889],[-77.21394,38.88909],[-77.21385,38.88914],[-77.21376,38.88918],[-77.21368,38.88923],[-77.21359,38.88928],[-77.21351,38.88933],[-77.21342,38.88938],[-77.21334,38.88942],[-77.21325,38.88947],[-77.21317,38.88952],[-77.21308,38.88957],[-77.19568,38.89962],[-77.19552,38.8997],[-77.19537,38.89979],[-77.19522,38.89988],[-77.19507,38.89996],[-77.19491,38.90004],[-77.19475,38.90012],[-77.19459,38.9002],[-77.19443,38.90027],[-77.19427,38.90034],[-77.1941,38.90041],[-77.19395,38.90046],[-77.1938,38.90051],[-77.19365,38.90056],[-77.19349,38.9006],[-77.19333,38.90064],[-77.19318,38.90067],[-77.19302,38.9007],[-77.19286,38.90072],[-77.1927,38.90074],[-77.19259,38.90075],[-77.19249,38.90076],[-77.19238,38.90077],[-77.19228,38.90078],[-77.19217,38.90078],[-77.19207,38.90079],[-77.19196,38.90079],[-77.19186,38.9008],[-77.19175,38.9008],[-77.19165,38.9008],[-77.19028,38.90085],[-77.18818,38.90091],[-77.18794,38.90092],[-77.18783,38.90092],[-77.18773,38.90092],[-77.18762,38.90093],[-77.18752,38.90093],[-77.18741,38.90093],[-77.18731,38.90093],[-77.1872,38.90093],[-77.1871,38.90092],[-77.18699,38.90092],[-77.18689,38.90091],[-77.18678,38.9009],[-77.18677,38.9009],[-77.18665,38.90089],[-77.18653,38.90087],[-77.18641,38.90085],[-77.1863,38.90083],[-77.18618,38.90081],[-77.18608,38.90078],[-77.18598,38.90076],[-77.18588,38.90073],[-77.18578,38.9007],[-77.18569,38.90067],[-77.18559,38.90064],[-77.18549,38.9006],[-77.1854,38.90057],[-77.1853,38.90054],[-77.1852,38.90051],[-77.18285,38.89968],[-77.18278,38.89966],[-77.18272,38.89964],[-77.18265,38.89962],[-77.18259,38.8996],[-77.18252,38.89957],[-77.18246,38.89955],[-77.1824,38.89953],[-77.18233,38.89951],[-77.18227,38.89949],[-77.1822,38.89946],[-77.18212,38.89943],[-77.18205,38.89941],[-77.18199,38.89939],[-77.18192,38.89937],[-77.18186,38.89935],[-77.18179,38.89933],[-77.18173,38.89931],[-77.18166,38.89929],[-77.1816,38.89927],[-77.18153,38.89925],[-77.18147,38.89923],[-77.18118,38.89913],[-77.18111,38.89911],[-77.18105,38.89909],[-77.18098,38.89907],[-77.18092,38.89905],[-77.18085,38.89903],[-77.18079,38.89901],[-77.18072,38.89899],[-77.18066,38.89897],[-77.18059,38.89895],[-77.18053,38.89893],[-77.18044,38.8989],[-77.18037,38.89888],[-77.18031,38.89885],[-77.18025,38.89883],[-77.18018,38.89881],[-77.18012,38.89879],[-77.18005,38.89877],[-77.17999,38.89874],[-77.17992,38.89872],[-77.17986,38.8987],[-77.1798,38.89868],[-77.17336,38.89644],[-77.17327,38.8964],[-77.17317,38.89637],[-77.17308,38.89634],[-77.17298,38.8963],[-77.17288,38.89627],[-77.17279,38.89623],[-77.17269,38.8962],[-77.1726,38.89616],[-77.1725,38.89613],[-77.17241,38.89609],[-77.17209,38.89596],[-77.17179,38.89582],[-77.17148,38.89568],[-77.17119,38.89552],[-77.1709,38.89536],[-77.17062,38.89519],[-77.17034,38.89502],[-77.17007,38.89483],[-77.16981,38.89464],[-77.16974,38.89459],[-77.16966,38.89453],[-77.16959,38.89447],[-77.16952,38.89441],[-77.16944,38.89435],[-77.16937,38.89429],[-77.1693,38.89423],[-77.16923,38.89417],[-77.16915,38.89411],[-77.16908,38.89405],[-77.16361,38.88947],[-77.16354,38.88941],[-77.16347,38.88935],[-77.16339,38.88929],[-77.16332,38.88923],[-77.16325,38.88917],[-77.16318,38.88911],[-77.1631,38.88906],[-77.16303,38.889],[-77.16296,38.88894],[-77.16288,38.88888],[-77.16256,38.88864],[-77.16223,38.88841],[-77.16189,38.88818],[-77.16154,38.88797],[-77.16118,38.88776],[-77.16081,38.88757],[-77.16044,38.88738],[-77.16005,38.88721],[-77.15966,38.88704],[-77.15926,38.88688],[-77.15917,38.88685],[-77.15907,38.88681],[-77.15898,38.88678],[-77.15888,38.88675],[-77.15879,38.88671],[-77.15869,38.88668],[-77.15859,38.88665],[-77.1585,38.88661],[-77.1584,38.88658],[-77.1583,38.88655],[-77.15789,38.8864],[-77.15595,38.88575],[-77.15465,38.88531],[-77.13916,38.88005],[-77.13907,38.88002],[-77.13897,38.87998],[-77.13887,38.87995],[-77.13878,38.87992],[-77.13868,38.87989],[-77.13858,38.87986],[-77.13848,38.87982],[-77.13839,38.87979],[-77.13829,38.87976],[-77.13819,38.87974],[-77.13792,38.87966],[-77.13766,38.8796],[-77.13739,38.87954],[-77.13711,38.87949],[-77.13684,38.87944],[-77.13657,38.87941],[-77.13629,38.87938],[-77.13601,38.87935],[-77.13573,38.87933],[-77.13545,38.87932],[-77.13535,38.87932],[-77.13524,38.87932],[-77.13514,38.87932],[-77.13503,38.87932],[-77.13492,38.87932],[-77.13482,38.87932],[-77.13471,38.87932],[-77.13461,38.87933],[-77.1345,38.87933],[-77.1344,38.87933],[-77.12941,38.87944],[-77.1294,38.87944],[-77.1294,38.87944],[-77.1294,38.87944],[-77.12939,38.87944],[-77.12939,38.87944],[-77.12939,38.87944],[-77.12938,38.87944],[-77.12938,38.87944],[-77.12938,38.87944],[-77.12937,38.87944],[-77.12937,38.87944],[-77.12937,38.87944],[-77.12936,38.87944],[-77.12936,38.87944],[-77.12936,38.87944],[-77.12935,38.87944],[-77.12935,38.87944],[-77.12934,38.87944],[-77.12934,38.87944],[-77.12934,38.87945],[-77.12933,38.87945],[-77.12933,38.87945],[-77.12933,38.87945],[-77.12932,38.87945],[-77.12932,38.87945],[-77.12932,38.87945],[-77.12931,38.87945],[-77.12931,38.87945],[-77.12931,38.87945],[-77.1293,38.87945],[-77.1293,38.87945],[-77.1293,38.87945],[-77.12929,38.87945],[-77.12929,38.87945],[-77.12929,38.87945],[-77.12928,38.87945],[-77.12928,38.87945],[-77.12927,38.87945],[-77.12927,38.87945],[-77.12927,38.87945],[-77.12926,38.87945],[-77.12926,38.87945],[-77.12926,38.87945],[-77.12925,38.87945],[-77.12925,38.87945],[-77.12925,38.87945],[-77.12924,38.87945],[-77.12924,38.87945],[-77.12924,38.87945],[-77.12923,38.87945],[-77.12923,38.87945],[-77.12923,38.87945],[-77.12922,38.87945],[-77.12922,38.87945],[-77.12921,38.87945],[-77.12921,38.87945],[-77.12921,38.87945],[-77.1292,38.87945],[-77.1292,38.87945],[-77.1292,38.87945],[-77.12919,38.87945],[-77.12919,38.87945],[-77.12919,38.87945],[-77.12918,38.87945],[-77.12918,38.87945],[-77.12918,38.87945],[-77.12917,38.87945],[-77.12917,38.87945],[-77.12917,38.87945],[-77.12916,38.87945],[-77.12916,38.87945],[-77.12916,38.87945],[-77.12915,38.87945],[-77.12915,38.87945],[-77.12914,38.87945],[-77.12914,38.87945],[-77.12914,38.87945],[-77.12913,38.87945],[-77.12913,38.87945],[-77.12913,38.87945],[-77.12912,38.87945],[-77.12912,38.87945],[-77.12912,38.87945],[-77.12911,38.87945],[-77.12911,38.87945],[-77.12911,38.87945],[-77.1291,38.87945],[-77.1291,38.87945],[-77.1291,38.87945],[-77.12909,38.87945],[-77.12909,38.87945],[-77.12908,38.87945],[-77.12908,38.87945],[-77.12908,38.87945],[-77.12907,38.87945],[-77.12907,38.87945],[-77.12907,38.87945],[-77.12906,38.87945],[-77.12906,38.87945],[-77.12906,38.87945],[-77.12905,38.87945],[-77.12905,38.87945],[-77.12905,38.87945],[-77.12904,38.87945],[-77.12904,38.87945],[-77.12904,38.87945],[-77.12903,38.87945],[-77.12903,38.87945],[-77.12903,38.87945],[-77.12902,38.87945],[-77.12902,38.87945],[-77.12901,38.87945],[-77.12901,38.87945],[-77.12901,38.87945],[-77.129,38.87945],[-77.129,38.87945],[-77.129,38.87945],[-77.12899,38.87945],[-77.12899,38.87945],[-77.12899,38.87945],[-77.12898,38.87945],[-77.12898,38.87945],[-77.12898,38.87945],[-77.12897,38.87945],[-77.12897,38.87945],[-77.12897,38.87945],[-77.12896,38.87946],[-77.12896,38.87946],[-77.12896,38.87946],[-77.12895,38.87946],[-77.12895,38.87946],[-77.12894,38.87946],[-77.12894,38.87946],[-77.12894,38.87946],[-77.12893,38.87946],[-77.12893,38.87946],[-77.12893,38.87946],[-77.12892,38.87946],[-77.12892,38.87946],[-77.12892,38.87946],[-77.12891,38.87946],[-77.12891,38.87946],[-77.12891,38.87946],[-77.1289,38.87946],[-77.1289,38.87946],[-77.1289,38.87946],[-77.12889,38.87946],[-77.12889,38.87946],[-77.12888,38.87946],[-77.12888,38.87946],[-77.12888,38.87946],[-77.12887,38.87946],[-77.12887,38.87946],[-77.12887,38.87946],[-77.12886,38.87946],[-77.12886,38.87946],[-77.12886,38.87946],[-77.12885,38.87946],[-77.12885,38.87946],[-77.12885,38.87946],[-77.12884,38.87946],[-77.12884,38.87946],[-77.12884,38.87946],[-77.12883,38.87946],[-77.12883,38.87946],[-77.12883,38.87946],[-77.12882,38.87946],[-77.12882,38.87946],[-77.12881,38.87946],[-77.12881,38.87946],[-77.12881,38.87946],[-77.1288,38.87946],[-77.1288,38.87946],[-77.1288,38.87946],[-77.12879,38.87946],[-77.12879,38.87946],[-77.12879,38.87946],[-77.12878,38.87946],[-77.12878,38.87946],[-77.12878,38.87946],[-77.12877,38.87946],[-77.12877,38.87946],[-77.12877,38.87946],[-77.12876,38.87946],[-77.12876,38.87946],[-77.12876,38.87946],[-77.12875,38.87946],[-77.12875,38.87946],[-77.12874,38.87946],[-77.12874,38.87946],[-77.12874,38.87946],[-77.12873,38.87946],[-77.12873,38.87946],[-77.12873,38.87946],[-77.12872,38.87946],[-77.12872,38.87946],[-77.12872,38.87946],[-77.12871,38.87946],[-77.12871,38.87946],[-77.12871,38.87947],[-77.1287,38.87947],[-77.1287,38.87947],[-77.1287,38.87947],[-77.12869,38.87947],[-77.12869,38.87947],[-77.12868,38.87947],[-77.12868,38.87947],[-77.12868,38.87947],[-77.12867,38.87947],[-77.12867,38.87947],[-77.12867,38.87947],[-77.12866,38.87947],[-77.12866,38.87947],[-77.12866,38.87947],[-77.12865,38.87947],[-77.12865,38.87947],[-77.12865,38.87947],[-77.12864,38.87947],[-77.12864,38.87947],[-77.12864,38.87947],[-77.12863,38.87947],[-77.12863,38.87947],[-77.12863,38.87947],[-77.12862,38.87947],[-77.12862,38.87947],[-77.12861,38.87947],[-77.12861,38.87947],[-77.12861,38.87947],[-77.1286,38.87947],[-77.1286,38.87947],[-77.1286,38.87947],[-77.12859,38.87947],[-77.12859,38.87947],[-77.12859,38.87947],[-77.12858,38.87947],[-77.12858,38.87947],[-77.12858,38.87947],[-77.12857,38.87947],[-77.12857,38.87947],[-77.12857,38.87947],[-77.12856,38.87947],[-77.12856,38.87947],[-77.12856,38.87947],[-77.12855,38.87947],[-77.12855,38.87947],[-77.12854,38.87947],[-77.12854,38.87947],[-77.12854,38.87947],[-77.12853,38.87947],[-77.12853,38.87947],[-77.12853,38.87947],[-77.12852,38.87948],[-77.12852,38.87948],[-77.12852,38.87948],[-77.12851,38.87948],[-77.12851,38.87948],[-77.12851,38.87948],[-77.1285,38.87948],[-77.1285,38.87948],[-77.1285,38.87948],[-77.12849,38.87948],[-77.12849,38.87948],[-77.12849,38.87948],[-77.12848,38.87948],[-77.12848,38.87948],[-77.12847,38.87948],[-77.12847,38.87948],[-77.12847,38.87948],[-77.12846,38.87948],[-77.12846,38.87948],[-77.12846,38.87948],[-77.12845,38.87948],[-77.12845,38.87948],[-77.12845,38.87948],[-77.12844,38.87948],[-77.12844,38.87948],[-77.12818,38.8795],[-77.12791,38.87953],[-77.12765,38.87957],[-77.12739,38.87961],[-77.12714,38.87966],[-77.12688,38.87971],[-77.12663,38.87977],[-77.12638,38.87984],[-77.12613,38.87992],[-77.12589,38.88],[-77.12565,38.88009],[-77.12541,38.88018],[-77.12518,38.88028],[-77.12495,38.88039],[-77.12495,38.88039],[-77.12495,38.88039],[-77.12494,38.88039],[-77.12494,38.88039],[-77.12494,38.88039],[-77.12493,38.88039],[-77.12493,38.8804],[-77.12493,38.8804],[-77.12493,38.8804],[-77.12492,38.8804],[-77.12492,38.8804],[-77.12492,38.8804],[-77.12491,38.8804],[-77.12491,38.88041],[-77.12491,38.88041],[-77.1249,38.88041],[-77.1249,38.88041],[-77.1249,38.88041],[-77.1249,38.88041],[-77.12489,38.88041],[-77.12489,38.88042],[-77.12489,38.88042],[-77.12488,38.88042],[-77.12488,38.88042],[-77.12488,38.88042],[-77.12488,38.88042],[-77.12487,38.88042],[-77.12487,38.88043],[-77.12487,38.88043],[-77.12486,38.88043],[-77.12486,38.88043],[-77.12486,38.88043],[-77.12485,38.88043],[-77.12485,38.88043],[-77.12485,38.88044],[-77.12485,38.88044],[-77.12484,38.88044],[-77.12484,38.88044],[-77.12484,38.88044],[-77.12483,38.88044],[-77.12483,38.88044],[-77.12483,38.88045],[-77.12482,38.88045],[-77.12482,38.88045],[-77.12482,38.88045],[-77.12482,38.88045],[-77.12481,38.88045],[-77.12481,38.88046],[-77.12481,38.88046],[-77.1248,38.88046],[-77.1248,38.88046],[-77.1248,38.88046],[-77.1248,38.88046],[-77.12479,38.88046],[-77.12479,38.88047],[-77.12479,38.88047],[-77.12478,38.88047],[-77.12478,38.88047],[-77.12478,38.88047],[-77.12477,38.88047],[-77.12477,38.88047],[-77.12477,38.88048],[-77.12477,38.88048],[-77.12476,38.88048],[-77.12476,38.88048],[-77.12476,38.88048],[-77.12475,38.88048],[-77.12475,38.88049],[-77.12475,38.88049],[-77.12474,38.88049],[-77.12474,38.88049],[-77.12474,38.88049],[-77.12474,38.88049],[-77.12473,38.88049],[-77.12473,38.8805],[-77.12473,38.8805],[-77.12472,38.8805],[-77.12472,38.8805],[-77.12472,38.8805],[-77.12472,38.8805],[-77.12471,38.8805],[-77.12471,38.88051],[-77.12471,38.88051],[-77.1247,38.88051],[-77.1247,38.88051],[-77.1247,38.88051],[-77.12469,38.88051],[-77.12469,38.88052],[-77.12469,38.88052],[-77.12469,38.88052],[-77.12468,38.88052],[-77.12468,38.88052],[-77.12468,38.88052],[-77.12467,38.88052],[-77.12467,38.88053],[-77.12467,38.88053],[-77.12467,38.88053],[-77.12466,38.88053],[-77.12466,38.88053],[-77.12466,38.88053],[-77.12465,38.88053],[-77.12465,38.88054],[-77.12465,38.88054],[-77.12465,38.88054],[-77.12464,38.88054],[-77.12464,38.88054],[-77.12464,38.88054],[-77.12463,38.88055],[-77.12463,38.88055],[-77.12463,38.88055],[-77.12462,38.88055],[-77.12462,38.88055],[-77.12462,38.88055],[-77.12462,38.88055],[-77.12461,38.88056],[-77.12461,38.88056],[-77.12461,38.88056],[-77.1246,38.88056],[-77.1246,38.88056],[-77.1246,38.88056],[-77.1246,38.88057],[-77.12459,38.88057],[-77.12459,38.88057],[-77.12459,38.88057],[-77.12458,38.88057],[-77.12458,38.88057],[-77.12458,38.88057],[-77.12458,38.88058],[-77.12457,38.88058],[-77.12457,38.88058],[-77.12457,38.88058],[-77.12456,38.88058],[-77.12456,38.88058],[-77.12456,38.88059],[-77.12455,38.88059],[-77.12455,38.88059],[-77.12455,38.88059],[-77.12455,38.88059],[-77.12454,38.88059],[-77.12454,38.88059],[-77.12454,38.8806],[-77.12453,38.8806],[-77.12453,38.8806],[-77.12453,38.8806],[-77.12453,38.8806],[-77.12452,38.8806],[-77.12452,38.88061],[-77.12452,38.88061],[-77.12451,38.88061],[-77.12451,38.88061],[-77.12451,38.88061],[-77.12451,38.88061],[-77.1245,38.88061],[-77.1245,38.88062],[-77.1245,38.88062],[-77.12449,38.88062],[-77.12449,38.88062],[-77.12449,38.88062],[-77.12449,38.88062],[-77.12448,38.88063],[-77.12448,38.88063],[-77.12448,38.88063],[-77.12447,38.88063],[-77.12447,38.88063],[-77.12447,38.88063],[-77.12446,38.88063],[-77.12446,38.88064],[-77.12446,38.88064],[-77.12446,38.88064],[-77.12445,38.88064],[-77.12445,38.88064],[-77.12445,38.88064],[-77.12444,38.88065],[-77.12444,38.88065],[-77.12444,38.88065],[-77.12444,38.88065],[-77.12443,38.88065],[-77.12443,38.88065],[-77.12443,38.88066],[-77.12442,38.88066],[-77.12442,38.88066],[-77.12442,38.88066],[-77.12442,38.88066],[-77.12441,38.88066],[-77.12441,38.88066],[-77.12441,38.88067],[-77.1244,38.88067],[-77.1244,38.88067],[-77.1244,38.88067],[-77.1244,38.88067],[-77.12439,38.88067],[-77.12439,38.88068],[-77.12439,38.88068],[-77.12438,38.88068],[-77.12438,38.88068],[-77.12438,38.88068],[-77.12438,38.88068],[-77.12437,38.88068],[-77.12437,38.88069],[-77.12437,38.88069],[-77.12436,38.88069],[-77.12436,38.88069],[-77.12436,38.88069],[-77.12436,38.88069],[-77.12435,38.8807],[-77.12435,38.8807],[-77.12435,38.8807],[-77.12434,38.8807],[-77.12434,38.8807],[-77.12434,38.8807],[-77.12433,38.88071],[-77.12433,38.88071],[-77.12433,38.88071],[-77.12433,38.88071],[-77.12432,38.88071],[-77.12432,38.88071],[-77.12432,38.88071],[-77.12431,38.88072],[-77.12431,38.88072],[-77.12431,38.88072],[-77.12431,38.88072],[-77.1243,38.88072],[-77.1243,38.88072],[-77.1243,38.88073],[-77.12429,38.88073],[-77.12429,38.88073],[-77.12429,38.88073],[-77.12429,38.88073],[-77.12428,38.88073],[-77.12428,38.88074],[-77.12428,38.88074],[-77.12427,38.88074],[-77.12427,38.88074],[-77.12427,38.88074],[-77.12427,38.88074],[-77.12426,38.88074],[-77.12426,38.88075],[-77.12426,38.88075],[-77.12425,38.88075],[-77.12425,38.88075],[-77.12425,38.88075],[-77.12425,38.88075],[-77.12424,38.88076],[-77.12424,38.88076],[-77.12424,38.88076],[-77.12423,38.88076],[-77.12423,38.88076],[-77.12423,38.88076],[-77.12423,38.88077],[-77.12422,38.88077],[-77.12422,38.88077],[-77.12422,38.88077],[-77.12421,38.88077],[-77.12421,38.88077],[-77.12421,38.88077],[-77.12421,38.88078],[-77.1242,38.88078],[-77.1242,38.88078],[-77.1242,38.88078],[-77.12419,38.88078],[-77.12419,38.88078],[-77.12419,38.88079],[-77.12419,38.88079],[-77.12418,38.88079],[-77.12418,38.88079],[-77.12418,38.88079],[-77.12417,38.88079],[-77.12417,38.8808],[-77.12417,38.8808],[-77.12417,38.8808],[-77.12416,38.8808],[-77.12416,38.8808],[-77.12416,38.8808],[-77.12415,38.8808],[-77.12415,38.88081],[-77.12415,38.88081],[-77.12389,38.88095],[-77.12386,38.88097],[-77.12386,38.88097],[-77.12385,38.88097],[-77.12385,38.88097],[-77.12385,38.88097],[-77.12384,38.88097],[-77.12384,38.88098],[-77.12384,38.88098],[-77.12384,38.88098],[-77.12383,38.88098],[-77.12383,38.88098],[-77.12383,38.88098],[-77.12382,38.88099],[-77.12382,38.88099],[-77.12382,38.88099],[-77.12381,38.88099],[-77.12381,38.88099],[-77.12381,38.88099],[-77.12381,38.88099],[-77.1238,38.881],[-77.1238,38.881],[-77.1238,38.881],[-77.12379,38.881],[-77.12379,38.881],[-77.12379,38.881],[-77.12379,38.88101],[-77.12378,38.88101],[-77.12378,38.88101],[-77.12378,38.88101],[-77.12377,38.88101],[-77.12377,38.88101],[-77.12377,38.88102],[-77.12377,38.88102],[-77.12376,38.88102],[-77.12376,38.88102],[-77.12376,38.88102],[-77.12375,38.88102],[-77.12375,38.88102],[-77.12375,38.88103],[-77.12375,38.88103],[-77.12374,38.88103],[-77.12374,38.88103],[-77.12374,38.88103],[-77.12373,38.88103],[-77.12373,38.88104],[-77.12373,38.88104],[-77.12373,38.88104],[-77.12372,38.88104],[-77.12372,38.88104],[-77.12372,38.88104],[-77.12371,38.88105],[-77.12371,38.88105],[-77.12371,38.88105],[-77.12371,38.88105],[-77.1237,38.88105],[-77.1237,38.88105],[-77.1237,38.88105],[-77.12369,38.88106],[-77.12369,38.88106],[-77.12369,38.88106],[-77.12369,38.88106],[-77.12368,38.88106],[-77.12368,38.88106],[-77.12368,38.88107],[-77.12367,38.88107],[-77.12367,38.88107],[-77.12367,38.88107],[-77.12367,38.88107],[-77.12366,38.88107],[-77.12366,38.88108],[-77.12366,38.88108],[-77.12365,38.88108],[-77.12365,38.88108],[-77.12365,38.88108],[-77.12364,38.88108],[-77.12364,38.88108],[-77.12364,38.88109],[-77.12364,38.88109],[-77.12363,38.88109],[-77.12363,38.88109],[-77.12363,38.88109],[-77.12362,38.88109],[-77.12362,38.8811],[-77.12362,38.8811],[-77.12362,38.8811],[-77.12361,38.8811],[-77.12361,38.8811],[-77.12361,38.8811],[-77.1236,38.8811],[-77.1236,38.88111],[-77.1236,38.88111],[-77.1236,38.88111],[-77.12359,38.88111],[-77.12359,38.88111],[-77.12359,38.88111],[-77.12358,38.88112],[-77.12358,38.88112],[-77.12358,38.88112],[-77.12358,38.88112],[-77.12357,38.88112],[-77.12357,38.88112],[-77.12357,38.88112],[-77.12356,38.88113],[-77.12356,38.88113],[-77.12356,38.88113],[-77.12356,38.88113],[-77.12355,38.88113],[-77.12355,38.88113],[-77.12355,38.88114],[-77.12354,38.88114],[-77.12354,38.88114],[-77.12354,38.88114],[-77.12353,38.88114],[-77.12353,38.88114],[-77.12353,38.88115],[-77.12353,38.88115],[-77.12352,38.88115],[-77.12352,38.88115],[-77.12352,38.88115],[-77.12351,38.88115],[-77.12351,38.88115],[-77.12351,38.88116],[-77.12351,38.88116],[-77.1235,38.88116],[-77.1235,38.88116],[-77.1235,38.88116],[-77.12349,38.88116],[-77.12349,38.88117],[-77.12349,38.88117],[-77.12349,38.88117],[-77.12348,38.88117],[-77.12348,38.88117],[-77.12348,38.88117],[-77.12347,38.88117],[-77.12347,38.88118],[-77.12347,38.88118],[-77.12347,38.88118],[-77.12346,38.88118],[-77.12346,38.88118],[-77.12346,38.88118],[-77.12345,38.88118],[-77.12345,38.88119],[-77.12345,38.88119],[-77.12344,38.88119],[-77.12344,38.88119],[-77.12344,38.88119],[-77.12344,38.88119],[-77.12343,38.8812],[-77.12343,38.8812],[-77.12343,38.8812],[-77.12342,38.8812],[-77.12342,38.8812],[-77.12342,38.8812],[-77.12342,38.8812],[-77.12341,38.88121],[-77.12341,38.88121],[-77.12341,38.88121],[-77.1234,38.88121],[-77.1234,38.88121],[-77.1234,38.88121],[-77.12339,38.88122],[-77.12339,38.88122],[-77.12339,38.88122],[-77.12339,38.88122],[-77.12338,38.88122],[-77.12338,38.88122],[-77.12338,38.88122],[-77.12337,38.88123],[-77.12337,38.88123],[-77.12337,38.88123],[-77.12337,38.88123],[-77.12336,38.88123],[-77.12336,38.88123],[-77.12336,38.88123],[-77.12335,38.88124],[-77.12335,38.88124],[-77.12335,38.88124],[-77.12334,38.88124],[-77.12334,38.88124],[-77.12334,38.88124],[-77.12334,38.88125],[-77.12333,38.88125],[-77.12333,38.88125],[-77.12333,38.88125],[-77.12332,38.88125],[-77.12332,38.88125],[-77.12332,38.88125],[-77.12332,38.88126],[-77.12331,38.88126],[-77.12331,38.88126],[-77.12331,38.88126],[-77.1233,38.88126],[-77.1233,38.88126],[-77.1233,38.88126],[-77.12329,38.88127],[-77.12329,38.88127],[-77.12329,38.88127],[-77.12329,38.88127],[-77.12328,38.88127],[-77.12328,38.88127],[-77.12328,38.88127],[-77.12327,38.88128],[-77.12327,38.88128],[-77.12327,38.88128],[-77.12326,38.88128],[-77.12326,38.88128],[-77.12326,38.88128],[-77.12326,38.88129],[-77.12325,38.88129],[-77.12325,38.88129],[-77.12325,38.88129],[-77.12324,38.88129],[-77.12324,38.88129],[-77.12324,38.88129],[-77.12324,38.8813],[-77.12323,38.8813],[-77.12323,38.8813],[-77.12323,38.8813],[-77.12322,38.8813],[-77.12322,38.8813],[-77.12322,38.8813],[-77.12321,38.88131],[-77.12321,38.88131],[-77.12321,38.88131],[-77.12321,38.88131],[-77.1232,38.88131],[-77.1232,38.88131],[-77.1232,38.88131],[-77.12319,38.88132],[-77.12319,38.88132],[-77.12319,38.88132],[-77.12318,38.88132],[-77.12318,38.88132],[-77.12318,38.88132],[-77.12318,38.88132],[-77.12317,38.88133],[-77.12317,38.88133],[-77.12317,38.88133],[-77.12316,38.88133],[-77.12316,38.88133],[-77.12316,38.88133],[-77.12315,38.88133],[-77.12315,38.88134],[-77.12315,38.88134],[-77.12315,38.88134],[-77.12314,38.88134],[-77.12314,38.88134],[-77.12314,38.88134],[-77.12313,38.88134],[-77.12313,38.88135],[-77.12313,38.88135],[-77.12312,38.88135],[-77.12312,38.88135],[-77.12312,38.88135],[-77.12311,38.88135],[-77.12311,38.88135],[-77.12311,38.88136],[-77.12311,38.88136],[-77.1231,38.88136],[-77.1231,38.88136],[-77.1231,38.88136],[-77.12309,38.88136],[-77.12309,38.88136],[-77.12309,38.88137],[-77.12308,38.88137],[-77.12308,38.88137],[-77.12308,38.88137],[-77.12308,38.88137],[-77.12307,38.88137],[-77.12307,38.88137],[-77.12307,38.88137],[-77.12306,38.88138],[-77.12306,38.88138],[-77.12306,38.88138],[-77.12305,38.88138],[-77.12305,38.88138],[-77.12305,38.88138],[-77.12305,38.88138],[-77.12304,38.88139],[-77.12304,38.88139],[-77.12304,38.88139],[-77.12303,38.88139],[-77.12303,38.88139],[-77.12303,38.88139],[-77.12302,38.88139],[-77.12302,38.8814],[-77.12302,38.8814],[-77.12301,38.8814],[-77.12301,38.8814],[-77.12301,38.8814],[-77.12301,38.8814],[-77.123,38.8814],[-77.123,38.88141],[-77.123,38.88141],[-77.12299,38.88141],[-77.12299,38.88141],[-77.12299,38.88141],[-77.12284,38.88147],[-77.12269,38.88153],[-77.12254,38.88158],[-77.12239,38.88163],[-77.12223,38.88168],[-77.12208,38.88172],[-77.12192,38.88176],[-77.12176,38.88179],[-77.1216,38.88182],[-77.12143,38.88185],[-77.12143,38.88185],[-77.12143,38.88185],[-77.12142,38.88185],[-77.12142,38.88185],[-77.12142,38.88185],[-77.12141,38.88185],[-77.12141,38.88185],[-77.12141,38.88185],[-77.1214,38.88185],[-77.1214,38.88185],[-77.1214,38.88185],[-77.12139,38.88185],[-77.12139,38.88185],[-77.12139,38.88185],[-77.12138,38.88185],[-77.12138,38.88185],[-77.12138,38.88186],[-77.12137,38.88186],[-77.12137,38.88186],[-77.12137,38.88186],[-77.12136,38.88186],[-77.12136,38.88186],[-77.12136,38.88186],[-77.12135,38.88186],[-77.12135,38.88186],[-77.12135,38.88186],[-77.12134,38.88186],[-77.12134,38.88186],[-77.12133,38.88186],[-77.12133,38.88186],[-77.12133,38.88186],[-77.12132,38.88186],[-77.12132,38.88186],[-77.12132,38.88186],[-77.12131,38.88186],[-77.12131,38.88186],[-77.12131,38.88186],[-77.1213,38.88186],[-77.1213,38.88187],[-77.1213,38.88187],[-77.12129,38.88187],[-77.12129,38.88187],[-77.12129,38.88187],[-77.12128,38.88187],[-77.12128,38.88187],[-77.12128,38.88187],[-77.12127,38.88187],[-77.12127,38.88187],[-77.12127,38.88187],[-77.12126,38.88187],[-77.12126,38.88187],[-77.12125,38.88187],[-77.12125,38.88187],[-77.12125,38.88187],[-77.12124,38.88187],[-77.12124,38.88187],[-77.12124,38.88187],[-77.12123,38.88187],[-77.12123,38.88187],[-77.12123,38.88187],[-77.12122,38.88187],[-77.12122,38.88187],[-77.12122,38.88187],[-77.12121,38.88188],[-77.12121,38.88188],[-77.12121,38.88188],[-77.1212,38.88188],[-77.1212,38.88188],[-77.1212,38.88188],[-77.12119,38.88188],[-77.12119,38.88188],[-77.12119,38.88188],[-77.12118,38.88188],[-77.12118,38.88188],[-77.12117,38.88188],[-77.12117,38.88188],[-77.12117,38.88188],[-77.12116,38.88188],[-77.12116,38.88188],[-77.12116,38.88188],[-77.12115,38.88188],[-77.12115,38.88188],[-77.12115,38.88188],[-77.12114,38.88188],[-77.12114,38.88188],[-77.12114,38.88188],[-77.12113,38.88188],[-77.12113,38.88188],[-77.12113,38.88188],[-77.12112,38.88188],[-77.12112,38.88189],[-77.12112,38.88189],[-77.12111,38.88189],[-77.12111,38.88189],[-77.12111,38.88189],[-77.1211,38.88189],[-77.1211,38.88189],[-77.12109,38.88189],[-77.12109,38.88189],[-77.12109,38.88189],[-77.12108,38.88189],[-77.12108,38.88189],[-77.12108,38.88189],[-77.12107,38.88189],[-77.12107,38.88189],[-77.12107,38.88189],[-77.12106,38.88189],[-77.12106,38.88189],[-77.12106,38.88189],[-77.12105,38.88189],[-77.12105,38.88189],[-77.12105,38.88189],[-77.12104,38.88189],[-77.12104,38.88189],[-77.12104,38.88189],[-77.12103,38.88189],[-77.12103,38.88189],[-77.12102,38.88189],[-77.12102,38.88189],[-77.12102,38.88189],[-77.12101,38.8819],[-77.12101,38.8819],[-77.12101,38.8819],[-77.121,38.8819],[-77.121,38.8819],[-77.121,38.8819],[-77.12099,38.8819],[-77.12099,38.8819],[-77.12099,38.8819],[-77.12098,38.8819],[-77.12098,38.8819],[-77.12098,38.8819],[-77.12097,38.8819],[-77.12097,38.8819],[-77.12097,38.8819],[-77.12096,38.8819],[-77.12096,38.8819],[-77.12096,38.8819],[-77.12095,38.8819],[-77.12095,38.8819],[-77.12094,38.8819],[-77.12094,38.8819],[-77.12094,38.8819],[-77.12093,38.8819],[-77.12093,38.8819],[-77.12093,38.8819],[-77.12092,38.8819],[-77.12092,38.8819],[-77.12092,38.8819],[-77.12091,38.8819],[-77.12091,38.8819],[-77.12091,38.8819],[-77.1209,38.8819],[-77.1209,38.88191],[-77.1209,38.88191],[-77.12089,38.88191],[-77.12089,38.88191],[-77.12089,38.88191],[-77.12088,38.88191],[-77.12088,38.88191],[-77.12087,38.88191],[-77.12087,38.88191],[-77.12087,38.88191],[-77.12086,38.88191],[-77.12086,38.88191],[-77.12086,38.88191],[-77.12085,38.88191],[-77.12085,38.88191],[-77.12085,38.88191],[-77.12084,38.88191],[-77.12084,38.88191],[-77.12084,38.88191],[-77.12083,38.88191],[-77.12083,38.88191],[-77.12083,38.88191],[-77.12082,38.88191],[-77.12082,38.88191],[-77.12082,38.88191],[-77.12081,38.88191],[-77.12081,38.88191],[-77.1208,38.88191],[-77.1208,38.88191],[-77.1208,38.88191],[-77.12079,38.88191],[-77.12079,38.88191],[-77.12079,38.88191],[-77.12078,38.88191],[-77.12078,38.88191],[-77.12078,38.88191],[-77.12077,38.88191],[-77.12077,38.88191],[-77.12077,38.88192],[-77.12076,38.88192],[-77.12076,38.88192],[-77.12076,38.88192],[-77.12075,38.88192],[-77.12075,38.88192],[-77.12075,38.88192],[-77.12074,38.88192],[-77.12074,38.88192],[-77.12073,38.88192],[-77.12073,38.88192],[-77.12073,38.88192],[-77.12072,38.88192],[-77.12072,38.88192],[-77.12072,38.88192],[-77.12071,38.88192],[-77.12071,38.88192],[-77.12071,38.88192],[-77.1207,38.88192],[-77.1207,38.88192],[-77.1207,38.88192],[-77.12069,38.88192],[-77.12069,38.88192],[-77.12069,38.88192],[-77.12068,38.88192],[-77.12068,38.88192],[-77.12068,38.88192],[-77.12067,38.88192],[-77.12067,38.88192],[-77.12066,38.88192],[-77.12066,38.88192],[-77.12066,38.88192],[-77.12065,38.88192],[-77.12065,38.88192],[-77.12065,38.88192],[-77.12064,38.88192],[-77.12064,38.88192],[-77.12064,38.88192],[-77.12063,38.88192],[-77.12063,38.88192],[-77.12063,38.88192],[-77.12062,38.88193],[-77.12062,38.88193],[-77.12062,38.88193],[-77.12061,38.88193],[-77.12061,38.88193],[-77.12061,38.88193],[-77.1206,38.88193],[-77.1206,38.88193],[-77.12059,38.88193],[-77.12059,38.88193],[-77.12059,38.88193],[-77.12058,38.88193],[-77.12058,38.88193],[-77.12058,38.88193],[-77.12057,38.88193],[-77.12057,38.88193],[-77.12057,38.88193],[-77.12056,38.88193],[-77.12056,38.88193],[-77.12056,38.88193],[-77.12055,38.88193],[-77.12055,38.88193],[-77.12055,38.88193],[-77.12054,38.88193],[-77.12054,38.88193],[-77.12054,38.88193],[-77.12053,38.88193],[-77.12053,38.88193],[-77.12052,38.88193],[-77.12052,38.88193],[-77.12052,38.88193],[-77.12051,38.88193],[-77.12051,38.88193],[-77.12051,38.88193],[-77.1205,38.88193],[-77.1205,38.88193],[-77.1205,38.88193],[-77.12049,38.88193],[-77.12049,38.88193],[-77.12049,38.88193],[-77.12048,38.88193],[-77.12048,38.88193],[-77.12048,38.88193],[-77.12047,38.88193],[-77.12047,38.88193],[-77.12047,38.88194],[-77.12046,38.88194],[-77.12046,38.88194],[-77.12045,38.88194],[-77.12045,38.88194],[-77.12045,38.88194],[-77.12044,38.88194],[-77.12044,38.88194],[-77.12044,38.88194],[-77.12043,38.88194],[-77.12043,38.88194],[-77.12043,38.88194],[-77.12042,38.88194],[-77.12042,38.88194],[-77.12042,38.88194],[-77.12041,38.88194],[-77.12041,38.88194],[-77.12041,38.88194],[-77.1204,38.88194],[-77.1204,38.88194],[-77.11687,38.88216],[-77.11687,38.88216],[-77.11686,38.88216],[-77.11686,38.88216],[-77.11686,38.88216],[-77.11685,38.88216],[-77.11685,38.88216],[-77.11685,38.88216],[-77.11684,38.88216],[-77.11684,38.88216],[-77.11684,38.88216],[-77.11683,38.88216],[-77.11683,38.88216],[-77.11682,38.88216],[-77.11682,38.88216],[-77.11682,38.88216],[-77.11681,38.88216],[-77.11681,38.88216],[-77.11681,38.88216],[-77.1168,38.88216],[-77.1168,38.88216],[-77.1168,38.88216],[-77.11679,38.88216],[-77.11679,38.88216],[-77.11679,38.88216],[-77.11678,38.88216],[-77.11678,38.88216],[-77.11678,38.88216],[-77.11677,38.88216],[-77.11677,38.88216],[-77.11676,38.88216],[-77.11676,38.88216],[-77.11676,38.88216],[-77.11675,38.88216],[-77.11675,38.88216],[-77.11675,38.88216],[-77.11674,38.88216],[-77.11674,38.88216],[-77.11674,38.88216],[-77.11673,38.88216],[-77.11673,38.88216],[-77.11673,38.88216],[-77.11672,38.88216],[-77.11672,38.88217],[-77.11672,38.88217],[-77.11671,38.88217],[-77.11671,38.88217],[-77.11671,38.88217],[-77.1167,38.88217],[-77.1167,38.88217],[-77.11669,38.88217],[-77.11669,38.88217],[-77.11669,38.88217],[-77.11668,38.88217],[-77.11668,38.88217],[-77.11668,38.88217],[-77.11667,38.88217],[-77.11667,38.88217],[-77.11667,38.88217],[-77.11666,38.88217],[-77.11666,38.88217],[-77.11666,38.88217],[-77.11665,38.88217],[-77.11665,38.88217],[-77.11665,38.88217],[-77.11664,38.88217],[-77.11664,38.88217],[-77.11664,38.88217],[-77.11663,38.88217],[-77.11663,38.88217],[-77.11662,38.88217],[-77.11662,38.88217],[-77.11662,38.88217],[-77.11661,38.88217],[-77.11661,38.88217],[-77.11661,38.88217],[-77.1166,38.88217],[-77.1166,38.88217],[-77.1166,38.88217],[-77.11659,38.88217],[-77.11659,38.88217],[-77.11659,38.88217],[-77.11658,38.88217],[-77.11658,38.88217],[-77.11658,38.88217],[-77.11657,38.88217],[-77.11657,38.88217],[-77.11657,38.88217],[-77.11656,38.88217],[-77.11656,38.88217],[-77.11655,38.88217],[-77.11655,38.88217],[-77.11655,38.88218],[-77.11654,38.88218],[-77.11654,38.88218],[-77.11654,38.88218],[-77.11653,38.88218],[-77.11653,38.88218],[-77.11653,38.88218],[-77.11652,38.88218],[-77.11652,38.88218],[-77.11652,38.88218],[-77.11651,38.88218],[-77.11651,38.88218],[-77.11651,38.88218],[-77.1165,38.88218],[-77.1165,38.88218],[-77.1165,38.88218],[-77.11649,38.88218],[-77.11649,38.88218],[-77.11648,38.88218],[-77.11648,38.88218],[-77.11648,38.88218],[-77.11647,38.88218],[-77.11647,38.88218],[-77.11647,38.88218],[-77.11646,38.88218],[-77.11646,38.88218],[-77.11646,38.88218],[-77.11645,38.88218],[-77.11645,38.88218],[-77.11645,38.88218],[-77.11644,38.88218],[-77.11644,38.88218],[-77.11644,38.88218],[-77.11643,38.88218],[-77.11643,38.88218],[-77.11643,38.88218],[-77.11642,38.88218],[-77.11642,38.88218],[-77.11641,38.88218],[-77.11641,38.88218],[-77.11641,38.88218],[-77.1164,38.88218],[-77.1164,38.88218],[-77.1164,38.88218],[-77.1164,38.88218],[-77.11593,38.88221],[-77.11593,38.88221],[-77.11593,38.88221],[-77.11592,38.88221],[-77.11592,38.88221],[-77.11592,38.88221],[-77.11591,38.88221],[-77.11591,38.88221],[-77.11591,38.88221],[-77.1159,38.88221],[-77.1159,38.88221],[-77.1159,38.88221],[-77.11589,38.88221],[-77.11589,38.88221],[-77.11588,38.88221],[-77.11588,38.88221],[-77.11588,38.88221],[-77.11587,38.88221],[-77.11587,38.88221],[-77.11587,38.88221],[-77.11586,38.88221],[-77.11586,38.88221],[-77.11586,38.88221],[-77.11585,38.88221],[-77.11585,38.88221],[-77.11585,38.88221],[-77.11584,38.88221],[-77.11584,38.88221],[-77.11584,38.88221],[-77.11583,38.88221],[-77.11583,38.88221],[-77.11583,38.88221],[-77.11582,38.88221],[-77.11582,38.88221],[-77.11581,38.88221],[-77.11581,38.88221],[-77.11581,38.88221],[-77.1158,38.88221],[-77.1158,38.88221],[-77.1158,38.88221],[-77.11579,38.88221],[-77.11579,38.88221],[-77.11579,38.88221],[-77.11578,38.88221],[-77.11578,38.88221],[-77.11578,38.88221],[-77.11577,38.88221],[-77.11577,38.88221],[-77.11577,38.88221],[-77.11576,38.88221],[-77.11576,38.88221],[-77.11576,38.88221],[-77.11575,38.88221],[-77.11575,38.88221],[-77.11574,38.88221],[-77.11574,38.88221],[-77.11574,38.88221],[-77.11573,38.88221],[-77.11573,38.88221],[-77.11573,38.88221],[-77.11572,38.88221],[-77.11572,38.88221],[-77.11572,38.88221],[-77.11571,38.88221],[-77.11571,38.88221],[-77.11571,38.88221],[-77.1157,38.88221],[-77.1157,38.88221],[-77.1157,38.88221],[-77.11569,38.88221],[-77.11569,38.88221],[-77.11568,38.88221],[-77.11568,38.88221],[-77.11568,38.88221],[-77.11567,38.88221],[-77.11567,38.88221],[-77.11567,38.88221],[-77.11566,38.88221],[-77.11566,38.88221],[-77.11566,38.88222],[-77.11565,38.88222],[-77.11565,38.88222],[-77.11565,38.88222],[-77.11564,38.88222],[-77.11564,38.88222],[-77.11564,38.88222],[-77.11563,38.88222],[-77.11563,38.88222],[-77.11563,38.88222],[-77.11562,38.88222],[-77.11562,38.88222],[-77.11561,38.88222],[-77.11561,38.88222],[-77.11561,38.88222],[-77.1156,38.88222],[-77.1156,38.88222],[-77.1156,38.88222],[-77.11559,38.88222],[-77.11559,38.88222],[-77.11559,38.88222],[-77.11558,38.88222],[-77.11558,38.88222],[-77.11558,38.88222],[-77.11557,38.88222],[-77.11557,38.88222],[-77.11557,38.88222],[-77.11556,38.88222],[-77.11556,38.88222],[-77.11556,38.88222],[-77.11555,38.88222],[-77.11555,38.88222],[-77.11554,38.88222],[-77.11554,38.88222],[-77.11554,38.88222],[-77.11553,38.88222],[-77.11553,38.88222],[-77.11553,38.88222],[-77.11552,38.88222],[-77.11552,38.88222],[-77.11552,38.88222],[-77.11551,38.88222],[-77.11551,38.88222],[-77.11551,38.88222],[-77.1155,38.88222],[-77.1155,38.88222],[-77.1155,38.88222],[-77.11549,38.88222],[-77.11549,38.88222],[-77.11548,38.88222],[-77.11548,38.88222],[-77.11548,38.88222],[-77.11547,38.88222],[-77.11547,38.88222],[-77.11547,38.88222],[-77.11546,38.88222],[-77.11546,38.88222],[-77.11546,38.88222],[-77.11545,38.88222],[-77.11545,38.88222],[-77.11545,38.88222],[-77.11544,38.88222],[-77.11544,38.88222],[-77.11544,38.88222],[-77.11543,38.88222],[-77.11543,38.88222],[-77.11543,38.88222],[-77.11542,38.88222],[-77.11542,38.88222],[-77.11541,38.88222],[-77.11541,38.88222],[-77.11541,38.88222],[-77.1154,38.88222],[-77.1154,38.88222],[-77.1154,38.88222],[-77.11539,38.88222],[-77.11539,38.88222],[-77.11539,38.88222],[-77.11538,38.88222],[-77.11538,38.88222],[-77.11538,38.88222],[-77.11537,38.88222],[-77.11537,38.88222],[-77.11537,38.88222],[-77.11536,38.88222],[-77.11536,38.88222],[-77.11535,38.88222],[-77.11535,38.88222],[-77.11535,38.88222],[-77.11534,38.88222],[-77.11534,38.88222],[-77.11534,38.88222],[-77.11533,38.88222],[-77.11533,38.88222],[-77.11533,38.88222],[-77.11532,38.88222],[-77.11532,38.88222],[-77.11532,38.88222],[-77.11531,38.88222],[-77.11531,38.88222],[-77.11531,38.88222],[-77.1153,38.88222],[-77.1153,38.88222],[-77.1153,38.88223],[-77.11529,38.88223],[-77.11529,38.88223],[-77.11528,38.88223],[-77.11528,38.88223],[-77.11528,38.88223],[-77.11527,38.88223],[-77.11527,38.88223],[-77.11527,38.88223],[-77.11526,38.88223],[-77.11526,38.88223],[-77.11526,38.88223],[-77.11525,38.88223],[-77.11525,38.88223],[-77.11525,38.88223],[-77.11524,38.88223],[-77.11524,38.88223],[-77.11524,38.88223],[-77.11523,38.88223],[-77.11523,38.88223],[-77.11522,38.88223],[-77.11522,38.88223],[-77.11428,38.88225],[-77.11217,38.88231],[-77.11092,38.88234],[-77.11089,38.88234],[-77.11085,38.88234],[-77.11082,38.88234],[-77.11078,38.88234],[-77.11075,38.88234],[-77.11071,38.88234],[-77.11068,38.88234],[-77.11064,38.88235],[-77.11061,38.88235],[-77.11057,38.88235],[-77.11022,38.88236],[-77.11019,38.88236],[-77.11015,38.88236],[-77.11012,38.88236],[-77.11008,38.88237],[-77.11005,38.88237],[-77.11001,38.88237],[-77.10998,38.88237],[-77.10994,38.88237],[-77.10991,38.88237],[-77.10987,38.88238],[-77.10619,38.88254],[-77.10611,38.88254],[-77.10602,38.88255],[-77.10593,38.88255],[-77.10585,38.88256],[-77.10576,38.88256],[-77.10568,38.88257],[-77.10559,38.88258],[-77.1055,38.88259],[-77.10542,38.8826],[-77.10533,38.88261],[-77.10525,38.88263],[-77.10516,38.88265],[-77.10508,38.88267],[-77.10499,38.88269],[-77.10491,38.88271],[-77.10483,38.88274],[-77.10475,38.88276],[-77.10467,38.88279],[-77.10459,38.88282],[-77.10451,38.88285],[-77.10443,38.88288],[-77.10436,38.88291],[-77.10428,38.88294],[-77.1042,38.88297],[-77.10419,38.88298],[-77.10397,38.88307],[-77.1021,38.88383],[-77.09924,38.885],[-77.09918,38.88503],[-77.09912,38.88505],[-77.09906,38.88508],[-77.09899,38.8851],[-77.09893,38.88513],[-77.09887,38.88516],[-77.09881,38.88518],[-77.09875,38.88521],[-77.09869,38.88523],[-77.09862,38.88526],[-77.09832,38.8854],[-77.09826,38.88542],[-77.0982,38.88545],[-77.09814,38.88548],[-77.09808,38.88551],[-77.09802,38.88554],[-77.09796,38.88556],[-77.0979,38.88559],[-77.09784,38.88562],[-77.09778,38.88565],[-77.09772,38.88568],[-77.09636,38.88633],[-77.09456,38.88718],[-77.09382,38.88754],[-77.09375,38.88757],[-77.09369,38.88759],[-77.09364,38.88762],[-77.09359,38.88764],[-77.09354,38.88767],[-77.09349,38.88769],[-77.09343,38.88772],[-77.09338,38.88774],[-77.09333,38.88776],[-77.09328,38.88779],[-77.09323,38.88781],[-77.09296,38.88792],[-77.09291,38.88794],[-77.09285,38.88797],[-77.0928,38.88799],[-77.09275,38.88801],[-77.09269,38.88803],[-77.09264,38.88805],[-77.09258,38.88807],[-77.09253,38.88809],[-77.09247,38.88811],[-77.09242,38.88813],[-77.09157,38.88844],[-77.09151,38.88847],[-77.09144,38.88849],[-77.09138,38.88852],[-77.09132,38.88854],[-77.09125,38.88856],[-77.09119,38.88859],[-77.09113,38.88861],[-77.09106,38.88863],[-77.091,38.88866],[-77.09094,38.88868],[-77.09062,38.8888],[-77.09056,38.88883],[-77.0905,38.88885],[-77.09043,38.88888],[-77.09037,38.8889],[-77.09031,38.88893],[-77.09025,38.88895],[-77.09018,38.88898],[-77.09012,38.889],[-77.09006,38.88903],[-77.09,38.88905],[-77.08811,38.88982],[-77.08628,38.89056],[-77.08624,38.89058],[-77.08575,38.89077],[-77.08569,38.8908],[-77.08563,38.89082],[-77.08557,38.89085],[-77.0855,38.89087],[-77.08544,38.8909],[-77.08538,38.89092],[-77.08532,38.89095],[-77.08525,38.89097],[-77.08519,38.89099],[-77.08513,38.89102],[-77.08482,38.89113],[-77.08451,38.89123],[-77.0842,38.89132],[-77.08388,38.8914],[-77.08356,38.89147],[-77.08324,38.89154],[-77.08291,38.8916],[-77.08258,38.89165],[-77.08225,38.89169],[-77.08218,38.89169],[-77.08211,38.8917],[-77.08204,38.89171],[-77.08197,38.89171],[-77.0819,38.89172],[-77.08183,38.89173],[-77.08176,38.89173],[-77.08169,38.89174],[-77.08162,38.89174],[-77.08155,38.89175],[-77.07366,38.89237],[-77.07358,38.89237],[-77.0735,38.89238],[-77.07343,38.89238],[-77.07335,38.89239],[-77.07327,38.8924],[-77.0732,38.89241],[-77.07312,38.89242],[-77.07304,38.89243],[-77.07297,38.89244],[-77.07289,38.89246],[-77.0728,38.89247],[-77.07272,38.8925],[-77.07263,38.89252],[-77.07254,38.89254],[-77.07246,38.89257],[-77.07237,38.8926],[-77.07229,38.89264],[-77.07221,38.89267],[-77.07213,38.89271],[-77.07205,38.89275],[-77.07198,38.89279],[-77.0719,38.89283],[-77.07183,38.89288],[-77.07176,38.89293],[-77.07169,38.89298],[-77.07163,38.89303],[-77.07157,38.89308],[-77.07151,38.89313],[-77.07145,38.89319],[-77.07139,38.89325],[-77.07134,38.89331],[-77.07129,38.89337],[-77.07124,38.89343],[-77.0712,38.89349],[-77.07115,38.89356],[-77.07111,38.89362],[-77.07108,38.89369],[-77.07105,38.89376],[-77.07102,38.89382],[-77.07099,38.89389],[-77.07096,38.89396],[-77.07094,38.89403],[-77.07093,38.8941],[-77.07091,38.89416],[-77.0709,38.89422],[-77.07089,38.89428],[-77.07089,38.89429],[-77.07089,38.89497],[-77.0709,38.89521],[-77.07098,38.89685],[-77.07098,38.89685],[-77.07099,38.89709],[-77.071,38.89722],[-77.071,38.89722],[-77.071,38.89729],[-77.071,38.89736],[-77.071,38.89736],[-77.071,38.89743],[-77.071,38.89743],[-77.071,38.8975],[-77.071,38.8975],[-77.071,38.89757],[-77.071,38.89757],[-77.071,38.89764],[-77.071,38.89764],[-77.071,38.89771],[-77.071,38.89771],[-77.071,38.89771],[-77.07099,38.89777],[-77.07099,38.89778],[-77.07098,38.89787],[-77.07098,38.89787],[-77.07098,38.89787],[-77.07096,38.89796],[-77.07096,38.89796],[-77.07094,38.89806],[-77.07094,38.89806],[-77.07094,38.89806],[-77.07091,38.89815],[-77.07091,38.89815],[-77.07088,38.89824],[-77.07088,38.89824],[-77.07088,38.89824],[-77.07085,38.89833],[-77.07085,38.89833],[-77.07081,38.89842],[-77.07081,38.89842],[-77.07081,38.89842],[-77.07077,38.89851],[-77.07077,38.89851],[-77.07073,38.8986],[-77.07073,38.8986],[-77.07073,38.8986],[-77.07068,38.89868],[-77.07068,38.89869],[-77.07063,38.89877],[-77.07063,38.89877],[-77.07063,38.89877],[-77.07057,38.89885],[-77.07057,38.89885],[-77.07051,38.89894],[-77.07051,38.89894],[-77.07051,38.89894],[-77.07045,38.89902],[-77.07045,38.89902],[-77.07038,38.89909],[-77.07038,38.8991],[-77.07038,38.8991],[-77.07031,38.89917],[-77.07031,38.89917],[-77.07031,38.89917],[-77.07024,38.89925],[-77.07024,38.89925],[-77.07016,38.89932],[-77.07016,38.89932],[-77.07008,38.89939],[-77.07008,38.89939],[-77.07008,38.89939],[-77.07,38.89946],[-77.07,38.89946],[-77.07,38.89946],[-77.06991,38.89953],[-77.06991,38.89953],[-77.06982,38.89959],[-77.06982,38.89959],[-77.06982,38.89959],[-77.06973,38.89965],[-77.06973,38.89965],[-77.06964,38.89971],[-77.06964,38.89971],[-77.06964,38.89971],[-77.06954,38.89977],[-77.06954,38.89977],[-77.06944,38.89982],[-77.06944,38.89982],[-77.06944,38.89982],[-77.06934,38.89987],[-77.06934,38.89988],[-77.06924,38.89992],[-77.06924,38.89992],[-77.06924,38.89992],[-77.06913,38.89997],[-77.06913,38.89997],[-77.06902,38.90001],[-77.06902,38.90001],[-77.06902,38.90001],[-77.06891,38.90005],[-77.06891,38.90005],[-77.0688,38.90009],[-77.0688,38.90009],[-77.0688,38.90009],[-77.06869,38.90012],[-77.06869,38.90012],[-77.06857,38.90015],[-77.06857,38.90015],[-77.06857,38.90015],[-77.06848,38.90018],[-77.06846,38.90018],[-77.06846,38.90018],[-77.06834,38.90021],[-77.06834,38.90021],[-77.06834,38.90021],[-77.06823,38.90023],[-77.06822,38.90023],[-77.06811,38.90025],[-77.06811,38.90025],[-77.06811,38.90025],[-77.06802,38.90026],[-77.06802,38.90026],[-77.06793,38.90027],[-77.06793,38.90027],[-77.06784,38.90028],[-77.06784,38.90028],[-77.06776,38.90029],[-77.06776,38.90029],[-77.06767,38.90029],[-77.06767,38.90029],[-77.06758,38.9003],[-77.06758,38.9003],[-77.06758,38.9003],[-77.06749,38.9003],[-77.0674,38.90031],[-77.0674,38.90031],[-77.0674,38.90031],[-77.06732,38.90031],[-77.06723,38.90032],[-77.06723,38.90032],[-77.05824,38.90071],[-77.05821,38.90071],[-77.05821,38.90071],[-77.05821,38.90071],[-77.05817,38.90071],[-77.05814,38.90071],[-77.05814,38.90071],[-77.05814,38.90071],[-77.0581,38.90072],[-77.05807,38.90072],[-77.05807,38.90072],[-77.05807,38.90072],[-77.05803,38.90072],[-77.058,38.90072],[-77.058,38.90072],[-77.058,38.90072],[-77.05796,38.90072],[-77.05793,38.90072],[-77.05793,38.90072],[-77.05793,38.90072],[-77.05789,38.90072],[-77.0566,38.90077],[-77.0566,38.90077],[-77.05531,38.90078],[-77.05531,38.90078],[-77.0552,38.90078],[-77.05517,38.90078],[-77.05517,38.90078],[-77.05496,38.90078],[-77.05116,38.90078],[-77.04905,38.90078],[-77.04769,38.90078],[-77.04726,38.90078],[-77.04719,38.90079],[-77.04705,38.90079],[-77.04698,38.90079],[-77.04691,38.9008],[-77.04684,38.9008],[-77.04678,38.90081],[-77.04668,38.90082],[-77.04659,38.90083],[-77.0465,38.90085],[-77.04641,38.90086],[-77.04635,38.90088],[-77.04628,38.90089],[-77.04621,38.90091],[-77.04615,38.90093],[-77.04608,38.90095],[-77.04602,38.90097],[-77.04595,38.90099],[-77.04595,38.90099],[-77.04589,38.90101],[-77.04582,38.90103],[-77.04582,38.90103],[-77.04576,38.90105],[-77.04554,38.90112],[-77.04554,38.90112],[-77.04547,38.90114],[-77.04541,38.90116],[-77.04541,38.90116],[-77.04534,38.90118],[-77.04534,38.90118],[-77.04528,38.9012],[-77.04521,38.90122],[-77.04521,38.90122],[-77.04514,38.90124],[-77.04514,38.90124],[-77.04508,38.90126],[-77.04508,38.90126],[-77.04508,38.90126],[-77.04501,38.90127],[-77.04501,38.90127],[-77.04494,38.90129],[-77.04494,38.90129],[-77.04487,38.90131],[-77.04487,38.90131],[-77.04487,38.90131],[-77.04478,38.90132],[-77.04477,38.90132],[-77.04468,38.90134],[-77.04468,38.90134],[-77.04468,38.90134],[-77.04458,38.90135],[-77.04458,38.90135],[-77.04448,38.90137],[-77.04448,38.90137],[-77.04448,38.90137],[-77.04441,38.90137],[-77.04441,38.90137],[-77.04434,38.90138],[-77.04434,38.90138],[-77.04427,38.90138],[-77.04427,38.90138],[-77.04427,38.90138],[-77.0442,38.90138],[-77.0442,38.90138],[-77.04413,38.90139],[-77.04413,38.90139],[-77.04399,38.90139],[-77.04399,38.90139],[-77.04377,38.90139],[-77.04152,38.90139],[-77.03941,38.90139],[-77.03857,38.90139],[-77.03449,38.90139],[-77.03238,38.90139],[-77.03099,38.90139],[-77.03068,38.90139],[-77.03068,38.90139],[-77.03061,38.90139],[-77.03047,38.90139],[-77.03047,38.90139],[-77.0304,38.90138],[-77.03032,38.90138],[-77.03032,38.90138],[-77.03032,38.90138],[-77.03025,38.90138],[-77.03025,38.90138],[-77.03018,38.90137],[-77.03018,38.90137],[-77.03011,38.90136],[-77.03011,38.90136],[-77.03011,38.90136],[-77.03003,38.90135],[-77.03003,38.90135],[-77.03003,38.90135],[-77.02994,38.90134],[-77.02994,38.90134],[-77.02986,38.90132],[-77.02986,38.90132],[-77.02977,38.90131],[-77.02977,38.90131],[-77.02977,38.9013],[-77.02969,38.90128],[-77.02969,38.90128],[-77.02969,38.90128],[-77.02961,38.90126],[-77.02961,38.90126],[-77.02953,38.90124],[-77.02953,38.90124],[-77.02953,38.90124],[-77.02945,38.90121],[-77.02945,38.90121],[-77.02937,38.90118],[-77.02937,38.90118],[-77.02937,38.90118],[-77.02929,38.90115],[-77.02929,38.90115],[-77.02922,38.90112],[-77.02922,38.90112],[-77.02922,38.90112],[-77.02914,38.90108],[-77.02914,38.90108],[-77.02907,38.90105],[-77.02907,38.90105],[-77.02907,38.90105],[-77.029,38.90101],[-77.029,38.90101],[-77.02893,38.90097],[-77.02893,38.90097],[-77.02893,38.90097],[-77.02886,38.90093],[-77.02886,38.90092],[-77.02886,38.90092],[-77.0288,38.90088],[-77.0288,38.90088],[-77.02873,38.90084],[-77.02873,38.90083],[-77.02873,38.90083],[-77.02867,38.90079],[-77.02867,38.90079],[-77.02861,38.90074],[-77.02861,38.90074],[-77.02861,38.90074],[-77.02856,38.90069],[-77.02856,38.90068],[-77.0285,38.90063],[-77.0285,38.90063],[-77.02845,38.90058],[-77.02845,38.90058],[-77.0284,38.90052],[-77.0284,38.90052],[-77.0284,38.90052],[-77.02835,38.90047],[-77.02835,38.90047],[-77.02831,38.90041],[-77.02831,38.90041],[-77.02831,38.90041],[-77.02827,38.90035],[-77.02827,38.90035],[-77.02823,38.90029],[-77.02823,38.90029],[-77.02823,38.90029],[-77.02819,38.90023],[-77.02819,38.90023],[-77.02816,38.90017],[-77.02816,38.90017],[-77.02816,38.90017],[-77.02813,38.9001],[-77.02813,38.9001],[-77.0281,38.90004],[-77.0281,38.90004],[-77.0281,38.90004],[-77.02807,38.89997],[-77.02807,38.89997],[-77.02805,38.89991],[-77.02805,38.89991],[-77.02805,38.89991],[-77.02803,38.89984],[-77.02803,38.89984],[-77.02801,38.89978],[-77.02801,38.89978],[-77.02801,38.89978],[-77.028,38.89971],[-77.028,38.89971],[-77.028,38.89971],[-77.02799,38.89965],[-77.02799,38.89965],[-77.02798,38.8996],[-77.02798,38.8996],[-77.02798,38.89954],[-77.02798,38.89954],[-77.02798,38.89954],[-77.02797,38.89949],[-77.02797,38.89949],[-77.02797,38.89943],[-77.02797,38.89943],[-77.02797,38.89932],[-77.02797,38.89932],[-77.02797,38.89834],[-77.02797,38.89695],[-77.02797,38.89695],[-77.02797,38.89692],[-77.02797,38.89678],[-77.02797,38.89678],[-77.02797,38.89676],[-77.02797,38.89646],[-77.02797,38.89646],[-77.02798,38.89643],[-77.02798,38.89643],[-77.02798,38.8964],[-77.02798,38.89638],[-77.02798,38.89638],[-77.02798,38.89635],[-77.02798,38.89632],[-77.02798,38.8963],[-77.02798,38.89629],[-77.02798,38.89627],[-77.02798,38.89624],[-77.02798,38.89624],[-77.02799,38.89621],[-77.02799,38.89621],[-77.02799,38.89618],[-77.02801,38.89578],[-77.02801,38.89575],[-77.02801,38.89575],[-77.02801,38.89572],[-77.02801,38.8957],[-77.02801,38.89569],[-77.02801,38.89567],[-77.02801,38.89567],[-77.02801,38.89564],[-77.02802,38.89559],[-77.02802,38.89556],[-77.02802,38.89556],[-77.02802,38.89553],[-77.02802,38.89553],[-77.02802,38.8955],[-77.02803,38.89522],[-77.02803,38.89519],[-77.02803,38.89519],[-77.02803,38.89516],[-77.02803,38.895],[-77.02803,38.895],[-77.02803,38.89497],[-77.02803,38.89466],[-77.02803,38.89466],[-77.02803,38.89301],[-77.02803,38.89284],[-77.02803,38.89284],[-77.02803,38.89279],[-77.02803,38.89275],[-77.02803,38.89275],[-77.02804,38.89271],[-77.02804,38.89271],[-77.02804,38.89263],[-77.02804,38.89263],[-77.02804,38.89259],[-77.02804,38.89259],[-77.02804,38.89259],[-77.02805,38.89254],[-77.02805,38.89254],[-77.02805,38.8925],[-77.02805,38.8925],[-77.02806,38.89244],[-77.02806,38.89244],[-77.02806,38.89244],[-77.02807,38.89237],[-77.02807,38.89237],[-77.02809,38.89231],[-77.02809,38.89231],[-77.02809,38.89231],[-77.02811,38.89224],[-77.02811,38.89224],[-77.02813,38.89218],[-77.02813,38.89218],[-77.02813,38.89218],[-77.02815,38.89212],[-77.02815,38.89212],[-77.02816,38.89208],[-77.02816,38.89208],[-77.02818,38.89204],[-77.02818,38.89204],[-77.02818,38.89204],[-77.0282,38.892],[-77.0282,38.892],[-77.02824,38.89192],[-77.02824,38.89192],[-77.02825,38.89188],[-77.02825,38.89188],[-77.02827,38.89184],[-77.02829,38.8918],[-77.02829,38.8918],[-77.02833,38.89173],[-77.02842,38.89157],[-77.02842,38.89157],[-77.02866,38.8911],[-77.02869,38.89105],[-77.02869,38.89105],[-77.02871,38.891],[-77.02874,38.89095],[-77.02876,38.8909],[-77.02876,38.8909],[-77.02879,38.89085],[-77.02881,38.8908],[-77.02883,38.89075],[-77.02886,38.8907],[-77.02888,38.89065],[-77.02889,38.8906],[-77.02892,38.89053],[-77.02893,38.89046],[-77.02895,38.89039],[-77.02896,38.89033],[-77.02897,38.89026],[-77.02898,38.89019],[-77.02898,38.89012],[-77.02898,38.89005],[-77.02898,38.88998],[-77.02897,38.88991],[-77.02896,38.88984],[-77.02896,38.88979],[-77.02894,38.88973],[-77.02893,38.88968],[-77.02892,38.88963],[-77.02891,38.88958],[-77.02889,38.88952],[-77.02886,38.88942],[-77.02884,38.88937],[-77.02884,38.88937],[-77.02883,38.88932],[-77.02881,38.88926],[-77.0283,38.88766],[-77.02824,38.88747],[-77.02822,38.88742],[-77.02822,38.88742],[-77.0282,38.88736],[-77.02819,38.88731],[-77.02815,38.88721],[-77.02813,38.88715],[-77.02811,38.8871],[-77.02809,38.88705],[-77.02805,38.88695],[-77.028,38.88685],[-77.02795,38.88675],[-77.0279,38.88666],[-77.02784,38.88656],[-77.02778,38.88647],[-77.02771,38.88638],[-77.02764,38.88629],[-77.02756,38.88621],[-77.02749,38.88613],[-77.0274,38.88604],[-77.02732,38.88596],[-77.02723,38.88589],[-77.02714,38.88581],[-77.02704,38.88574],[-77.02694,38.88567],[-77.02684,38.8856],[-77.02674,38.88554],[-77.02663,38.88548],[-77.02652,38.88542],[-77.02641,38.88537],[-77.02629,38.88531],[-77.02617,38.88527],[-77.02605,38.88522],[-77.02593,38.88518],[-77.02581,38.88514],[-77.02568,38.8851],[-77.02556,38.88507],[-77.02543,38.88504],[-77.0253,38.88502],[-77.02517,38.88499],[-77.02504,38.88498],[-77.02491,38.88496],[-77.02478,38.88495],[-77.02464,38.88494],[-77.02457,38.88494],[-77.0245,38.88494],[-77.02443,38.88494],[-77.02436,38.88494],[-77.02429,38.88493],[-77.02408,38.88493],[-77.02314,38.88494],[-77.02197,38.88494],[-77.0219,38.88494],[-77.02103,38.88494],[-77.02042,38.88494],[-77.02036,38.88494],[-77.02036,38.88494],[-77.0203,38.88494],[-77.02024,38.88494],[-77.02018,38.88494],[-77.02018,38.88494],[-77.02012,38.88494],[-77.02006,38.88494],[-77.02006,38.88494],[-77.01988,38.88495],[-77.0197,38.88496],[-77.01964,38.88497],[-77.01946,38.88499],[-77.0194,38.88499],[-77.0194,38.88499],[-77.0194,38.88499],[-77.01934,38.885],[-77.01922,38.88501],[-77.01916,38.88502],[-77.01916,38.88502],[-77.0191,38.88503],[-77.01882,38.88506],[-77.01876,38.88507],[-77.01876,38.88507],[-77.01857,38.88509],[-77.01857,38.88509],[-77.01857,38.88509],[-77.01851,38.8851],[-77.01845,38.8851],[-77.01845,38.8851],[-77.01845,38.8851],[-77.01827,38.88512],[-77.01827,38.88512],[-77.01821,38.88513],[-77.01821,38.88513],[-77.01803,38.88514],[-77.01803,38.88514],[-77.01803,38.88514],[-77.01785,38.88515],[-77.01784,38.88515],[-77.01778,38.88515],[-77.01778,38.88515],[-77.01772,38.88515],[-77.01766,38.88515],[-77.01766,38.88515],[-77.0176,38.88515],[-77.0176,38.88515],[-77.01754,38.88515],[-77.01748,38.88515],[-77.01747,38.88515],[-77.01699,38.88515],[-77.01488,38.88515],[-77.00627,38.88515],[-77.00416,38.88515],[-77.00347,38.88515],[-77.00318,38.88515],[-77.00308,38.88515],[-77.00308,38.88515],[-77.00299,38.88515],[-77.00289,38.88516],[-77.00279,38.88516],[-77.0027,38.88517],[-77.0026,38.88517],[-77.00251,38.88518],[-77.00239,38.88519],[-77.00226,38.88521],[-77.00214,38.88523],[-77.00205,38.88524],[-77.00196,38.88526],[-77.00187,38.88528],[-77.00177,38.8853],[-77.00168,38.88532],[-77.00159,38.88534],[-77.00141,38.88539],[-77.00122,38.88544],[-77.00122,38.88544],[-77.00094,38.88551],[-77.00085,38.88553],[-77.00085,38.88553],[-77.00077,38.88555],[-77.00069,38.88557],[-77.00069,38.88557],[-77.0006,38.88559],[-77.0006,38.8856],[-77.00052,38.88562],[-77.00052,38.88562],[-77.00043,38.88563],[-77.00043,38.88563],[-77.00035,38.88565],[-77.00035,38.88565],[-77.00035,38.88565],[-77.00026,38.88567],[-77.00026,38.88567],[-77.00017,38.88568],[-77.00017,38.88568],[-77.00009,38.8857],[-77.00009,38.8857],[-77.00009,38.8857],[-76.99998,38.88571],[-76.99998,38.88571],[-76.99986,38.88573],[-76.99986,38.88573],[-76.99986,38.88573],[-76.99975,38.88574],[-76.99975,38.88574],[-76.99963,38.88574],[-76.99963,38.88574],[-76.99963,38.88574],[-76.99952,38.88575],[-76.99952,38.88575],[-76.9994,38.88575],[-76.9994,38.88575],[-76.9994,38.88575],[-76.99929,38.88574],[-76.99929,38.88574],[-76.99918,38.88574],[-76.99917,38.88574],[-76.99917,38.88574],[-76.99906,38.88573],[-76.99906,38.88573],[-76.99895,38.88572],[-76.99895,38.88572],[-76.99895,38.88572],[-76.99883,38.8857],[-76.99883,38.8857],[-76.99872,38.88569],[-76.99872,38.88569],[-76.99872,38.88569],[-76.99861,38.88567],[-76.99861,38.88567],[-76.99861,38.88567],[-76.9985,38.88564],[-76.9985,38.88564],[-76.99839,38.88562],[-76.99839,38.88562],[-76.99839,38.88562],[-76.99828,38.88559],[-76.99828,38.88559],[-76.9982,38.88556],[-76.9982,38.88556],[-76.99812,38.88554],[-76.99811,38.88554],[-76.99811,38.88554],[-76.99803,38.88551],[-76.99803,38.88551],[-76.99787,38.88545],[-76.99787,38.88545],[-76.99779,38.88542],[-76.99779,38.88542],[-76.99772,38.88539],[-76.99772,38.88539],[-76.99764,38.88536],[-76.99764,38.88536],[-76.99748,38.88529],[-76.99743,38.88528],[-76.99743,38.88528],[-76.99696,38.88508],[-76.99509,38.88432],[-76.98868,38.8817],[-76.98848,38.88162],[-76.98834,38.88157],[-76.98827,38.88155],[-76.98821,38.88152],[-76.98807,38.88148],[-76.988,38.88146],[-76.98792,38.88144],[-76.98783,38.88142],[-76.98775,38.88141],[-76.98766,38.88139],[-76.98758,38.88138],[-76.98751,38.88137],[-76.98743,38.88137],[-76.98736,38.88136],[-76.98728,38.88136],[-76.98721,38.88135],[-76.98713,38.88135],[-76.98706,38.88135],[-76.98698,38.88135],[-76.98663,38.88135],[-76.98663,38.88135],[-76.98452,38.88135],[-76.98452,38.88135],[-76.98407,38.88135],[-76.98399,38.88135],[-76.98391,38.88135],[-76.98376,38.88136],[-76.98368,38.88136],[-76.98361,38.88137],[-76.98361,38.88137],[-76.98353,38.88138],[-76.98345,38.88139],[-76.98337,38.8814],[-76.98329,38.88141],[-76.98321,38.88143],[-76.98313,38.88145],[-76.98305,38.88147],[-76.98298,38.88149],[-76.98291,38.88151],[-76.98284,38.88153],[-76.98277,38.88155],[-76.98263,38.8816],[-76.98249,38.88166],[-76.98242,38.88168],[-76.98242,38.88168],[-76.979,38.88297],[-76.97893,38.883],[-76.97886,38.88302],[-76.97886,38.88302],[-76.97879,38.88305],[-76.97872,38.88308],[-76.97872,38.88308],[-76.97865,38.8831],[-76.97858,38.88313],[-76.97852,38.88316],[-76.97845,38.88319],[-76.97839,38.88322],[-76.97832,38.88326],[-76.97825,38.8833],[-76.97817,38.88334],[-76.9781,38.88338],[-76.97803,38.88343],[-76.97797,38.88348],[-76.9779,38.88353],[-76.97784,38.88358],[-76.97778,38.88364],[-76.97772,38.88369],[-76.97767,38.88375],[-76.97762,38.88381],[-76.97757,38.88387],[-76.97752,38.88393],[-76.97747,38.88399],[-76.97743,38.88406],[-76.97739,38.88412],[-76.97736,38.88419],[-76.97733,38.88425],[-76.9773,38.88432],[-76.97727,38.88439],[-76.97725,38.88446],[-76.97723,38.88453],[-76.97721,38.8846],[-76.97719,38.88467],[-76.97719,38.88473],[-76.97718,38.88479],[-76.97717,38.88485],[-76.97717,38.88491],[-76.97716,38.88497],[-76.97716,38.88503],[-76.97716,38.88509],[-76.97716,38.88521],[-76.97716,38.88527],[-76.97716,38.88527],[-76.97717,38.8861],[-76.97719,38.88775],[-76.97719,38.88806],[-76.97719,38.88806],[-76.97719,38.88812],[-76.97719,38.88818],[-76.97719,38.88818],[-76.97719,38.88824],[-76.97719,38.88824],[-76.97719,38.8883],[-76.97719,38.8883],[-76.97719,38.88836],[-76.97719,38.88836],[-76.97719,38.88842],[-76.97719,38.88842],[-76.97718,38.88848],[-76.97718,38.88848],[-76.97718,38.88848],[-76.97718,38.88854],[-76.97718,38.88854],[-76.97717,38.8886],[-76.97717,38.88861],[-76.97716,38.88867],[-76.97716,38.88867],[-76.97716,38.88867],[-76.97715,38.88873],[-76.97714,38.88874],[-76.97713,38.8888],[-76.97713,38.8888],[-76.97713,38.8888],[-76.97711,38.88887],[-76.97711,38.88887],[-76.97709,38.88894],[-76.97709,38.88894],[-76.97709,38.88894],[-76.97706,38.889],[-76.97706,38.889],[-76.97703,38.88907],[-76.97703,38.88907],[-76.97703,38.88907],[-76.977,38.88913],[-76.977,38.88914],[-76.97697,38.8892],[-76.97697,38.8892],[-76.97697,38.8892],[-76.97693,38.88926],[-76.97693,38.88926],[-76.9769,38.88932],[-76.9769,38.88932],[-76.9769,38.88933],[-76.97686,38.88939],[-76.97686,38.88939],[-76.97682,38.88945],[-76.97681,38.88945],[-76.97681,38.88945],[-76.97677,38.88951],[-76.97677,38.88951],[-76.97672,38.88957],[-76.97672,38.88957],[-76.97666,38.88964],[-76.97666,38.88964],[-76.97666,38.88964],[-76.97659,38.88972],[-76.97659,38.88972],[-76.97652,38.88979],[-76.97652,38.88979],[-76.97652,38.88979],[-76.97647,38.88984],[-76.97647,38.88984],[-76.97643,38.88988],[-76.97643,38.88988],[-76.97638,38.88992],[-76.97638,38.88992],[-76.97633,38.88996],[-76.97633,38.88996],[-76.97629,38.89],[-76.97629,38.89],[-76.97624,38.89004],[-76.97624,38.89004],[-76.97614,38.89012],[-76.97614,38.89012],[-76.97604,38.8902],[-76.97393,38.89189],[-76.97393,38.89189],[-76.9739,38.89191],[-76.97383,38.89197],[-76.97383,38.89197],[-76.9738,38.89199],[-76.97377,38.89202],[-76.97377,38.89202],[-76.9737,38.89207],[-76.97367,38.89209],[-76.97367,38.89209],[-76.97364,38.89212],[-76.97361,38.89214],[-76.97361,38.89214],[-76.97358,38.89217],[-76.97354,38.89219],[-76.97354,38.8922],[-76.97348,38.89225],[-76.97345,38.89227],[-76.97345,38.89227],[-76.97342,38.8923],[-76.97341,38.8923],[-76.97338,38.89232],[-76.97335,38.89235],[-76.97335,38.89235],[-76.97329,38.8924],[-76.97302,38.89261],[-76.97299,38.89263],[-76.97295,38.89266],[-76.97295,38.89266],[-76.97295,38.89266],[-76.97292,38.89269],[-76.97288,38.89271],[-76.97288,38.89271],[-76.97288,38.89271],[-76.97285,38.89274],[-76.97281,38.89277],[-76.97281,38.89277],[-76.97281,38.89277],[-76.97274,38.89282],[-76.97271,38.89285],[-76.97271,38.89285],[-76.97271,38.89285],[-76.97268,38.89288],[-76.97264,38.89291],[-76.97264,38.89291],[-76.97261,38.89293],[-76.97257,38.89296],[-76.97257,38.89296],[-76.97254,38.89299],[-76.9725,38.89302],[-76.9725,38.89302],[-76.9725,38.89302],[-76.97247,38.89304],[-76.9724,38.8931],[-76.9724,38.8931],[-76.97237,38.89313],[-76.97233,38.89315],[-76.97233,38.89315],[-76.9716,38.89375],[-76.96895,38.89588],[-76.96895,38.89588],[-76.96888,38.89594],[-76.96881,38.896],[-76.96881,38.896],[-76.96866,38.89612],[-76.96866,38.89612],[-76.96866,38.89612],[-76.96858,38.89618],[-76.96858,38.89618],[-76.96851,38.89623],[-76.96851,38.89623],[-76.96843,38.89629],[-76.96843,38.89629],[-76.96836,38.89635],[-76.96835,38.89635],[-76.96828,38.8964],[-76.96828,38.8964],[-76.9682,38.89646],[-76.9682,38.89646],[-76.9682,38.89646],[-76.96804,38.89656],[-76.96803,38.89656],[-76.96787,38.89667],[-76.96787,38.89667],[-76.96787,38.89667],[-76.9677,38.89676],[-76.9677,38.89676],[-76.96752,38.89686],[-76.96752,38.89686],[-76.96752,38.89686],[-76.96734,38.89694],[-76.96734,38.89694],[-76.96734,38.89694],[-76.96716,38.89703],[-76.96716,38.89703],[-76.96697,38.8971],[-76.96697,38.89711],[-76.96697,38.89711],[-76.96678,38.89718],[-76.96678,38.89718],[-76.96659,38.89725],[-76.96659,38.89725],[-76.96659,38.89725],[-76.96639,38.89731],[-76.96639,38.89731],[-76.96619,38.89736],[-76.96619,38.89736],[-76.96619,38.89736],[-76.96599,38.89742],[-76.96599,38.89742],[-76.96579,38.89746],[-76.96579,38.89746],[-76.96579,38.89746],[-76.96558,38.8975],[-76.96558,38.8975],[-76.96538,38.89754],[-76.96538,38.89754],[-76.96538,38.89754],[-76.96517,38.89757],[-76.96517,38.89757],[-76.96496,38.89759],[-76.96496,38.89759],[-76.96496,38.89759],[-76.96475,38.89761],[-76.96475,38.89761],[-76.96454,38.89762],[-76.96454,38.89762],[-76.96454,38.89762],[-76.96433,38.89763],[-76.96432,38.89763],[-76.96411,38.89763],[-76.96411,38.89763],[-76.96411,38.89763],[-76.9639,38.89763],[-76.9639,38.89763],[-76.96369,38.89762],[-76.96369,38.89762],[-76.96369,38.89762],[-76.96359,38.89761],[-76.96358,38.89761],[-76.96348,38.8976],[-76.96348,38.8976],[-76.96337,38.89759],[-76.96337,38.89759],[-76.96327,38.89758],[-76.96327,38.89758],[-76.96327,38.89758],[-76.96316,38.89757],[-76.96316,38.89757],[-76.96306,38.89755],[-76.96306,38.89755],[-76.96285,38.89753],[-76.96285,38.89753],[-76.96264,38.8975],[-76.9579,38.89688],[-76.95694,38.89676],[-76.9569,38.89676],[-76.95687,38.89675],[-76.95684,38.89675],[-76.9568,38.89674],[-76.95677,38.89674],[-76.95673,38.89674],[-76.9567,38.89673],[-76.95666,38.89673],[-76.95318,38.89627],[-76.95312,38.89626],[-76.95225,38.89618],[-76.95222,38.89618],[-76.95219,38.89618],[-76.95216,38.89618],[-76.95213,38.89618],[-76.9521,38.89618],[-76.95209,38.89618],[-76.95195,38.89619],[-76.95181,38.8962],[-76.95167,38.89621],[-76.95153,38.89623],[-76.95139,38.89626],[-76.95125,38.89628],[-76.95112,38.89631],[-76.95098,38.89635],[-76.95085,38.89639],[-76.95072,38.89643],[-76.95059,38.89647],[-76.95046,38.89652],[-76.95034,38.89657],[-76.95022,38.89663],[-76.9501,38.89669],[-76.94998,38.89675],[-76.94986,38.89681],[-76.94975,38.89688],[-76.94967,38.89693],[-76.94959,38.89699],[-76.94951,38.89704],[-76.94943,38.8971],[-76.94936,38.89715],[-76.94928,38.89721],[-76.94921,38.89727],[-76.94913,38.89733],[-76.94906,38.89739],[-76.94899,38.89745],[-76.94824,38.89804],[-76.94753,38.89862],[-76.94606,38.8998],[-76.94589,38.89994],[-76.94584,38.89997],[-76.94579,38.90001],[-76.94574,38.90005],[-76.94569,38.90009],[-76.94564,38.90013],[-76.94559,38.90017],[-76.94554,38.90021],[-76.94549,38.90025],[-76.94544,38.90029],[-76.94539,38.90033],[-76.94534,38.90036],[-76.94529,38.9004],[-76.94524,38.90044],[-76.94519,38.90048],[-76.94514,38.90052],[-76.94509,38.90056],[-76.94504,38.90059],[-76.94499,38.90063],[-76.94494,38.90067],[-76.94489,38.90071],[-76.94436,38.9011],[-76.9443,38.90113],[-76.94425,38.90117],[-76.9442,38.90121],[-76.94415,38.90125],[-76.9441,38.90129],[-76.94405,38.90132],[-76.944,38.90136],[-76.94395,38.9014],[-76.9439,38.90144],[-76.94385,38.90148],[-76.9438,38.90151],[-76.94375,38.90155],[-76.9437,38.90159],[-76.94365,38.90163],[-76.9436,38.90167],[-76.94355,38.90171],[-76.9435,38.90175],[-76.94345,38.90179],[-76.9434,38.90183],[-76.94335,38.90187],[-76.94151,38.90335],[-76.93705,38.90682],[-76.93595,38.90768],[-76.93446,38.90884],[-76.93441,38.90888],[-76.93436,38.90892],[-76.93431,38.90895],[-76.93426,38.90899],[-76.93421,38.90903],[-76.93416,38.90907],[-76.93411,38.90911],[-76.93406,38.90915],[-76.93401,38.90919],[-76.93396,38.90922],[-76.93349,38.90956],[-76.93302,38.90988],[-76.93252,38.91019],[-76.93202,38.91048],[-76.93175,38.91063],[-76.9315,38.91076],[-76.93097,38.91103],[-76.93042,38.91128],[-76.92987,38.91152],[-76.92931,38.91174],[-76.92873,38.91194],[-76.92867,38.91197],[-76.9286,38.91199],[-76.92854,38.91201],[-76.92847,38.91203],[-76.92841,38.91205],[-76.92834,38.91207],[-76.92828,38.91209],[-76.92821,38.91211],[-76.92815,38.91214],[-76.92808,38.91216],[-76.92778,38.91225],[-76.92396,38.91349],[-76.92386,38.91352],[-76.92375,38.91356],[-76.92365,38.91359],[-76.92354,38.91363],[-76.92344,38.91366],[-76.92333,38.9137],[-76.92323,38.91374],[-76.92313,38.91378],[-76.92302,38.91382],[-76.92292,38.91386],[-76.92277,38.91392],[-76.92263,38.91399],[-76.92248,38.91407],[-76.9224,38.91411],[-76.92231,38.91416],[-76.92223,38.91421],[-76.92214,38.91426],[-76.92206,38.91431],[-76.92198,38.91436],[-76.9219,38.91441],[-76.92182,38.91447],[-76.92174,38.91452],[-76.92166,38.91457],[-76.92126,38.91483],[-76.92118,38.91488],[-76.92109,38.91494],[-76.92101,38.91499],[-76.92093,38.91504],[-76.92085,38.91509],[-76.92076,38.91514],[-76.92068,38.91519],[-76.92059,38.91524],[-76.92051,38.91529],[-76.92042,38.91534],[-76.92029,38.91541],[-76.92016,38.91547],[-76.92003,38.91553],[-76.91989,38.91559],[-76.9198,38.91562],[-76.91972,38.91566],[-76.91963,38.91569],[-76.91954,38.91572],[-76.91946,38.91575],[-76.91937,38.91578],[-76.91928,38.91581],[-76.91919,38.91584],[-76.91911,38.91587],[-76.91902,38.9159],[-76.91897,38.91591],[-76.91764,38.91634],[-76.9157,38.91697],[-76.91224,38.9181],[-76.91214,38.91813],[-76.91205,38.91816],[-76.91195,38.91819],[-76.91185,38.91823],[-76.91176,38.91826],[-76.91166,38.91829],[-76.91156,38.91832],[-76.91146,38.91835],[-76.91137,38.91839],[-76.91127,38.91842],[-76.91058,38.91867],[-76.9099,38.91894],[-76.90924,38.91922],[-76.90858,38.91952],[-76.90794,38.91983],[-76.90731,38.92016],[-76.90669,38.92051],[-76.90609,38.92087],[-76.9055,38.92125],[-76.90493,38.92164],[-76.90486,38.9217],[-76.90478,38.92175],[-76.9047,38.92181],[-76.90462,38.92187],[-76.90455,38.92192],[-76.90447,38.92198],[-76.90439,38.92204],[-76.90432,38.92209],[-76.90424,38.92215],[-76.90416,38.92221],[-76.90228,38.92361],[-76.90221,38.92366],[-76.90214,38.92371],[-76.90207,38.92376],[-76.902,38.92381],[-76.90193,38.92386],[-76.90186,38.92392],[-76.90179,38.92397],[-76.90173,38.92402],[-76.90166,38.92407],[-76.90159,38.92413],[-76.90126,38.92439],[-76.90094,38.92467],[-76.90063,38.92495],[-76.90034,38.92524],[-76.90028,38.9253],[-76.90022,38.92536],[-76.90016,38.92542],[-76.9001,38.92548],[-76.90005,38.92554],[-76.89999,38.9256],[-76.89993,38.92566],[-76.89987,38.92572],[-76.89982,38.92578],[-76.89976,38.92584],[-76.89726,38.92851],[-76.89724,38.92853],[-76.89721,38.92855],[-76.89719,38.92857],[-76.89717,38.9286],[-76.89715,38.92862],[-76.89713,38.92864],[-76.89711,38.92866],[-76.89709,38.92868],[-76.89707,38.92871],[-76.89705,38.92873],[-76.89652,38.92927],[-76.8965,38.92929],[-76.89648,38.92932],[-76.89646,38.92934],[-76.89644,38.92936],[-76.89642,38.92938],[-76.8964,38.9294],[-76.89637,38.92942],[-76.89635,38.92945],[-76.89633,38.92947],[-76.89631,38.92949],[-76.89583,38.92998],[-76.89548,38.93032],[-76.89544,38.93037],[-76.8954,38.93041],[-76.89535,38.93045],[-76.89531,38.9305],[-76.89527,38.93054],[-76.89522,38.93058],[-76.89518,38.93063],[-76.89514,38.93067],[-76.89509,38.93071],[-76.89505,38.93076],[-76.89473,38.93106],[-76.8944,38.93135],[-76.89405,38.93163],[-76.8937,38.93191],[-76.89333,38.93218],[-76.89328,38.93221],[-76.89323,38.93225],[-76.89317,38.93229],[-76.89312,38.93232],[-76.89307,38.93236],[-76.89301,38.93239],[-76.89296,38.93243],[-76.89291,38.93247],[-76.89286,38.9325],[-76.8928,38.93254],[-76.89211,38.93301],[-76.89052,38.93408],[-76.88723,38.93631],[-76.88539,38.93755],[-76.88062,38.94077],[-76.88057,38.94081],[-76.88051,38.94085],[-76.88046,38.94088],[-76.88041,38.94092],[-76.88035,38.94095],[-76.8803,38.94099],[-76.88025,38.94103],[-76.8802,38.94106],[-76.88014,38.9411],[-76.88009,38.94114],[-76.87963,38.94147],[-76.87919,38.94181],[-76.87876,38.94216],[-76.87871,38.9422],[-76.87866,38.94224],[-76.87862,38.94228],[-76.87857,38.94232],[-76.87852,38.94236],[-76.87848,38.9424],[-76.87843,38.94244],[-76.87838,38.94248],[-76.87834,38.94253],[-76.87829,38.94257],[-76.87682,38.94385],[-76.87651,38.94412],[-76.87648,38.94415],[-76.87644,38.94418],[-76.87641,38.94421],[-76.87637,38.94424],[-76.87634,38.94427],[-76.8763,38.9443],[-76.87627,38.94433],[-76.87623,38.94436],[-76.87619,38.94439],[-76.87616,38.94442],[-76.87574,38.94478],[-76.87571,38.94481],[-76.87567,38.94484],[-76.87564,38.94487],[-76.8756,38.9449],[-76.87556,38.94493],[-76.87553,38.94496],[-76.87549,38.94499],[-76.87546,38.94502],[-76.87542,38.94505],[-76.87538,38.94508],[-76.87519,38.94524],[-76.87516,38.94527],[-76.87512,38.9453],[-76.87508,38.94533],[-76.87505,38.94536],[-76.87501,38.94539],[-76.87498,38.94542],[-76.87494,38.94545],[-76.8749,38.94548],[-76.87487,38.94551],[-76.87483,38.94554],[-76.87442,38.94589],[-76.87438,38.94592],[-76.87435,38.94595],[-76.87431,38.94598],[-76.87428,38.94601],[-76.87424,38.94604],[-76.87421,38.94607],[-76.87417,38.9461],[-76.87414,38.94613],[-76.8741,38.94616],[-76.87407,38.94619],[-76.87263,38.94745],[-76.87122,38.94868],[-76.8702,38.94957],[-76.87013,38.94964],[-76.87006,38.9497],[-76.86999,38.94976],[-76.86992,38.94982],[-76.86985,38.94988],[-76.86978,38.94994],[-76.86971,38.95001],[-76.86964,38.95007],[-76.86957,38.95013],[-76.8695,38.95019],[-76.86931,38.95038],[-76.86913,38.95056]]},"properties":{"line":"orange"}},{"type":"Feature","geometry":{"type":"LineString","coordinates":[[-76.84181,38.90746],[-76.84194,38.90582],[-76.842,38.905],[-76.84205,38.90434],[-76.84215,38.90328],[-76.8423,38.90265],[-76.84242,38.90239],[-76.84256,38.90216],[-76.84281,38.90193],[-76.84318,38.90161],[-76.84341,38.90142],[-76.84445,38.90061],[-76.84725,38.89847],[-76.8487,38.89733],[-76.84905,38.89707],[-76.84951,38.89683],[-76.84956,38.89681],[-76.85003,38.89666],[-76.85094,38.8965],[-76.85173,38.89643],[-76.85331,38.89638],[-76.85475,38.89631],[-76.85685,38.89609],[-76.858,38.89602],[-76.86081,38.89579],[-76.86259,38.89558],[-76.86424,38.89519],[-76.86558,38.89481],[-76.86632,38.89452],[-76.86818,38.89378],[-76.87025,38.89296],[-76.87208,38.89222],[-76.87383,38.89153],[-76.87615,38.89064],[-76.8782,38.88989],[-76.87987,38.8892],[-76.88153,38.88854],[-76.88266,38.88801],[-76.88406,38.8876],[-76.88574,38.88723],[-76.88783,38.88686],[-76.88899,38.88675],[-76.89068,38.88672],[-76.89341,38.88673],[-76.89352,38.88673],[-76.89433,38.88673],[-76.89519,38.88673],[-76.89899,38.88671],[-76.89906,38.88671],[-76.89913,38.88671],[-76.8992,38.88671],[-76.89927,38.88671],[-76.89934,38.88671],[-76.89941,38.88671],[-76.89948,38.88671],[-76.89955,38.88671],[-76.89962,38.88671],[-76.89969,38.88671],[-76.90021,38.88673],[-76.90073,38.88676],[-76.90125,38.8868],[-76.90176,38.88686],[-76.90228,38.88693],[-76.90278,38.88702],[-76.90329,38.88711],[-76.90379,38.88723],[-76.90428,38.88735],[-76.90477,38.88749],[-76.90525,38.88765],[-76.90573,38.88781],[-76.90619,38.88799],[-76.90626,38.88802],[-76.90632,38.88804],[-76.90638,38.88807],[-76.90644,38.8881],[-76.9065,38.88812],[-76.90657,38.88815],[-76.90663,38.88817],[-76.90669,38.8882],[-76.90675,38.88823],[-76.90681,38.88825],[-76.90711,38.88838],[-76.90717,38.8884],[-76.90723,38.88843],[-76.90729,38.88846],[-76.90735,38.88848],[-76.90742,38.88851],[-76.90748,38.88853],[-76.90754,38.88856],[-76.9076,38.88858],[-76.90767,38.88861],[-76.90773,38.88863],[-76.90798,38.88873],[-76.90824,38.88881],[-76.9085,38.88889],[-76.90877,38.88896],[-76.90904,38.88903],[-76.90931,38.88908],[-76.90958,38.88913],[-76.90965,38.88914],[-76.90972,38.88915],[-76.90979,38.88916],[-76.90986,38.88917],[-76.90993,38.88918],[-76.91,38.88919],[-76.91006,38.8892],[-76.91013,38.88921],[-76.9102,38.88922],[-76.91027,38.88923],[-76.91079,38.88929],[-76.91287,38.88956],[-76.91339,38.88963],[-76.91343,38.88964],[-76.91344,38.88964],[-76.9135,38.88965],[-76.91357,38.88966],[-76.91364,38.88966],[-76.91371,38.88967],[-76.91378,38.88968],[-76.91385,38.88969],[-76.91392,38.8897],[-76.91399,38.8897],[-76.91406,38.88971],[-76.91413,38.88972],[-76.91437,38.88974],[-76.91462,38.88975],[-76.91469,38.88975],[-76.91476,38.88975],[-76.91483,38.88976],[-76.9149,38.88976],[-76.91497,38.88976],[-76.91504,38.88976],[-76.91511,38.88976],[-76.91518,38.88976],[-76.91525,38.88976],[-76.91532,38.88976],[-76.93511,38.88978],[-76.93519,38.88978],[-76.93527,38.88978],[-76.93534,38.88978],[-76.93542,38.88978],[-76.9355,38.88978],[-76.93557,38.88979],[-76.93565,38.88979],[-76.93573,38.88979],[-76.93581,38.8898],[-76.93588,38.88981],[-76.93597,38.88982],[-76.93606,38.88983],[-76.93615,38.88985],[-76.93624,38.88987],[-76.93633,38.88989],[-76.93641,38.88991],[-76.9365,38.88994],[-76.93658,38.88997],[-76.93667,38.89],[-76.93675,38.89003],[-76.93681,38.89006],[-76.93688,38.89009],[-76.93695,38.89012],[-76.93701,38.89016],[-76.93708,38.89019],[-76.93714,38.89023],[-76.9372,38.89026],[-76.93726,38.8903],[-76.93733,38.89033],[-76.93739,38.89037],[-76.93774,38.89057],[-76.93943,38.89155],[-76.93961,38.89166],[-76.93967,38.89169],[-76.93973,38.89172],[-76.93978,38.89175],[-76.93984,38.89179],[-76.9399,38.89182],[-76.93996,38.89185],[-76.94001,38.89188],[-76.94007,38.89191],[-76.94013,38.89194],[-76.94019,38.89197],[-76.94035,38.89205],[-76.94041,38.89208],[-76.94047,38.89211],[-76.94054,38.89213],[-76.9406,38.89216],[-76.94066,38.89219],[-76.94072,38.89221],[-76.94078,38.89224],[-76.94085,38.89226],[-76.94091,38.89229],[-76.94097,38.89231],[-76.9423,38.89284],[-76.94235,38.89286],[-76.9424,38.89287],[-76.94245,38.89289],[-76.94249,38.89291],[-76.94254,38.89293],[-76.94259,38.89295],[-76.94263,38.89297],[-76.94268,38.89299],[-76.94273,38.893],[-76.94277,38.89302],[-76.94316,38.89318],[-76.9432,38.8932],[-76.94325,38.89321],[-76.9433,38.89323],[-76.94334,38.89325],[-76.94339,38.89327],[-76.94344,38.89329],[-76.94348,38.89331],[-76.94353,38.89333],[-76.94358,38.89335],[-76.94362,38.89337],[-76.94582,38.89427],[-76.9459,38.89431],[-76.94598,38.89434],[-76.94606,38.89437],[-76.94613,38.8944],[-76.94621,38.89443],[-76.94629,38.89446],[-76.94637,38.8945],[-76.94645,38.89453],[-76.94652,38.89456],[-76.9466,38.89459],[-76.94729,38.89484],[-76.94798,38.89508],[-76.94868,38.8953],[-76.94939,38.8955],[-76.95012,38.89568],[-76.95084,38.89584],[-76.95158,38.89598],[-76.95223,38.89608],[-76.95229,38.89609],[-76.95315,38.89617],[-76.95315,38.89617],[-76.95325,38.89619],[-76.95336,38.8962],[-76.95346,38.89621],[-76.95356,38.89623],[-76.95667,38.89664],[-76.95696,38.89667],[-76.95798,38.89678],[-76.96266,38.8974],[-76.96266,38.8974],[-76.96287,38.89742],[-76.96307,38.89745],[-76.96318,38.89746],[-76.96328,38.89747],[-76.96339,38.89748],[-76.96349,38.89749],[-76.9636,38.8975],[-76.9637,38.89751],[-76.96391,38.89752],[-76.96412,38.89752],[-76.96433,38.89752],[-76.96454,38.89752],[-76.96475,38.8975],[-76.96495,38.89749],[-76.96516,38.89746],[-76.96537,38.89743],[-76.96557,38.8974],[-76.96577,38.89736],[-76.96592,38.89732],[-76.96611,38.89727],[-76.96631,38.89722],[-76.9665,38.89715],[-76.9667,38.89709],[-76.96688,38.89701],[-76.96707,38.89694],[-76.96725,38.89686],[-76.96743,38.89677],[-76.9676,38.89668],[-76.96777,38.89658],[-76.96793,38.89648],[-76.96813,38.89636],[-76.96821,38.8963],[-76.96829,38.89624],[-76.96836,38.89619],[-76.96844,38.89613],[-76.96851,38.89607],[-76.96866,38.89595],[-76.96873,38.8959],[-76.96873,38.8959],[-76.96881,38.89584],[-76.97145,38.8937],[-76.97219,38.89311],[-76.97222,38.89308],[-76.97222,38.89308],[-76.97225,38.89305],[-76.97232,38.893],[-76.97232,38.893],[-76.97232,38.893],[-76.97236,38.89297],[-76.97239,38.89294],[-76.97239,38.89294],[-76.97243,38.89292],[-76.97246,38.89289],[-76.97246,38.89289],[-76.97249,38.89286],[-76.97253,38.89283],[-76.97253,38.89283],[-76.97253,38.89283],[-76.97256,38.89281],[-76.9726,38.89278],[-76.9726,38.89278],[-76.9726,38.89278],[-76.97267,38.89272],[-76.9727,38.8927],[-76.9727,38.8927],[-76.9727,38.89269],[-76.97274,38.89267],[-76.97277,38.89264],[-76.97277,38.89264],[-76.97277,38.89264],[-76.97281,38.89261],[-76.97284,38.89259],[-76.97284,38.89259],[-76.97287,38.89256],[-76.97287,38.89256],[-76.97314,38.89235],[-76.97314,38.89235],[-76.9732,38.8923],[-76.97324,38.89228],[-76.97324,38.89228],[-76.97324,38.89227],[-76.97327,38.89225],[-76.9733,38.89223],[-76.97333,38.8922],[-76.97333,38.8922],[-76.9734,38.89215],[-76.97343,38.89212],[-76.97343,38.89212],[-76.97346,38.8921],[-76.97349,38.89207],[-76.97349,38.89207],[-76.97353,38.89205],[-76.97356,38.89202],[-76.97356,38.89202],[-76.97362,38.89197],[-76.97365,38.89195],[-76.97365,38.89195],[-76.97368,38.89192],[-76.97375,38.89187],[-76.97375,38.89187],[-76.97378,38.89184],[-76.9759,38.89015],[-76.97599,38.89008],[-76.97609,38.89],[-76.97614,38.88996],[-76.97619,38.88992],[-76.97623,38.88988],[-76.97628,38.88983],[-76.97632,38.88979],[-76.97637,38.88975],[-76.97644,38.88968],[-76.9765,38.8896],[-76.97659,38.8895],[-76.97663,38.88945],[-76.97668,38.88939],[-76.97672,38.88933],[-76.97676,38.88927],[-76.97679,38.88921],[-76.97683,38.88915],[-76.97686,38.88908],[-76.97689,38.88902],[-76.97692,38.88896],[-76.97694,38.88889],[-76.97696,38.88883],[-76.97698,38.88876],[-76.977,38.88869],[-76.97701,38.88863],[-76.97702,38.88857],[-76.97703,38.88851],[-76.97703,38.88845],[-76.97704,38.88839],[-76.97704,38.88833],[-76.97704,38.88827],[-76.97704,38.88821],[-76.97704,38.88815],[-76.97704,38.88809],[-76.97704,38.88809],[-76.97704,38.88803],[-76.97704,38.88772],[-76.97702,38.88607],[-76.97702,38.88524],[-76.97701,38.88518],[-76.97701,38.88518],[-76.97701,38.88506],[-76.97701,38.88506],[-76.97702,38.885],[-76.97702,38.88493],[-76.97702,38.88493],[-76.97702,38.88487],[-76.97702,38.88487],[-76.97702,38.88481],[-76.97702,38.88481],[-76.97702,38.88481],[-76.97703,38.88475],[-76.97703,38.88475],[-76.97704,38.88469],[-76.97704,38.88469],[-76.97705,38.88463],[-76.97705,38.88463],[-76.97705,38.88463],[-76.97706,38.88456],[-76.97706,38.88456],[-76.97708,38.88449],[-76.97708,38.88449],[-76.9771,38.88441],[-76.9771,38.88441],[-76.97712,38.88434],[-76.97713,38.88434],[-76.97715,38.88427],[-76.97715,38.88427],[-76.97718,38.8842],[-76.97718,38.8842],[-76.97722,38.88414],[-76.97722,38.88413],[-76.97722,38.88413],[-76.97725,38.88407],[-76.97725,38.88407],[-76.97729,38.884],[-76.97729,38.884],[-76.97729,38.884],[-76.97733,38.88394],[-76.97733,38.88394],[-76.97738,38.88387],[-76.97738,38.88387],[-76.97738,38.88387],[-76.97743,38.88381],[-76.97743,38.88381],[-76.97748,38.88375],[-76.97748,38.88375],[-76.97748,38.88375],[-76.97753,38.88369],[-76.97753,38.88369],[-76.97759,38.88363],[-76.97759,38.88363],[-76.97759,38.88363],[-76.97765,38.88357],[-76.97765,38.88357],[-76.97771,38.88352],[-76.97771,38.88352],[-76.97771,38.88351],[-76.97777,38.88346],[-76.97777,38.88346],[-76.97784,38.88341],[-76.97784,38.88341],[-76.97784,38.88341],[-76.97791,38.88336],[-76.97791,38.88336],[-76.97791,38.88336],[-76.97798,38.88331],[-76.97798,38.88331],[-76.97805,38.88327],[-76.97805,38.88326],[-76.97805,38.88326],[-76.97813,38.88322],[-76.97813,38.88322],[-76.9782,38.88318],[-76.97821,38.88318],[-76.97821,38.88318],[-76.97827,38.88315],[-76.97827,38.88315],[-76.97834,38.88311],[-76.97834,38.88311],[-76.9784,38.88308],[-76.9784,38.88308],[-76.9784,38.88308],[-76.97847,38.88305],[-76.97847,38.88305],[-76.97854,38.88302],[-76.97854,38.88302],[-76.97861,38.883],[-76.97868,38.88297],[-76.97868,38.88297],[-76.97868,38.88297],[-76.97875,38.88294],[-76.97882,38.88291],[-76.97882,38.88291],[-76.97889,38.88289],[-76.97931,38.88273],[-76.98231,38.8816],[-76.98238,38.88157],[-76.98238,38.88157],[-76.98252,38.88152],[-76.98252,38.88152],[-76.98266,38.88147],[-76.98267,38.88147],[-76.98274,38.88145],[-76.98274,38.88145],[-76.98281,38.88143],[-76.98281,38.88143],[-76.98286,38.88141],[-76.98293,38.88139],[-76.98299,38.88137],[-76.98305,38.88136],[-76.98306,38.88136],[-76.98306,38.88136],[-76.98313,38.88134],[-76.98313,38.88134],[-76.98321,38.88132],[-76.98321,38.88132],[-76.98321,38.88132],[-76.98329,38.88131],[-76.98329,38.8813],[-76.98338,38.88129],[-76.98338,38.88129],[-76.98338,38.88129],[-76.98346,38.88128],[-76.98346,38.88128],[-76.98354,38.88127],[-76.98354,38.88127],[-76.98355,38.88127],[-76.98362,38.88126],[-76.9837,38.88125],[-76.9837,38.88125],[-76.98378,38.88125],[-76.98378,38.88125],[-76.98378,38.88125],[-76.98393,38.88124],[-76.98393,38.88124],[-76.98401,38.88124],[-76.98401,38.88124],[-76.98409,38.88124],[-76.98409,38.88124],[-76.98455,38.88124],[-76.98666,38.88124],[-76.98701,38.88124],[-76.98701,38.88124],[-76.98708,38.88124],[-76.98716,38.88124],[-76.98716,38.88124],[-76.98723,38.88124],[-76.98724,38.88124],[-76.98731,38.88125],[-76.98731,38.88125],[-76.98731,38.88125],[-76.98739,38.88125],[-76.98739,38.88125],[-76.98746,38.88126],[-76.98746,38.88126],[-76.98754,38.88126],[-76.98754,38.88126],[-76.98754,38.88126],[-76.98761,38.88127],[-76.98762,38.88127],[-76.9877,38.88128],[-76.9877,38.88128],[-76.9877,38.88128],[-76.98779,38.8813],[-76.98779,38.8813],[-76.98787,38.88131],[-76.98787,38.88131],[-76.98787,38.88131],[-76.98796,38.88133],[-76.98796,38.88133],[-76.98804,38.88135],[-76.98804,38.88135],[-76.98804,38.88135],[-76.98811,38.88137],[-76.98812,38.88137],[-76.98826,38.88142],[-76.98826,38.88142],[-76.98826,38.88142],[-76.98833,38.88144],[-76.98833,38.88144],[-76.98839,38.88147],[-76.98839,38.88147],[-76.98853,38.88152],[-76.98853,38.88152],[-76.98853,38.88152],[-76.98873,38.8816],[-76.98873,38.8816],[-76.99515,38.88422],[-76.99702,38.88498],[-76.99749,38.88517],[-76.99754,38.88519],[-76.99754,38.88519],[-76.99769,38.88525],[-76.99777,38.88529],[-76.99785,38.88532],[-76.99793,38.88535],[-76.99809,38.8854],[-76.99816,38.88543],[-76.99825,38.88546],[-76.99833,38.88548],[-76.99843,38.88551],[-76.99854,38.88553],[-76.99865,38.88556],[-76.99876,38.88558],[-76.99887,38.88559],[-76.99898,38.88561],[-76.99909,38.88562],[-76.9992,38.88563],[-76.99931,38.88563],[-76.99943,38.88564],[-76.99954,38.88564],[-76.99965,38.88563],[-76.99976,38.88563],[-76.99988,38.88562],[-76.99999,38.88561],[-77.0001,38.88559],[-77.00018,38.88558],[-77.00027,38.88556],[-77.00035,38.88554],[-77.00044,38.88553],[-77.00052,38.88551],[-77.0006,38.88549],[-77.00069,38.88547],[-77.00077,38.88545],[-77.00077,38.88545],[-77.00085,38.88542],[-77.00094,38.8854],[-77.00094,38.8854],[-77.00122,38.88533],[-77.00141,38.88528],[-77.00141,38.88528],[-77.00159,38.88523],[-77.00159,38.88523],[-77.00168,38.88521],[-77.00168,38.88521],[-77.00178,38.88519],[-77.00178,38.88519],[-77.00187,38.88517],[-77.00187,38.88517],[-77.00187,38.88517],[-77.00196,38.88515],[-77.00196,38.88515],[-77.00206,38.88513],[-77.00206,38.88513],[-77.00215,38.88512],[-77.00215,38.88512],[-77.00215,38.88512],[-77.00227,38.8851],[-77.00228,38.8851],[-77.0024,38.88508],[-77.0024,38.88508],[-77.0024,38.88508],[-77.00252,38.88507],[-77.00252,38.88507],[-77.00262,38.88506],[-77.00262,38.88506],[-77.00272,38.88506],[-77.00272,38.88506],[-77.00281,38.88505],[-77.00281,38.88505],[-77.00291,38.88505],[-77.00291,38.88505],[-77.00301,38.88504],[-77.00301,38.88504],[-77.0031,38.88504],[-77.0032,38.88504],[-77.0032,38.88504],[-77.00349,38.88504],[-77.00418,38.88504],[-77.00629,38.88504],[-77.01491,38.88504],[-77.01701,38.88504],[-77.0175,38.88504],[-77.01756,38.88504],[-77.01756,38.88504],[-77.01762,38.88504],[-77.01768,38.88504],[-77.01774,38.88504],[-77.01774,38.88504],[-77.0178,38.88504],[-77.01786,38.88504],[-77.01804,38.88503],[-77.01822,38.88502],[-77.01828,38.88501],[-77.01846,38.88499],[-77.01853,38.88499],[-77.01853,38.88499],[-77.01853,38.88499],[-77.01859,38.88498],[-77.01877,38.88496],[-77.01883,38.88495],[-77.01883,38.88495],[-77.01911,38.88492],[-77.01911,38.88492],[-77.01917,38.88491],[-77.01923,38.8849],[-77.01923,38.8849],[-77.01935,38.88489],[-77.01935,38.88489],[-77.01935,38.88489],[-77.01941,38.88488],[-77.01947,38.88488],[-77.01947,38.88488],[-77.01947,38.88488],[-77.01966,38.88486],[-77.01966,38.88486],[-77.01972,38.88485],[-77.01972,38.88485],[-77.0199,38.88484],[-77.0199,38.88484],[-77.0199,38.88484],[-77.02007,38.88483],[-77.02014,38.88483],[-77.02014,38.88483],[-77.0202,38.88483],[-77.02026,38.88483],[-77.02026,38.88483],[-77.02032,38.88483],[-77.02032,38.88483],[-77.02038,38.88483],[-77.02044,38.88483],[-77.02045,38.88483],[-77.02106,38.88483],[-77.0219,38.88483],[-77.0219,38.88483],[-77.02197,38.88483],[-77.02197,38.88483],[-77.02316,38.88483],[-77.0241,38.88482],[-77.02431,38.88482],[-77.02431,38.88482],[-77.02438,38.88483],[-77.02445,38.88483],[-77.02449,38.88483],[-77.0245,38.88483],[-77.02451,38.88483],[-77.02452,38.88483],[-77.02459,38.88483],[-77.02459,38.88483],[-77.02466,38.88483],[-77.02466,38.88483],[-77.02466,38.88483],[-77.0248,38.88484],[-77.0248,38.88484],[-77.02493,38.88485],[-77.02493,38.88485],[-77.02493,38.88485],[-77.02506,38.88487],[-77.02507,38.88487],[-77.0252,38.88489],[-77.0252,38.88489],[-77.0252,38.88489],[-77.02533,38.88491],[-77.02533,38.88491],[-77.02546,38.88493],[-77.02546,38.88493],[-77.02546,38.88493],[-77.02559,38.88496],[-77.02559,38.88496],[-77.02572,38.885],[-77.02572,38.885],[-77.02572,38.885],[-77.02585,38.88503],[-77.02585,38.88503],[-77.02597,38.88507],[-77.02597,38.88507],[-77.02597,38.88507],[-77.0261,38.88511],[-77.0261,38.88511],[-77.02622,38.88516],[-77.02622,38.88516],[-77.02622,38.88516],[-77.02634,38.88521],[-77.02634,38.88521],[-77.02634,38.88521],[-77.02645,38.88526],[-77.02646,38.88526],[-77.02657,38.88532],[-77.02657,38.88532],[-77.02657,38.88532],[-77.02668,38.88538],[-77.02668,38.88538],[-77.02679,38.88544],[-77.02679,38.88544],[-77.02679,38.88544],[-77.02689,38.88549],[-77.02696,38.88554],[-77.02696,38.88554],[-77.02706,38.8856],[-77.02706,38.8856],[-77.02706,38.8856],[-77.02716,38.88567],[-77.02716,38.88568],[-77.02726,38.88575],[-77.02726,38.88575],[-77.02726,38.88575],[-77.02735,38.88582],[-77.02735,38.88582],[-77.02744,38.8859],[-77.02744,38.8859],[-77.02744,38.8859],[-77.02753,38.88598],[-77.02753,38.88598],[-77.02761,38.88607],[-77.02761,38.88607],[-77.02761,38.88607],[-77.02769,38.88615],[-77.02769,38.88615],[-77.02777,38.88624],[-77.02777,38.88624],[-77.02777,38.88624],[-77.02784,38.88633],[-77.02784,38.88633],[-77.02791,38.88642],[-77.02791,38.88642],[-77.02791,38.88642],[-77.02797,38.88651],[-77.02797,38.88651],[-77.02797,38.88651],[-77.02803,38.88661],[-77.02803,38.88661],[-77.02809,38.8867],[-77.02809,38.88671],[-77.02809,38.88671],[-77.02814,38.8868],[-77.02814,38.8868],[-77.02819,38.8869],[-77.02819,38.8869],[-77.02819,38.8869],[-77.02823,38.88701],[-77.02823,38.88701],[-77.02825,38.88706],[-77.02825,38.88706],[-77.02827,38.88711],[-77.02827,38.88711],[-77.02829,38.88717],[-77.02829,38.88717],[-77.02829,38.88717],[-77.02833,38.88727],[-77.02833,38.88727],[-77.02834,38.88733],[-77.02834,38.88733],[-77.02836,38.88738],[-77.02838,38.88743],[-77.02844,38.88763],[-77.02895,38.88922],[-77.02895,38.88922],[-77.02897,38.88928],[-77.02897,38.88928],[-77.02898,38.88933],[-77.029,38.88938],[-77.029,38.88938],[-77.02903,38.88949],[-77.02903,38.88949],[-77.02905,38.88954],[-77.02905,38.88954],[-77.02906,38.88959],[-77.02906,38.88959],[-77.02906,38.88959],[-77.02907,38.88965],[-77.02908,38.88965],[-77.02909,38.8897],[-77.02909,38.8897],[-77.0291,38.88975],[-77.0291,38.88976],[-77.0291,38.88976],[-77.02911,38.88981],[-77.02911,38.88981],[-77.02911,38.88988],[-77.02911,38.88988],[-77.02912,38.88995],[-77.02912,38.88995],[-77.02912,38.89002],[-77.02912,38.89002],[-77.02912,38.89002],[-77.02912,38.89009],[-77.02912,38.89009],[-77.02912,38.89013],[-77.02912,38.89019],[-77.02912,38.89019],[-77.02912,38.89019],[-77.02911,38.89026],[-77.02911,38.89026],[-77.0291,38.89033],[-77.0291,38.89033],[-77.0291,38.89033],[-77.02909,38.8904],[-77.02909,38.8904],[-77.02908,38.89047],[-77.02907,38.89047],[-77.02907,38.89047],[-77.02906,38.89054],[-77.02906,38.89054],[-77.02903,38.89061],[-77.02903,38.89061],[-77.02903,38.89061],[-77.02902,38.89067],[-77.02902,38.89067],[-77.029,38.89072],[-77.02899,38.89072],[-77.02897,38.89077],[-77.02897,38.89077],[-77.02897,38.89077],[-77.02895,38.89082],[-77.02895,38.89082],[-77.02893,38.89087],[-77.02893,38.89087],[-77.0289,38.89092],[-77.02888,38.89097],[-77.02888,38.89097],[-77.02885,38.89102],[-77.02885,38.89102],[-77.02883,38.89107],[-77.0288,38.89112],[-77.0288,38.89112],[-77.02855,38.89159],[-77.02847,38.89175],[-77.02847,38.89175],[-77.02843,38.89182],[-77.02841,38.89186],[-77.02841,38.89186],[-77.02839,38.8919],[-77.02837,38.89194],[-77.02834,38.89202],[-77.02832,38.89205],[-77.0283,38.89209],[-77.02829,38.89213],[-77.02827,38.89219],[-77.02825,38.89226],[-77.02823,38.89232],[-77.02822,38.89238],[-77.0282,38.89245],[-77.02819,38.89251],[-77.02819,38.89255],[-77.02818,38.89259],[-77.02818,38.89263],[-77.02818,38.89271],[-77.02818,38.89275],[-77.02818,38.89279],[-77.02818,38.8928],[-77.02818,38.89284],[-77.02818,38.89301],[-77.02818,38.89301],[-77.02817,38.89466],[-77.02817,38.89497],[-77.02817,38.89497],[-77.02817,38.895],[-77.02817,38.89516],[-77.02817,38.89516],[-77.02817,38.89519],[-77.02817,38.89522],[-77.02817,38.89522],[-77.02816,38.89551],[-77.02816,38.89551],[-77.02816,38.89553],[-77.02816,38.89556],[-77.02816,38.89559],[-77.02816,38.89564],[-77.02816,38.89564],[-77.02815,38.89567],[-77.02815,38.8957],[-77.02815,38.89573],[-77.02815,38.89573],[-77.02815,38.89575],[-77.02815,38.89578],[-77.02815,38.89578],[-77.02813,38.89619],[-77.02813,38.89619],[-77.02813,38.89622],[-77.02813,38.89624],[-77.02813,38.89627],[-77.02813,38.89627],[-77.02812,38.8963],[-77.02812,38.89633],[-77.02812,38.89635],[-77.02812,38.89635],[-77.02812,38.89638],[-77.02812,38.89641],[-77.02812,38.89643],[-77.02812,38.89646],[-77.02811,38.89676],[-77.02811,38.89676],[-77.02811,38.89679],[-77.02811,38.89692],[-77.02811,38.89692],[-77.02811,38.89695],[-77.02811,38.89834],[-77.02811,38.89932],[-77.02811,38.89943],[-77.02811,38.89949],[-77.02812,38.89954],[-77.02812,38.8996],[-77.02813,38.89965],[-77.02814,38.8997],[-77.02815,38.89977],[-77.02817,38.89983],[-77.02819,38.8999],[-77.02821,38.89996],[-77.02824,38.90002],[-77.02826,38.90008],[-77.0283,38.90015],[-77.0283,38.90016],[-77.02834,38.90022],[-77.02838,38.90028],[-77.02842,38.90033],[-77.02846,38.90039],[-77.02851,38.90044],[-77.02856,38.9005],[-77.02861,38.90055],[-77.02866,38.9006],[-77.02872,38.90065],[-77.02877,38.9007],[-77.02883,38.90075],[-77.02889,38.90079],[-77.02896,38.90083],[-77.02902,38.90088],[-77.02909,38.90092],[-77.02916,38.90095],[-77.02923,38.90099],[-77.0293,38.90102],[-77.02938,38.90106],[-77.02945,38.90109],[-77.02953,38.90111],[-77.0296,38.90114],[-77.02968,38.90116],[-77.02976,38.90118],[-77.02984,38.9012],[-77.02992,38.90122],[-77.03001,38.90124],[-77.03009,38.90125],[-77.03017,38.90126],[-77.03024,38.90127],[-77.03031,38.90127],[-77.03038,38.90128],[-77.03045,38.90128],[-77.03052,38.90128],[-77.03066,38.90128],[-77.03073,38.90129],[-77.03104,38.90129],[-77.03243,38.90129],[-77.03454,38.90129],[-77.03851,38.90129],[-77.03946,38.90129],[-77.04157,38.90129],[-77.04374,38.90128],[-77.04395,38.90128],[-77.04407,38.90128],[-77.04413,38.90128],[-77.0442,38.90128],[-77.04427,38.90127],[-77.04434,38.90127],[-77.04441,38.90126],[-77.04451,38.90125],[-77.0446,38.90124],[-77.0447,38.90122],[-77.0448,38.9012],[-77.04486,38.90119],[-77.04493,38.90117],[-77.04499,38.90116],[-77.04506,38.90114],[-77.04513,38.90112],[-77.04519,38.9011],[-77.04519,38.9011],[-77.04526,38.90108],[-77.04532,38.90106],[-77.04539,38.90104],[-77.04539,38.90104],[-77.04545,38.90102],[-77.04567,38.90095],[-77.04567,38.90095],[-77.04574,38.90093],[-77.0458,38.90091],[-77.0458,38.90091],[-77.04587,38.90089],[-77.04593,38.90087],[-77.04593,38.90087],[-77.046,38.90085],[-77.046,38.90085],[-77.04607,38.90083],[-77.04607,38.90083],[-77.04613,38.90081],[-77.04613,38.90081],[-77.04613,38.90081],[-77.0462,38.90079],[-77.0462,38.90079],[-77.04627,38.90078],[-77.04627,38.90078],[-77.04634,38.90076],[-77.04634,38.90076],[-77.04634,38.90076],[-77.04643,38.90074],[-77.04643,38.90074],[-77.04652,38.90073],[-77.04652,38.90073],[-77.04652,38.90073],[-77.04661,38.90071],[-77.04661,38.90071],[-77.04671,38.9007],[-77.04671,38.9007],[-77.04671,38.9007],[-77.04678,38.9007],[-77.04678,38.9007],[-77.04685,38.90069],[-77.04685,38.90069],[-77.04692,38.90069],[-77.04692,38.90069],[-77.04692,38.90069],[-77.04699,38.90069],[-77.04699,38.90069],[-77.04712,38.90068],[-77.04731,38.90068],[-77.04731,38.90068],[-77.04774,38.90068],[-77.0491,38.90068],[-77.05121,38.90068],[-77.05501,38.90068],[-77.05522,38.90068],[-77.05525,38.90068],[-77.05525,38.90068],[-77.05536,38.90068],[-77.05665,38.90066],[-77.05794,38.90062],[-77.05794,38.90062],[-77.05797,38.90062],[-77.05801,38.90062],[-77.05801,38.90062],[-77.05801,38.90062],[-77.05804,38.90061],[-77.05808,38.90061],[-77.05808,38.90061],[-77.05808,38.90061],[-77.05811,38.90061],[-77.05815,38.90061],[-77.05815,38.90061],[-77.05815,38.90061],[-77.05818,38.90061],[-77.05822,38.90061],[-77.05822,38.90061],[-77.05822,38.90061],[-77.05825,38.90061],[-77.05829,38.9006],[-77.05829,38.9006],[-77.05829,38.9006],[-77.06727,38.90021],[-77.06736,38.90021],[-77.06745,38.9002],[-77.06754,38.9002],[-77.06754,38.9002],[-77.06754,38.9002],[-77.06762,38.90019],[-77.06771,38.90019],[-77.06781,38.90018],[-77.06791,38.90018],[-77.06794,38.90017],[-77.06803,38.90016],[-77.06814,38.90014],[-77.06826,38.90012],[-77.06837,38.9001],[-77.06839,38.90009],[-77.06848,38.90007],[-77.0686,38.90004],[-77.06871,38.9],[-77.06882,38.89997],[-77.06892,38.89993],[-77.06903,38.89989],[-77.06913,38.89984],[-77.06923,38.89979],[-77.06933,38.89974],[-77.06943,38.89969],[-77.06953,38.89964],[-77.06962,38.89958],[-77.06971,38.89952],[-77.06979,38.89945],[-77.06988,38.89939],[-77.06996,38.89932],[-77.07004,38.89925],[-77.07011,38.89918],[-77.07019,38.89911],[-77.07025,38.89903],[-77.07032,38.89895],[-77.07038,38.89887],[-77.07044,38.89879],[-77.0705,38.89871],[-77.07055,38.89863],[-77.0706,38.89854],[-77.07064,38.89846],[-77.07068,38.89837],[-77.07072,38.89828],[-77.07075,38.89819],[-77.07078,38.8981],[-77.0708,38.89801],[-77.07082,38.89792],[-77.07084,38.89783],[-77.07085,38.89774],[-77.07086,38.89767],[-77.07086,38.8976],[-77.07086,38.89753],[-77.07087,38.89746],[-77.07087,38.8974],[-77.07086,38.89733],[-77.07086,38.89726],[-77.07086,38.89719],[-77.07085,38.89705],[-77.07084,38.89682],[-77.07076,38.89518],[-77.07075,38.89495],[-77.07076,38.89427],[-77.07076,38.89423],[-77.07077,38.89417],[-77.07078,38.89411],[-77.0708,38.89404],[-77.07081,38.89401],[-77.07082,38.89397],[-77.07085,38.8939],[-77.07087,38.89383],[-77.0709,38.89376],[-77.07094,38.8937],[-77.07097,38.89363],[-77.07101,38.89356],[-77.07105,38.8935],[-77.0711,38.89344],[-77.07115,38.89337],[-77.0712,38.89331],[-77.07125,38.89325],[-77.0713,38.8932],[-77.07136,38.89314],[-77.07142,38.89309],[-77.07149,38.89303],[-77.07155,38.89298],[-77.07162,38.89293],[-77.07169,38.89289],[-77.07175,38.89284],[-77.07181,38.8928],[-77.07189,38.89275],[-77.07197,38.89271],[-77.07208,38.89265],[-77.07212,38.89263],[-77.0722,38.89259],[-77.07228,38.89256],[-77.07236,38.89253],[-77.07245,38.8925],[-77.07254,38.89247],[-77.07262,38.89245],[-77.07271,38.89243],[-77.0728,38.89241],[-77.07288,38.8924],[-77.07295,38.89239],[-77.07303,38.89237],[-77.0731,38.89236],[-77.07318,38.89236],[-77.07326,38.89235],[-77.07333,38.89234],[-77.07341,38.89233],[-77.07349,38.89233],[-77.07356,38.89232],[-77.08146,38.8917],[-77.08153,38.8917],[-77.0816,38.89169],[-77.08167,38.89169],[-77.08174,38.89168],[-77.08181,38.89168],[-77.08188,38.89167],[-77.08195,38.89166],[-77.08202,38.89166],[-77.08209,38.89165],[-77.08216,38.89164],[-77.08249,38.8916],[-77.08282,38.89155],[-77.08314,38.8915],[-77.08347,38.89143],[-77.08379,38.89136],[-77.08411,38.89127],[-77.08442,38.89118],[-77.08473,38.89108],[-77.08503,38.89097],[-77.0851,38.89095],[-77.08516,38.89093],[-77.08522,38.8909],[-77.08529,38.89088],[-77.08535,38.89085],[-77.08541,38.89083],[-77.08547,38.8908],[-77.08554,38.89078],[-77.0856,38.89075],[-77.08566,38.89073],[-77.08615,38.89053],[-77.08619,38.89052],[-77.08802,38.88977],[-77.08991,38.88901],[-77.08997,38.88899],[-77.09003,38.88896],[-77.09009,38.88893],[-77.09016,38.88891],[-77.09022,38.88888],[-77.09028,38.88886],[-77.09034,38.88883],[-77.09041,38.88881],[-77.09047,38.88878],[-77.09053,38.88876],[-77.09085,38.88864],[-77.09091,38.88861],[-77.09097,38.88859],[-77.09103,38.88857],[-77.0911,38.88854],[-77.09116,38.88852],[-77.09123,38.88849],[-77.09129,38.88847],[-77.09135,38.88845],[-77.09142,38.88842],[-77.09148,38.8884],[-77.09233,38.88809],[-77.09238,38.88807],[-77.09244,38.88805],[-77.09249,38.88803],[-77.09254,38.88801],[-77.0926,38.88798],[-77.09265,38.88796],[-77.09271,38.88794],[-77.09276,38.88792],[-77.09282,38.8879],[-77.09287,38.88788],[-77.09313,38.88777],[-77.09319,38.88774],[-77.09324,38.88772],[-77.09329,38.8877],[-77.09334,38.88767],[-77.09339,38.88765],[-77.09345,38.88762],[-77.0935,38.8876],[-77.09355,38.88758],[-77.0936,38.88755],[-77.09365,38.88753],[-77.09373,38.88749],[-77.09446,38.88714],[-77.09626,38.88628],[-77.09762,38.88563],[-77.09768,38.88561],[-77.09774,38.88558],[-77.0978,38.88555],[-77.09786,38.88552],[-77.09792,38.88549],[-77.09798,38.88546],[-77.09804,38.88544],[-77.0981,38.88541],[-77.09817,38.88538],[-77.09823,38.88535],[-77.09853,38.88522],[-77.09859,38.88519],[-77.09865,38.88516],[-77.09872,38.88514],[-77.09878,38.88511],[-77.09884,38.88509],[-77.0989,38.88506],[-77.09896,38.88503],[-77.09903,38.88501],[-77.09909,38.88498],[-77.09915,38.88496],[-77.10201,38.88379],[-77.10388,38.88302],[-77.1041,38.88293],[-77.10411,38.88293],[-77.10419,38.8829],[-77.10427,38.88286],[-77.10434,38.88283],[-77.10442,38.8828],[-77.1045,38.88277],[-77.10458,38.88275],[-77.10466,38.88272],[-77.10474,38.88269],[-77.10482,38.88267],[-77.1049,38.88264],[-77.10499,38.88261],[-77.10508,38.88259],[-77.10513,38.88258],[-77.10521,38.88256],[-77.1053,38.88254],[-77.10539,38.88253],[-77.10547,38.88252],[-77.10556,38.88251],[-77.10564,38.8825],[-77.10573,38.88249],[-77.10582,38.88249],[-77.1059,38.88248],[-77.10599,38.88248],[-77.10608,38.88247],[-77.10616,38.88247],[-77.10984,38.88231],[-77.10987,38.8823],[-77.10991,38.8823],[-77.10994,38.8823],[-77.10998,38.8823],[-77.11001,38.8823],[-77.11005,38.8823],[-77.11008,38.88229],[-77.11012,38.88229],[-77.11015,38.88229],[-77.11019,38.88229],[-77.11054,38.88228],[-77.11058,38.88228],[-77.11061,38.88228],[-77.11065,38.88227],[-77.11068,38.88227],[-77.11072,38.88227],[-77.11075,38.88227],[-77.11079,38.88227],[-77.11082,38.88227],[-77.11086,38.88227],[-77.11089,38.88227],[-77.11214,38.88224],[-77.11424,38.88218],[-77.11519,38.88216],[-77.11519,38.88216],[-77.1152,38.88216],[-77.1152,38.88216],[-77.1152,38.88216],[-77.11521,38.88216],[-77.11521,38.88216],[-77.11522,38.88216],[-77.11522,38.88216],[-77.11522,38.88216],[-77.11523,38.88216],[-77.11523,38.88216],[-77.11523,38.88216],[-77.11524,38.88216],[-77.11524,38.88216],[-77.11524,38.88216],[-77.11525,38.88216],[-77.11525,38.88216],[-77.11525,38.88216],[-77.11526,38.88216],[-77.11526,38.88216],[-77.11526,38.88216],[-77.11527,38.88215],[-77.11527,38.88215],[-77.11527,38.88215],[-77.11528,38.88215],[-77.11528,38.88215],[-77.11529,38.88215],[-77.11529,38.88215],[-77.11529,38.88215],[-77.1153,38.88215],[-77.1153,38.88215],[-77.1153,38.88215],[-77.11531,38.88215],[-77.11531,38.88215],[-77.11531,38.88215],[-77.11532,38.88215],[-77.11532,38.88215],[-77.11532,38.88215],[-77.11533,38.88215],[-77.11533,38.88215],[-77.11533,38.88215],[-77.11534,38.88215],[-77.11534,38.88215],[-77.11534,38.88215],[-77.11535,38.88215],[-77.11535,38.88215],[-77.11536,38.88215],[-77.11536,38.88215],[-77.11536,38.88215],[-77.11537,38.88215],[-77.11537,38.88215],[-77.11537,38.88215],[-77.11538,38.88215],[-77.11538,38.88215],[-77.11538,38.88215],[-77.11539,38.88215],[-77.11539,38.88215],[-77.11539,38.88215],[-77.1154,38.88215],[-77.1154,38.88215],[-77.1154,38.88215],[-77.11541,38.88215],[-77.11541,38.88215],[-77.11542,38.88215],[-77.11542,38.88215],[-77.11542,38.88215],[-77.11543,38.88215],[-77.11543,38.88215],[-77.11543,38.88215],[-77.11544,38.88215],[-77.11544,38.88215],[-77.11544,38.88215],[-77.11545,38.88215],[-77.11545,38.88215],[-77.11545,38.88215],[-77.11546,38.88215],[-77.11546,38.88215],[-77.11546,38.88215],[-77.11547,38.88215],[-77.11547,38.88215],[-77.11547,38.88215],[-77.11548,38.88215],[-77.11548,38.88215],[-77.11549,38.88215],[-77.11549,38.88215],[-77.11549,38.88215],[-77.1155,38.88215],[-77.1155,38.88215],[-77.1155,38.88215],[-77.11551,38.88215],[-77.11551,38.88215],[-77.11551,38.88215],[-77.11552,38.88215],[-77.11552,38.88215],[-77.11552,38.88215],[-77.11553,38.88215],[-77.11553,38.88215],[-77.11553,38.88215],[-77.11554,38.88215],[-77.11554,38.88215],[-77.11555,38.88215],[-77.11555,38.88215],[-77.11555,38.88215],[-77.11556,38.88215],[-77.11556,38.88215],[-77.11556,38.88215],[-77.11557,38.88215],[-77.11557,38.88215],[-77.11557,38.88215],[-77.11558,38.88215],[-77.11558,38.88215],[-77.11558,38.88215],[-77.11559,38.88215],[-77.11559,38.88215],[-77.11559,38.88215],[-77.1156,38.88215],[-77.1156,38.88215],[-77.1156,38.88215],[-77.11561,38.88215],[-77.11561,38.88215],[-77.11562,38.88215],[-77.11562,38.88215],[-77.11562,38.88215],[-77.11563,38.88215],[-77.11563,38.88214],[-77.11563,38.88214],[-77.11564,38.88214],[-77.11564,38.88214],[-77.11564,38.88214],[-77.11565,38.88214],[-77.11565,38.88214],[-77.11565,38.88214],[-77.11566,38.88214],[-77.11566,38.88214],[-77.11566,38.88214],[-77.11567,38.88214],[-77.11567,38.88214],[-77.11567,38.88214],[-77.11568,38.88214],[-77.11568,38.88214],[-77.11569,38.88214],[-77.11569,38.88214],[-77.11569,38.88214],[-77.1157,38.88214],[-77.1157,38.88214],[-77.1157,38.88214],[-77.11571,38.88214],[-77.11571,38.88214],[-77.11571,38.88214],[-77.11572,38.88214],[-77.11572,38.88214],[-77.11572,38.88214],[-77.11573,38.88214],[-77.11573,38.88214],[-77.11573,38.88214],[-77.11574,38.88214],[-77.11574,38.88214],[-77.11575,38.88214],[-77.11575,38.88214],[-77.11575,38.88214],[-77.11576,38.88214],[-77.11576,38.88214],[-77.11576,38.88214],[-77.11577,38.88214],[-77.11577,38.88214],[-77.11577,38.88214],[-77.11578,38.88214],[-77.11578,38.88214],[-77.11578,38.88214],[-77.11579,38.88214],[-77.11579,38.88214],[-77.11579,38.88214],[-77.1158,38.88214],[-77.1158,38.88214],[-77.1158,38.88214],[-77.11581,38.88214],[-77.11581,38.88214],[-77.11582,38.88214],[-77.11582,38.88214],[-77.11582,38.88214],[-77.11583,38.88214],[-77.11583,38.88214],[-77.11583,38.88214],[-77.11584,38.88214],[-77.11584,38.88214],[-77.11584,38.88214],[-77.11585,38.88214],[-77.11585,38.88214],[-77.11585,38.88214],[-77.11586,38.88214],[-77.11586,38.88214],[-77.11586,38.88214],[-77.11587,38.88214],[-77.11587,38.88214],[-77.11588,38.88214],[-77.11588,38.88214],[-77.11588,38.88214],[-77.11589,38.88214],[-77.11589,38.88214],[-77.11589,38.88214],[-77.1159,38.88214],[-77.1159,38.88214],[-77.1159,38.88214],[-77.11637,38.88211],[-77.11637,38.88211],[-77.11637,38.88211],[-77.11637,38.88211],[-77.11638,38.88211],[-77.11638,38.88211],[-77.11638,38.88211],[-77.11639,38.88211],[-77.11639,38.88211],[-77.11639,38.88211],[-77.1164,38.88211],[-77.1164,38.88211],[-77.1164,38.88211],[-77.11641,38.88211],[-77.11641,38.88211],[-77.11642,38.88211],[-77.11642,38.88211],[-77.11642,38.88211],[-77.11643,38.88211],[-77.11643,38.88211],[-77.11643,38.88211],[-77.11644,38.88211],[-77.11644,38.88211],[-77.11644,38.88211],[-77.11645,38.88211],[-77.11645,38.88211],[-77.11645,38.88211],[-77.11646,38.88211],[-77.11646,38.88211],[-77.11646,38.88211],[-77.11647,38.88211],[-77.11647,38.88211],[-77.11647,38.88211],[-77.11648,38.88211],[-77.11648,38.88211],[-77.11649,38.88211],[-77.11649,38.88211],[-77.11649,38.88211],[-77.1165,38.88211],[-77.1165,38.88211],[-77.1165,38.88211],[-77.11651,38.88211],[-77.11651,38.88211],[-77.11651,38.88211],[-77.11652,38.88211],[-77.11652,38.8821],[-77.11652,38.8821],[-77.11653,38.8821],[-77.11653,38.8821],[-77.11653,38.8821],[-77.11654,38.8821],[-77.11654,38.8821],[-77.11654,38.8821],[-77.11655,38.8821],[-77.11655,38.8821],[-77.11656,38.8821],[-77.11656,38.8821],[-77.11656,38.8821],[-77.11657,38.8821],[-77.11657,38.8821],[-77.11657,38.8821],[-77.11658,38.8821],[-77.11658,38.8821],[-77.11658,38.8821],[-77.11659,38.8821],[-77.11659,38.8821],[-77.11659,38.8821],[-77.1166,38.8821],[-77.1166,38.8821],[-77.1166,38.8821],[-77.11661,38.8821],[-77.11661,38.8821],[-77.11661,38.8821],[-77.11662,38.8821],[-77.11662,38.8821],[-77.11663,38.8821],[-77.11663,38.8821],[-77.11663,38.8821],[-77.11664,38.8821],[-77.11664,38.8821],[-77.11664,38.8821],[-77.11665,38.8821],[-77.11665,38.8821],[-77.11665,38.8821],[-77.11666,38.8821],[-77.11666,38.8821],[-77.11666,38.8821],[-77.11667,38.8821],[-77.11667,38.8821],[-77.11667,38.8821],[-77.11668,38.8821],[-77.11668,38.8821],[-77.11668,38.8821],[-77.11669,38.8821],[-77.11669,38.88209],[-77.1167,38.88209],[-77.1167,38.88209],[-77.1167,38.88209],[-77.11671,38.88209],[-77.11671,38.88209],[-77.11671,38.88209],[-77.11672,38.88209],[-77.11672,38.88209],[-77.11672,38.88209],[-77.11673,38.88209],[-77.11673,38.88209],[-77.11673,38.88209],[-77.11674,38.88209],[-77.11674,38.88209],[-77.11674,38.88209],[-77.11675,38.88209],[-77.11675,38.88209],[-77.11675,38.88209],[-77.11676,38.88209],[-77.11676,38.88209],[-77.11677,38.88209],[-77.11677,38.88209],[-77.11677,38.88209],[-77.11678,38.88209],[-77.11678,38.88209],[-77.11678,38.88209],[-77.11679,38.88209],[-77.11679,38.88209],[-77.11679,38.88209],[-77.1168,38.88209],[-77.1168,38.88209],[-77.1168,38.88209],[-77.11681,38.88209],[-77.11681,38.88209],[-77.11681,38.88209],[-77.11682,38.88209],[-77.11682,38.88209],[-77.11683,38.88209],[-77.11683,38.88209],[-77.11683,38.88209],[-77.11684,38.88209],[-77.11684,38.88209],[-77.12037,38.88187],[-77.12037,38.88187],[-77.12037,38.88187],[-77.12038,38.88187],[-77.12038,38.88187],[-77.12039,38.88187],[-77.12039,38.88187],[-77.12039,38.88187],[-77.1204,38.88187],[-77.1204,38.88187],[-77.1204,38.88187],[-77.12041,38.88187],[-77.12041,38.88187],[-77.12041,38.88187],[-77.12042,38.88187],[-77.12042,38.88187],[-77.12042,38.88187],[-77.12043,38.88187],[-77.12043,38.88187],[-77.12043,38.88187],[-77.12044,38.88186],[-77.12044,38.88186],[-77.12044,38.88186],[-77.12045,38.88186],[-77.12045,38.88186],[-77.12046,38.88186],[-77.12046,38.88186],[-77.12046,38.88186],[-77.12047,38.88186],[-77.12047,38.88186],[-77.12047,38.88186],[-77.12048,38.88186],[-77.12048,38.88186],[-77.12048,38.88186],[-77.12049,38.88186],[-77.12049,38.88186],[-77.12049,38.88186],[-77.1205,38.88186],[-77.1205,38.88186],[-77.1205,38.88186],[-77.12051,38.88186],[-77.12051,38.88186],[-77.12051,38.88186],[-77.12052,38.88186],[-77.12052,38.88186],[-77.12053,38.88186],[-77.12053,38.88186],[-77.12053,38.88186],[-77.12054,38.88186],[-77.12054,38.88186],[-77.12054,38.88186],[-77.12055,38.88186],[-77.12055,38.88186],[-77.12055,38.88186],[-77.12056,38.88186],[-77.12056,38.88186],[-77.12056,38.88186],[-77.12057,38.88186],[-77.12057,38.88186],[-77.12057,38.88186],[-77.12058,38.88186],[-77.12058,38.88186],[-77.12058,38.88186],[-77.12059,38.88186],[-77.12059,38.88186],[-77.1206,38.88185],[-77.1206,38.88185],[-77.1206,38.88185],[-77.12061,38.88185],[-77.12061,38.88185],[-77.12061,38.88185],[-77.12062,38.88185],[-77.12062,38.88185],[-77.12062,38.88185],[-77.12063,38.88185],[-77.12063,38.88185],[-77.12063,38.88185],[-77.12064,38.88185],[-77.12064,38.88185],[-77.12064,38.88185],[-77.12065,38.88185],[-77.12065,38.88185],[-77.12065,38.88185],[-77.12066,38.88185],[-77.12066,38.88185],[-77.12067,38.88185],[-77.12067,38.88185],[-77.12067,38.88185],[-77.12068,38.88185],[-77.12068,38.88185],[-77.12068,38.88185],[-77.12069,38.88185],[-77.12069,38.88185],[-77.12069,38.88185],[-77.1207,38.88185],[-77.1207,38.88185],[-77.1207,38.88185],[-77.12071,38.88185],[-77.12071,38.88185],[-77.12071,38.88185],[-77.12072,38.88185],[-77.12072,38.88185],[-77.12072,38.88185],[-77.12073,38.88185],[-77.12073,38.88185],[-77.12074,38.88185],[-77.12074,38.88184],[-77.12074,38.88184],[-77.12075,38.88184],[-77.12075,38.88184],[-77.12075,38.88184],[-77.12076,38.88184],[-77.12076,38.88184],[-77.12076,38.88184],[-77.12077,38.88184],[-77.12077,38.88184],[-77.12077,38.88184],[-77.12078,38.88184],[-77.12078,38.88184],[-77.12078,38.88184],[-77.12079,38.88184],[-77.12079,38.88184],[-77.12079,38.88184],[-77.1208,38.88184],[-77.1208,38.88184],[-77.12081,38.88184],[-77.12081,38.88184],[-77.12081,38.88184],[-77.12082,38.88184],[-77.12082,38.88184],[-77.12082,38.88184],[-77.12083,38.88184],[-77.12083,38.88184],[-77.12083,38.88184],[-77.12084,38.88184],[-77.12084,38.88184],[-77.12084,38.88184],[-77.12085,38.88184],[-77.12085,38.88184],[-77.12085,38.88184],[-77.12086,38.88184],[-77.12086,38.88184],[-77.12086,38.88184],[-77.12087,38.88184],[-77.12087,38.88183],[-77.12088,38.88183],[-77.12088,38.88183],[-77.12088,38.88183],[-77.12089,38.88183],[-77.12089,38.88183],[-77.12089,38.88183],[-77.1209,38.88183],[-77.1209,38.88183],[-77.1209,38.88183],[-77.12091,38.88183],[-77.12091,38.88183],[-77.12091,38.88183],[-77.12092,38.88183],[-77.12092,38.88183],[-77.12092,38.88183],[-77.12093,38.88183],[-77.12093,38.88183],[-77.12093,38.88183],[-77.12094,38.88183],[-77.12094,38.88183],[-77.12095,38.88183],[-77.12095,38.88183],[-77.12095,38.88183],[-77.12096,38.88183],[-77.12096,38.88183],[-77.12096,38.88183],[-77.12097,38.88183],[-77.12097,38.88183],[-77.12097,38.88183],[-77.12098,38.88183],[-77.12098,38.88183],[-77.12098,38.88183],[-77.12099,38.88182],[-77.12099,38.88182],[-77.12099,38.88182],[-77.121,38.88182],[-77.121,38.88182],[-77.121,38.88182],[-77.12101,38.88182],[-77.12101,38.88182],[-77.12101,38.88182],[-77.12102,38.88182],[-77.12102,38.88182],[-77.12103,38.88182],[-77.12103,38.88182],[-77.12103,38.88182],[-77.12104,38.88182],[-77.12104,38.88182],[-77.12104,38.88182],[-77.12105,38.88182],[-77.12105,38.88182],[-77.12105,38.88182],[-77.12106,38.88182],[-77.12106,38.88182],[-77.12106,38.88182],[-77.12107,38.88182],[-77.12107,38.88182],[-77.12107,38.88182],[-77.12108,38.88182],[-77.12108,38.88182],[-77.12108,38.88182],[-77.12109,38.88182],[-77.12109,38.88181],[-77.1211,38.88181],[-77.1211,38.88181],[-77.1211,38.88181],[-77.12111,38.88181],[-77.12111,38.88181],[-77.12111,38.88181],[-77.12112,38.88181],[-77.12112,38.88181],[-77.12112,38.88181],[-77.12113,38.88181],[-77.12113,38.88181],[-77.12113,38.88181],[-77.12114,38.88181],[-77.12114,38.88181],[-77.12114,38.88181],[-77.12115,38.88181],[-77.12115,38.88181],[-77.12115,38.88181],[-77.12116,38.88181],[-77.12116,38.88181],[-77.12116,38.88181],[-77.12117,38.88181],[-77.12117,38.88181],[-77.12118,38.88181],[-77.12118,38.88181],[-77.12118,38.88181],[-77.12119,38.8818],[-77.12119,38.8818],[-77.12119,38.8818],[-77.1212,38.8818],[-77.1212,38.8818],[-77.1212,38.8818],[-77.12121,38.8818],[-77.12121,38.8818],[-77.12121,38.8818],[-77.12122,38.8818],[-77.12122,38.8818],[-77.12122,38.8818],[-77.12123,38.8818],[-77.12123,38.8818],[-77.12123,38.8818],[-77.12124,38.8818],[-77.12124,38.8818],[-77.12124,38.8818],[-77.12125,38.8818],[-77.12125,38.8818],[-77.12126,38.8818],[-77.12126,38.8818],[-77.12126,38.8818],[-77.12127,38.8818],[-77.12127,38.8818],[-77.12127,38.88179],[-77.12128,38.88179],[-77.12128,38.88179],[-77.12128,38.88179],[-77.12129,38.88179],[-77.12129,38.88179],[-77.12129,38.88179],[-77.1213,38.88179],[-77.1213,38.88179],[-77.1213,38.88179],[-77.12131,38.88179],[-77.12131,38.88179],[-77.12131,38.88179],[-77.12132,38.88179],[-77.12132,38.88179],[-77.12132,38.88179],[-77.12133,38.88179],[-77.12133,38.88179],[-77.12134,38.88179],[-77.12134,38.88179],[-77.12134,38.88179],[-77.12135,38.88179],[-77.12135,38.88178],[-77.12135,38.88178],[-77.12136,38.88178],[-77.12136,38.88178],[-77.12136,38.88178],[-77.12137,38.88178],[-77.12137,38.88178],[-77.12137,38.88178],[-77.12138,38.88178],[-77.12138,38.88178],[-77.12138,38.88178],[-77.12139,38.88178],[-77.12139,38.88178],[-77.12139,38.88178],[-77.1214,38.88178],[-77.1214,38.88178],[-77.1214,38.88178],[-77.12156,38.88175],[-77.12173,38.88172],[-77.12189,38.88169],[-77.12204,38.88165],[-77.1222,38.88161],[-77.12236,38.88156],[-77.12251,38.88151],[-77.12266,38.88146],[-77.12281,38.8814],[-77.12296,38.88134],[-77.12296,38.88134],[-77.12296,38.88134],[-77.12297,38.88134],[-77.12297,38.88134],[-77.12297,38.88133],[-77.12297,38.88133],[-77.12298,38.88133],[-77.12298,38.88133],[-77.12298,38.88133],[-77.12299,38.88133],[-77.12299,38.88133],[-77.12299,38.88132],[-77.123,38.88132],[-77.123,38.88132],[-77.123,38.88132],[-77.123,38.88132],[-77.12301,38.88132],[-77.12301,38.88132],[-77.12301,38.88131],[-77.12302,38.88131],[-77.12302,38.88131],[-77.12302,38.88131],[-77.12303,38.88131],[-77.12303,38.88131],[-77.12303,38.88131],[-77.12304,38.8813],[-77.12304,38.8813],[-77.12304,38.8813],[-77.12304,38.8813],[-77.12305,38.8813],[-77.12305,38.8813],[-77.12305,38.8813],[-77.12306,38.8813],[-77.12306,38.88129],[-77.12306,38.88129],[-77.12307,38.88129],[-77.12307,38.88129],[-77.12307,38.88129],[-77.12307,38.88129],[-77.12308,38.88129],[-77.12308,38.88128],[-77.12308,38.88128],[-77.12309,38.88128],[-77.12309,38.88128],[-77.12309,38.88128],[-77.1231,38.88128],[-77.1231,38.88128],[-77.1231,38.88127],[-77.12311,38.88127],[-77.12311,38.88127],[-77.12311,38.88127],[-77.12311,38.88127],[-77.12312,38.88127],[-77.12312,38.88127],[-77.12312,38.88126],[-77.12313,38.88126],[-77.12313,38.88126],[-77.12313,38.88126],[-77.12314,38.88126],[-77.12314,38.88126],[-77.12314,38.88126],[-77.12314,38.88125],[-77.12315,38.88125],[-77.12315,38.88125],[-77.12315,38.88125],[-77.12316,38.88125],[-77.12316,38.88125],[-77.12316,38.88125],[-77.12317,38.88124],[-77.12317,38.88124],[-77.12317,38.88124],[-77.12317,38.88124],[-77.12318,38.88124],[-77.12318,38.88124],[-77.12318,38.88124],[-77.12319,38.88123],[-77.12319,38.88123],[-77.12319,38.88123],[-77.1232,38.88123],[-77.1232,38.88123],[-77.1232,38.88123],[-77.1232,38.88123],[-77.12321,38.88122],[-77.12321,38.88122],[-77.12321,38.88122],[-77.12322,38.88122],[-77.12322,38.88122],[-77.12322,38.88122],[-77.12322,38.88122],[-77.12323,38.88121],[-77.12323,38.88121],[-77.12323,38.88121],[-77.12324,38.88121],[-77.12324,38.88121],[-77.12324,38.88121],[-77.12325,38.8812],[-77.12325,38.8812],[-77.12325,38.8812],[-77.12325,38.8812],[-77.12326,38.8812],[-77.12326,38.8812],[-77.12326,38.8812],[-77.12327,38.88119],[-77.12327,38.88119],[-77.12327,38.88119],[-77.12328,38.88119],[-77.12328,38.88119],[-77.12328,38.88119],[-77.12328,38.88119],[-77.12329,38.88118],[-77.12329,38.88118],[-77.12329,38.88118],[-77.1233,38.88118],[-77.1233,38.88118],[-77.1233,38.88118],[-77.1233,38.88118],[-77.12331,38.88117],[-77.12331,38.88117],[-77.12331,38.88117],[-77.12332,38.88117],[-77.12332,38.88117],[-77.12332,38.88117],[-77.12333,38.88116],[-77.12333,38.88116],[-77.12333,38.88116],[-77.12333,38.88116],[-77.12334,38.88116],[-77.12334,38.88116],[-77.12334,38.88116],[-77.12335,38.88115],[-77.12335,38.88115],[-77.12335,38.88115],[-77.12335,38.88115],[-77.12336,38.88115],[-77.12336,38.88115],[-77.12336,38.88115],[-77.12337,38.88114],[-77.12337,38.88114],[-77.12337,38.88114],[-77.12338,38.88114],[-77.12338,38.88114],[-77.12338,38.88114],[-77.12338,38.88113],[-77.12339,38.88113],[-77.12339,38.88113],[-77.12339,38.88113],[-77.1234,38.88113],[-77.1234,38.88113],[-77.1234,38.88113],[-77.1234,38.88112],[-77.12341,38.88112],[-77.12341,38.88112],[-77.12341,38.88112],[-77.12342,38.88112],[-77.12342,38.88112],[-77.12342,38.88111],[-77.12343,38.88111],[-77.12343,38.88111],[-77.12343,38.88111],[-77.12343,38.88111],[-77.12344,38.88111],[-77.12344,38.88111],[-77.12344,38.8811],[-77.12345,38.8811],[-77.12345,38.8811],[-77.12345,38.8811],[-77.12345,38.8811],[-77.12346,38.8811],[-77.12346,38.8811],[-77.12346,38.88109],[-77.12347,38.88109],[-77.12347,38.88109],[-77.12347,38.88109],[-77.12347,38.88109],[-77.12348,38.88109],[-77.12348,38.88108],[-77.12348,38.88108],[-77.12349,38.88108],[-77.12349,38.88108],[-77.12349,38.88108],[-77.1235,38.88108],[-77.1235,38.88108],[-77.1235,38.88107],[-77.1235,38.88107],[-77.12351,38.88107],[-77.12351,38.88107],[-77.12351,38.88107],[-77.12352,38.88107],[-77.12352,38.88106],[-77.12352,38.88106],[-77.12352,38.88106],[-77.12353,38.88106],[-77.12353,38.88106],[-77.12353,38.88106],[-77.12354,38.88105],[-77.12354,38.88105],[-77.12354,38.88105],[-77.12354,38.88105],[-77.12355,38.88105],[-77.12355,38.88105],[-77.12355,38.88105],[-77.12356,38.88104],[-77.12356,38.88104],[-77.12356,38.88104],[-77.12356,38.88104],[-77.12357,38.88104],[-77.12357,38.88104],[-77.12357,38.88103],[-77.12358,38.88103],[-77.12358,38.88103],[-77.12358,38.88103],[-77.12359,38.88103],[-77.12359,38.88103],[-77.12359,38.88103],[-77.12359,38.88102],[-77.1236,38.88102],[-77.1236,38.88102],[-77.1236,38.88102],[-77.12361,38.88102],[-77.12361,38.88102],[-77.12361,38.88101],[-77.12361,38.88101],[-77.12362,38.88101],[-77.12362,38.88101],[-77.12362,38.88101],[-77.12363,38.88101],[-77.12363,38.88101],[-77.12363,38.881],[-77.12363,38.881],[-77.12364,38.881],[-77.12364,38.881],[-77.12364,38.881],[-77.12365,38.881],[-77.12365,38.88099],[-77.12365,38.88099],[-77.12365,38.88099],[-77.12366,38.88099],[-77.12366,38.88099],[-77.12366,38.88099],[-77.12367,38.88098],[-77.12367,38.88098],[-77.12367,38.88098],[-77.12367,38.88098],[-77.12368,38.88098],[-77.12368,38.88098],[-77.12368,38.88098],[-77.12369,38.88097],[-77.12369,38.88097],[-77.12369,38.88097],[-77.12369,38.88097],[-77.1237,38.88097],[-77.1237,38.88097],[-77.1237,38.88096],[-77.12371,38.88096],[-77.12371,38.88096],[-77.12371,38.88096],[-77.12371,38.88096],[-77.12372,38.88096],[-77.12372,38.88095],[-77.12372,38.88095],[-77.12373,38.88095],[-77.12373,38.88095],[-77.12373,38.88095],[-77.12374,38.88095],[-77.12374,38.88095],[-77.12374,38.88094],[-77.12374,38.88094],[-77.12375,38.88094],[-77.12375,38.88094],[-77.12375,38.88094],[-77.12376,38.88094],[-77.12376,38.88093],[-77.12376,38.88093],[-77.12376,38.88093],[-77.12377,38.88093],[-77.12377,38.88093],[-77.12377,38.88093],[-77.12378,38.88092],[-77.12378,38.88092],[-77.12378,38.88092],[-77.12378,38.88092],[-77.12379,38.88092],[-77.12379,38.88092],[-77.12379,38.88092],[-77.1238,38.88091],[-77.1238,38.88091],[-77.1238,38.88091],[-77.1238,38.88091],[-77.12381,38.88091],[-77.12381,38.88091],[-77.12381,38.8809],[-77.12382,38.8809],[-77.12382,38.8809],[-77.12382,38.8809],[-77.12382,38.8809],[-77.12383,38.8809],[-77.12386,38.88088],[-77.12412,38.88074],[-77.12412,38.88074],[-77.12412,38.88073],[-77.12413,38.88073],[-77.12413,38.88073],[-77.12413,38.88073],[-77.12413,38.88073],[-77.12414,38.88073],[-77.12414,38.88073],[-77.12414,38.88072],[-77.12415,38.88072],[-77.12415,38.88072],[-77.12415,38.88072],[-77.12415,38.88072],[-77.12416,38.88072],[-77.12416,38.88071],[-77.12416,38.88071],[-77.12417,38.88071],[-77.12417,38.88071],[-77.12417,38.88071],[-77.12417,38.88071],[-77.12418,38.8807],[-77.12418,38.8807],[-77.12418,38.8807],[-77.12419,38.8807],[-77.12419,38.8807],[-77.12419,38.8807],[-77.12419,38.8807],[-77.1242,38.88069],[-77.1242,38.88069],[-77.1242,38.88069],[-77.12421,38.88069],[-77.12421,38.88069],[-77.12421,38.88069],[-77.12421,38.88068],[-77.12422,38.88068],[-77.12422,38.88068],[-77.12422,38.88068],[-77.12423,38.88068],[-77.12423,38.88068],[-77.12423,38.88067],[-77.12423,38.88067],[-77.12424,38.88067],[-77.12424,38.88067],[-77.12424,38.88067],[-77.12425,38.88067],[-77.12425,38.88067],[-77.12425,38.88066],[-77.12425,38.88066],[-77.12426,38.88066],[-77.12426,38.88066],[-77.12426,38.88066],[-77.12427,38.88066],[-77.12427,38.88065],[-77.12427,38.88065],[-77.12428,38.88065],[-77.12428,38.88065],[-77.12428,38.88065],[-77.12428,38.88065],[-77.12429,38.88064],[-77.12429,38.88064],[-77.12429,38.88064],[-77.1243,38.88064],[-77.1243,38.88064],[-77.1243,38.88064],[-77.1243,38.88064],[-77.12431,38.88063],[-77.12431,38.88063],[-77.12431,38.88063],[-77.12432,38.88063],[-77.12432,38.88063],[-77.12432,38.88063],[-77.12432,38.88062],[-77.12433,38.88062],[-77.12433,38.88062],[-77.12433,38.88062],[-77.12434,38.88062],[-77.12434,38.88062],[-77.12434,38.88061],[-77.12434,38.88061],[-77.12435,38.88061],[-77.12435,38.88061],[-77.12435,38.88061],[-77.12436,38.88061],[-77.12436,38.88061],[-77.12436,38.8806],[-77.12436,38.8806],[-77.12437,38.8806],[-77.12437,38.8806],[-77.12437,38.8806],[-77.12438,38.8806],[-77.12438,38.88059],[-77.12438,38.88059],[-77.12438,38.88059],[-77.12439,38.88059],[-77.12439,38.88059],[-77.12439,38.88059],[-77.1244,38.88059],[-77.1244,38.88058],[-77.1244,38.88058],[-77.1244,38.88058],[-77.12441,38.88058],[-77.12441,38.88058],[-77.12441,38.88058],[-77.12442,38.88057],[-77.12442,38.88057],[-77.12442,38.88057],[-77.12443,38.88057],[-77.12443,38.88057],[-77.12443,38.88057],[-77.12443,38.88056],[-77.12444,38.88056],[-77.12444,38.88056],[-77.12444,38.88056],[-77.12445,38.88056],[-77.12445,38.88056],[-77.12445,38.88056],[-77.12445,38.88055],[-77.12446,38.88055],[-77.12446,38.88055],[-77.12446,38.88055],[-77.12447,38.88055],[-77.12447,38.88055],[-77.12447,38.88054],[-77.12447,38.88054],[-77.12448,38.88054],[-77.12448,38.88054],[-77.12448,38.88054],[-77.12449,38.88054],[-77.12449,38.88054],[-77.12449,38.88053],[-77.12449,38.88053],[-77.1245,38.88053],[-77.1245,38.88053],[-77.1245,38.88053],[-77.12451,38.88053],[-77.12451,38.88052],[-77.12451,38.88052],[-77.12452,38.88052],[-77.12452,38.88052],[-77.12452,38.88052],[-77.12452,38.88052],[-77.12453,38.88052],[-77.12453,38.88051],[-77.12453,38.88051],[-77.12454,38.88051],[-77.12454,38.88051],[-77.12454,38.88051],[-77.12454,38.88051],[-77.12455,38.8805],[-77.12455,38.8805],[-77.12455,38.8805],[-77.12456,38.8805],[-77.12456,38.8805],[-77.12456,38.8805],[-77.12456,38.8805],[-77.12457,38.88049],[-77.12457,38.88049],[-77.12457,38.88049],[-77.12458,38.88049],[-77.12458,38.88049],[-77.12458,38.88049],[-77.12458,38.88048],[-77.12459,38.88048],[-77.12459,38.88048],[-77.12459,38.88048],[-77.1246,38.88048],[-77.1246,38.88048],[-77.1246,38.88048],[-77.12461,38.88047],[-77.12461,38.88047],[-77.12461,38.88047],[-77.12461,38.88047],[-77.12462,38.88047],[-77.12462,38.88047],[-77.12462,38.88046],[-77.12463,38.88046],[-77.12463,38.88046],[-77.12463,38.88046],[-77.12463,38.88046],[-77.12464,38.88046],[-77.12464,38.88046],[-77.12464,38.88045],[-77.12465,38.88045],[-77.12465,38.88045],[-77.12465,38.88045],[-77.12466,38.88045],[-77.12466,38.88045],[-77.12466,38.88045],[-77.12466,38.88044],[-77.12467,38.88044],[-77.12467,38.88044],[-77.12467,38.88044],[-77.12468,38.88044],[-77.12468,38.88044],[-77.12468,38.88043],[-77.12468,38.88043],[-77.12469,38.88043],[-77.12469,38.88043],[-77.12469,38.88043],[-77.1247,38.88043],[-77.1247,38.88043],[-77.1247,38.88042],[-77.12471,38.88042],[-77.12471,38.88042],[-77.12471,38.88042],[-77.12471,38.88042],[-77.12472,38.88042],[-77.12472,38.88042],[-77.12472,38.88041],[-77.12473,38.88041],[-77.12473,38.88041],[-77.12473,38.88041],[-77.12473,38.88041],[-77.12474,38.88041],[-77.12474,38.8804],[-77.12474,38.8804],[-77.12475,38.8804],[-77.12475,38.8804],[-77.12475,38.8804],[-77.12476,38.8804],[-77.12476,38.8804],[-77.12476,38.88039],[-77.12476,38.88039],[-77.12477,38.88039],[-77.12477,38.88039],[-77.12477,38.88039],[-77.12478,38.88039],[-77.12478,38.88039],[-77.12478,38.88038],[-77.12478,38.88038],[-77.12479,38.88038],[-77.12479,38.88038],[-77.12479,38.88038],[-77.1248,38.88038],[-77.1248,38.88037],[-77.1248,38.88037],[-77.12481,38.88037],[-77.12481,38.88037],[-77.12481,38.88037],[-77.12481,38.88037],[-77.12482,38.88037],[-77.12482,38.88036],[-77.12482,38.88036],[-77.12483,38.88036],[-77.12483,38.88036],[-77.12483,38.88036],[-77.12484,38.88036],[-77.12484,38.88036],[-77.12484,38.88035],[-77.12484,38.88035],[-77.12485,38.88035],[-77.12485,38.88035],[-77.12485,38.88035],[-77.12486,38.88035],[-77.12486,38.88035],[-77.12486,38.88034],[-77.12486,38.88034],[-77.12487,38.88034],[-77.12487,38.88034],[-77.12487,38.88034],[-77.12488,38.88034],[-77.12488,38.88034],[-77.12488,38.88033],[-77.12489,38.88033],[-77.12489,38.88033],[-77.12489,38.88033],[-77.12489,38.88033],[-77.1249,38.88033],[-77.1249,38.88033],[-77.1249,38.88032],[-77.12491,38.88032],[-77.12491,38.88032],[-77.12491,38.88032],[-77.12492,38.88032],[-77.12492,38.88032],[-77.12492,38.88032],[-77.12515,38.88021],[-77.12538,38.88011],[-77.12562,38.88002],[-77.12586,38.87993],[-77.1261,38.87985],[-77.12635,38.87977],[-77.1266,38.8797],[-77.12685,38.87964],[-77.12711,38.87959],[-77.12736,38.87954],[-77.12762,38.8795],[-77.12788,38.87946],[-77.12815,38.87943],[-77.12841,38.87941],[-77.12841,38.87941],[-77.12842,38.87941],[-77.12842,38.87941],[-77.12842,38.87941],[-77.12843,38.87941],[-77.12843,38.87941],[-77.12843,38.87941],[-77.12844,38.87941],[-77.12844,38.87941],[-77.12844,38.87941],[-77.12845,38.87941],[-77.12845,38.87941],[-77.12845,38.87941],[-77.12846,38.87941],[-77.12846,38.87941],[-77.12846,38.87941],[-77.12847,38.87941],[-77.12847,38.87941],[-77.12848,38.87941],[-77.12848,38.87941],[-77.12848,38.87941],[-77.12849,38.87941],[-77.12849,38.87941],[-77.12849,38.87941],[-77.1285,38.8794],[-77.1285,38.8794],[-77.1285,38.8794],[-77.12851,38.8794],[-77.12851,38.8794],[-77.12851,38.8794],[-77.12852,38.8794],[-77.12852,38.8794],[-77.12852,38.8794],[-77.12853,38.8794],[-77.12853,38.8794],[-77.12853,38.8794],[-77.12854,38.8794],[-77.12854,38.8794],[-77.12855,38.8794],[-77.12855,38.8794],[-77.12855,38.8794],[-77.12856,38.8794],[-77.12856,38.8794],[-77.12856,38.8794],[-77.12857,38.8794],[-77.12857,38.8794],[-77.12857,38.8794],[-77.12858,38.8794],[-77.12858,38.8794],[-77.12858,38.8794],[-77.12859,38.8794],[-77.12859,38.8794],[-77.12859,38.8794],[-77.1286,38.8794],[-77.1286,38.8794],[-77.1286,38.8794],[-77.12861,38.8794],[-77.12861,38.8794],[-77.12862,38.8794],[-77.12862,38.8794],[-77.12862,38.8794],[-77.12863,38.8794],[-77.12863,38.8794],[-77.12863,38.8794],[-77.12864,38.8794],[-77.12864,38.8794],[-77.12864,38.8794],[-77.12865,38.8794],[-77.12865,38.8794],[-77.12865,38.8794],[-77.12866,38.8794],[-77.12866,38.8794],[-77.12866,38.8794],[-77.12867,38.8794],[-77.12867,38.8794],[-77.12867,38.8794],[-77.12868,38.87939],[-77.12868,38.87939],[-77.12869,38.87939],[-77.12869,38.87939],[-77.12869,38.87939],[-77.1287,38.87939],[-77.1287,38.87939],[-77.1287,38.87939],[-77.12871,38.87939],[-77.12871,38.87939],[-77.12871,38.87939],[-77.12872,38.87939],[-77.12872,38.87939],[-77.12872,38.87939],[-77.12873,38.87939],[-77.12873,38.87939],[-77.12873,38.87939],[-77.12874,38.87939],[-77.12874,38.87939],[-77.12875,38.87939],[-77.12875,38.87939],[-77.12875,38.87939],[-77.12876,38.87939],[-77.12876,38.87939],[-77.12876,38.87939],[-77.12877,38.87939],[-77.12877,38.87939],[-77.12877,38.87939],[-77.12878,38.87939],[-77.12878,38.87939],[-77.12878,38.87939],[-77.12879,38.87939],[-77.12879,38.87939],[-77.12879,38.87939],[-77.1288,38.87939],[-77.1288,38.87939],[-77.1288,38.87939],[-77.12881,38.87939],[-77.12881,38.87939],[-77.12882,38.87939],[-77.12882,38.87939],[-77.12882,38.87939],[-77.12883,38.87939],[-77.12883,38.87939],[-77.12883,38.87939],[-77.12884,38.87939],[-77.12884,38.87939],[-77.12884,38.87939],[-77.12885,38.87939],[-77.12885,38.87939],[-77.12885,38.87939],[-77.12886,38.87939],[-77.12886,38.87939],[-77.12886,38.87939],[-77.12887,38.87939],[-77.12887,38.87939],[-77.12887,38.87939],[-77.12888,38.87939],[-77.12888,38.87939],[-77.12889,38.87939],[-77.12889,38.87939],[-77.12889,38.87939],[-77.1289,38.87939],[-77.1289,38.87939],[-77.1289,38.87939],[-77.12891,38.87939],[-77.12891,38.87939],[-77.12891,38.87939],[-77.12892,38.87939],[-77.12892,38.87939],[-77.12892,38.87939],[-77.12893,38.87939],[-77.12893,38.87939],[-77.12893,38.87938],[-77.12894,38.87938],[-77.12894,38.87938],[-77.12895,38.87938],[-77.12895,38.87938],[-77.12895,38.87938],[-77.12896,38.87938],[-77.12896,38.87938],[-77.12896,38.87938],[-77.12897,38.87938],[-77.12897,38.87938],[-77.12897,38.87938],[-77.12898,38.87938],[-77.12898,38.87938],[-77.12898,38.87938],[-77.12899,38.87938],[-77.12899,38.87938],[-77.12899,38.87938],[-77.129,38.87938],[-77.129,38.87938],[-77.129,38.87938],[-77.12901,38.87938],[-77.12901,38.87938],[-77.12902,38.87938],[-77.12902,38.87938],[-77.12902,38.87938],[-77.12903,38.87938],[-77.12903,38.87938],[-77.12903,38.87938],[-77.12904,38.87938],[-77.12904,38.87938],[-77.12904,38.87938],[-77.12905,38.87938],[-77.12905,38.87938],[-77.12905,38.87938],[-77.12906,38.87938],[-77.12906,38.87938],[-77.12906,38.87938],[-77.12907,38.87938],[-77.12907,38.87938],[-77.12908,38.87938],[-77.12908,38.87938],[-77.12908,38.87938],[-77.12909,38.87938],[-77.12909,38.87938],[-77.12909,38.87938],[-77.1291,38.87938],[-77.1291,38.87938],[-77.1291,38.87938],[-77.12911,38.87938],[-77.12911,38.87938],[-77.12911,38.87938],[-77.12912,38.87938],[-77.12912,38.87938],[-77.12912,38.87938],[-77.12913,38.87938],[-77.12913,38.87938],[-77.12913,38.87938],[-77.12914,38.87938],[-77.12914,38.87938],[-77.12915,38.87938],[-77.12915,38.87938],[-77.12915,38.87938],[-77.12916,38.87938],[-77.12916,38.87938],[-77.12916,38.87938],[-77.12917,38.87938],[-77.12917,38.87938],[-77.12917,38.87938],[-77.12918,38.87938],[-77.12918,38.87938],[-77.12918,38.87938],[-77.12919,38.87938],[-77.12919,38.87938],[-77.12919,38.87938],[-77.1292,38.87938],[-77.1292,38.87938],[-77.1292,38.87938],[-77.12921,38.87938],[-77.12921,38.87938],[-77.12922,38.87938],[-77.12922,38.87938],[-77.12922,38.87938],[-77.12923,38.87938],[-77.12923,38.87938],[-77.12923,38.87938],[-77.12924,38.87938],[-77.12924,38.87938],[-77.12924,38.87938],[-77.12925,38.87938],[-77.12925,38.87938],[-77.12925,38.87938],[-77.12926,38.87938],[-77.12926,38.87938],[-77.12926,38.87938],[-77.12927,38.87938],[-77.12927,38.87938],[-77.12928,38.87938],[-77.12928,38.87938],[-77.12928,38.87938],[-77.12929,38.87938],[-77.12929,38.87938],[-77.12929,38.87938],[-77.1293,38.87938],[-77.1293,38.87938],[-77.1293,38.87938],[-77.12931,38.87938],[-77.12931,38.87937],[-77.12931,38.87937],[-77.12932,38.87937],[-77.12932,38.87937],[-77.12932,38.87937],[-77.12933,38.87937],[-77.12933,38.87937],[-77.12933,38.87937],[-77.12934,38.87937],[-77.12934,38.87937],[-77.12935,38.87937],[-77.12935,38.87937],[-77.12935,38.87937],[-77.12936,38.87937],[-77.12936,38.87937],[-77.12936,38.87937],[-77.12937,38.87937],[-77.12937,38.87937],[-77.12937,38.87937],[-77.12938,38.87937],[-77.13437,38.87926],[-77.13447,38.87926],[-77.13458,38.87926],[-77.13468,38.87925],[-77.13479,38.87925],[-77.13489,38.87925],[-77.135,38.87925],[-77.1351,38.87925],[-77.13521,38.87925],[-77.13547,38.87924],[-77.13575,38.87925],[-77.13603,38.87927],[-77.13631,38.8793],[-77.13659,38.87933],[-77.13686,38.87937],[-77.13714,38.87941],[-77.13741,38.87946],[-77.13768,38.87952],[-77.13795,38.87959],[-77.13821,38.87966],[-77.13831,38.87969],[-77.13841,38.87972],[-77.1385,38.87975],[-77.1386,38.87978],[-77.1387,38.87981],[-77.1388,38.87984],[-77.13889,38.87987],[-77.13899,38.8799],[-77.13909,38.87994],[-77.13918,38.87997],[-77.15467,38.88523],[-77.15597,38.88567],[-77.15791,38.88633],[-77.15832,38.88647],[-77.15842,38.8865],[-77.15852,38.88653],[-77.15861,38.88657],[-77.15871,38.8866],[-77.15881,38.88663],[-77.1589,38.88667],[-77.159,38.8867],[-77.1591,38.88674],[-77.15919,38.88677],[-77.15929,38.88681],[-77.15968,38.88696],[-77.16007,38.88713],[-77.16046,38.8873],[-77.16083,38.88749],[-77.1612,38.88769],[-77.16156,38.88789],[-77.16191,38.88811],[-77.16225,38.88833],[-77.16258,38.88856],[-77.1629,38.8888],[-77.16298,38.88886],[-77.16305,38.88892],[-77.16312,38.88898],[-77.1632,38.88904],[-77.16327,38.88909],[-77.16334,38.88915],[-77.16342,38.88921],[-77.16349,38.88927],[-77.16356,38.88933],[-77.16363,38.88939],[-77.1691,38.89397],[-77.16918,38.89403],[-77.16925,38.89409],[-77.16932,38.89415],[-77.16939,38.89421],[-77.16946,38.89427],[-77.16954,38.89433],[-77.16961,38.89439],[-77.16969,38.89445],[-77.16976,38.89451],[-77.16984,38.89456],[-77.17009,38.89475],[-77.17036,38.89494],[-77.17064,38.89511],[-77.17092,38.89528],[-77.17121,38.89544],[-77.1715,38.8956],[-77.17181,38.89574],[-77.17212,38.89588],[-77.17243,38.89601],[-77.17252,38.89605],[-77.17262,38.89608],[-77.17271,38.89612],[-77.17281,38.89615],[-77.1729,38.89619],[-77.173,38.89622],[-77.1731,38.89626],[-77.17319,38.89629],[-77.17329,38.89632],[-77.17339,38.89636],[-77.17982,38.8986],[-77.17988,38.89862],[-77.17994,38.89864],[-77.18001,38.89866],[-77.18007,38.89869],[-77.18014,38.89871],[-77.1802,38.89873],[-77.18027,38.89875],[-77.18033,38.89878],[-77.1804,38.8988],[-77.18046,38.89882],[-77.18055,38.89885],[-77.18061,38.89887],[-77.18068,38.89889],[-77.18074,38.89891],[-77.18081,38.89893],[-77.18087,38.89895],[-77.18094,38.89897],[-77.181,38.89899],[-77.18107,38.89901],[-77.18113,38.89904],[-77.1812,38.89906],[-77.18149,38.89915],[-77.18155,38.89917],[-77.18162,38.89919],[-77.18168,38.89921],[-77.18175,38.89923],[-77.18181,38.89925],[-77.18188,38.89927],[-77.18194,38.89929],[-77.18201,38.89931],[-77.18207,38.89933],[-77.18214,38.89936],[-77.18222,38.89938],[-77.18229,38.89941],[-77.18235,38.89943],[-77.18242,38.89945],[-77.18248,38.89947],[-77.18255,38.89949],[-77.18261,38.89952],[-77.18267,38.89954],[-77.18274,38.89956],[-77.1828,38.89958],[-77.18287,38.89961],[-77.18522,38.90043],[-77.18532,38.90046],[-77.18542,38.90049],[-77.18551,38.90053],[-77.18561,38.90056],[-77.18571,38.90059],[-77.18581,38.90062],[-77.1859,38.90065],[-77.186,38.90068],[-77.1861,38.9007],[-77.1862,38.90073],[-77.18632,38.90075],[-77.18644,38.90077],[-77.18655,38.90079],[-77.18662,38.9008],[-77.18664,38.90081],[-77.18678,38.9009],[-77.18679,38.90091],[-77.18698,38.90103],[-77.18716,38.90114],[-77.18736,38.90134],[-77.18755,38.90154],[-77.18774,38.90174],[-77.18791,38.90202],[-77.18807,38.9023],[-77.18816,38.90259],[-77.18825,38.90288],[-77.18827,38.90306],[-77.18828,38.90323],[-77.18828,38.90341],[-77.18828,38.90359],[-77.18826,38.90377],[-77.18824,38.90395],[-77.18821,38.90413],[-77.18817,38.9043],[-77.18812,38.90448],[-77.18806,38.90465],[-77.18733,38.90765],[-77.18725,38.90791],[-77.18719,38.90816],[-77.18713,38.90841],[-77.18708,38.90867],[-77.18703,38.90892],[-77.187,38.90918],[-77.18698,38.90944],[-77.18697,38.9096],[-77.18697,38.90977],[-77.18697,38.90993],[-77.18699,38.91009],[-77.18701,38.91026],[-77.18704,38.91042],[-77.18708,38.91058],[-77.18712,38.91074],[-77.18717,38.9109],[-77.18723,38.91106],[-77.1873,38.91121],[-77.18738,38.9114],[-77.18746,38.91158],[-77.18756,38.91176],[-77.18766,38.91194],[-77.18776,38.91211],[-77.18788,38.91228],[-77.188,38.91245],[-77.18814,38.91261],[-77.18827,38.91277],[-77.18842,38.91293],[-77.19056,38.91511],[-77.1908,38.91535],[-77.19104,38.9156],[-77.19127,38.91585],[-77.19149,38.9161],[-77.19167,38.9163],[-77.19184,38.91651],[-77.19201,38.91672],[-77.19216,38.91694],[-77.19231,38.91716],[-77.19245,38.91738],[-77.19461,38.92066],[-77.19706,38.9244],[-77.19719,38.92462],[-77.19734,38.92485],[-77.19749,38.92507],[-77.19764,38.92528],[-77.19781,38.9255],[-77.19788,38.92558],[-77.19795,38.92567],[-77.19802,38.92576],[-77.19811,38.92585],[-77.19821,38.92595],[-77.19829,38.92605],[-77.19843,38.92618],[-77.19857,38.92631],[-77.1987,38.92644],[-77.19884,38.92655],[-77.19899,38.92667],[-77.19913,38.92679],[-77.19927,38.92689],[-77.19941,38.927],[-77.19961,38.92713],[-77.19979,38.92726],[-77.19989,38.92733],[-77.19999,38.92739],[-77.20008,38.92746],[-77.20029,38.92756],[-77.2005,38.92768],[-77.20057,38.92771],[-77.20064,38.92776],[-77.20071,38.9278],[-77.20085,38.92786],[-77.20099,38.92792],[-77.20112,38.92798],[-77.20142,38.92809],[-77.20178,38.92818],[-77.20213,38.92825],[-77.20243,38.92829],[-77.20272,38.9283],[-77.20325,38.92829],[-77.2035,38.92826],[-77.20375,38.92822],[-77.20397,38.92817],[-77.20425,38.9281],[-77.20446,38.92804],[-77.20485,38.92787],[-77.20517,38.92771],[-77.20542,38.92756],[-77.20566,38.92738],[-77.20704,38.92628],[-77.20771,38.92576],[-77.20797,38.9256],[-77.20821,38.92547],[-77.20843,38.92536],[-77.20977,38.92475],[-77.21071,38.92433],[-77.21169,38.92388],[-77.21254,38.9235],[-77.21334,38.92315],[-77.21503,38.92259],[-77.21546,38.92244],[-77.2161,38.92222],[-77.21754,38.92161],[-77.218,38.92141],[-77.21838,38.92126],[-77.21862,38.92118],[-77.21876,38.92113],[-77.21895,38.92108],[-77.21915,38.92104],[-77.21933,38.921],[-77.21951,38.92097],[-77.21973,38.92094],[-77.22001,38.9209],[-77.22171,38.92073],[-77.22311,38.92058],[-77.22504,38.92038],[-77.22556,38.92031],[-77.2263,38.92009],[-77.2272,38.91985],[-77.22786,38.91969],[-77.22845,38.91959],[-77.22886,38.91953],[-77.22936,38.91947],[-77.22979,38.91943],[-77.22997,38.91942],[-77.2302,38.91941],[-77.23048,38.9194],[-77.23067,38.9194],[-77.23085,38.9194],[-77.23103,38.91941],[-77.23121,38.91943],[-77.23139,38.91946],[-77.23156,38.91949],[-77.23174,38.91953],[-77.23191,38.91958],[-77.23208,38.91963],[-77.23224,38.91969],[-77.2324,38.91975],[-77.23256,38.91982],[-77.23292,38.92009],[-77.23367,38.92083],[-77.23391,38.92106],[-77.23421,38.92135],[-77.23665,38.92387],[-77.23781,38.92503],[-77.24124,38.92855],[-77.24189,38.92921],[-77.24252,38.92986],[-77.24285,38.93019],[-77.2434,38.93076],[-77.24393,38.9313],[-77.2445,38.93188],[-77.24474,38.93213],[-77.245,38.93238],[-77.24527,38.93263],[-77.24547,38.93281],[-77.24575,38.93298],[-77.24607,38.93316],[-77.24643,38.93333],[-77.24677,38.93344],[-77.247,38.93351],[-77.24727,38.93356],[-77.24751,38.9336],[-77.24773,38.93363],[-77.24806,38.93366],[-77.24824,38.93366],[-77.24839,38.93366],[-77.24855,38.93365],[-77.24872,38.93364],[-77.2489,38.93362],[-77.2491,38.93359],[-77.24933,38.93354],[-77.24959,38.93349],[-77.25047,38.93326],[-77.25114,38.93309],[-77.25145,38.933],[-77.25177,38.93292],[-77.25208,38.93285],[-77.25243,38.93276],[-77.25277,38.93269],[-77.25312,38.93261],[-77.25347,38.93255],[-77.25382,38.93248],[-77.25417,38.93243],[-77.25453,38.93238],[-77.25488,38.93234],[-77.25522,38.93231],[-77.25557,38.93228],[-77.25592,38.93226],[-77.25627,38.93225],[-77.25662,38.93224],[-77.25697,38.93224],[-77.25731,38.93225],[-77.25766,38.93226],[-77.258,38.93228],[-77.25834,38.93231],[-77.25868,38.93234],[-77.25902,38.93238],[-77.25936,38.93242],[-77.2597,38.93247],[-77.26003,38.93253],[-77.26035,38.93259],[-77.26066,38.93267],[-77.26098,38.93274],[-77.26129,38.93283],[-77.2616,38.93292],[-77.26191,38.93302],[-77.26222,38.93312],[-77.26252,38.93323],[-77.26281,38.93335],[-77.26311,38.93347],[-77.26339,38.9336],[-77.26365,38.93371],[-77.26391,38.93384],[-77.26416,38.93397],[-77.26441,38.9341],[-77.26465,38.93424],[-77.26489,38.93439],[-77.26512,38.93454],[-77.26535,38.9347],[-77.26557,38.93486],[-77.26578,38.93502],[-77.26599,38.93519],[-77.2662,38.93536],[-77.26741,38.93648],[-77.2709,38.93958],[-77.27112,38.93974],[-77.27134,38.93989],[-77.27156,38.94004],[-77.27179,38.94019],[-77.27203,38.94033],[-77.27227,38.94046],[-77.27251,38.94059],[-77.27276,38.94072],[-77.27302,38.94084],[-77.27328,38.94095],[-77.27354,38.94105],[-77.27381,38.94115],[-77.27408,38.94125],[-77.27435,38.94134],[-77.27463,38.94142],[-77.27496,38.9415],[-77.27529,38.94156],[-77.27562,38.94163],[-77.27595,38.94169],[-77.27629,38.94174],[-77.27662,38.94178],[-77.27696,38.94182],[-77.2773,38.94186],[-77.27764,38.94189],[-77.27798,38.94191],[-77.27832,38.94192],[-77.28056,38.94208],[-77.28092,38.94209],[-77.28128,38.94211],[-77.28163,38.94214],[-77.28199,38.94217],[-77.28234,38.94221],[-77.2827,38.94225],[-77.28305,38.9423],[-77.28345,38.94236],[-77.28384,38.94242],[-77.28423,38.94249],[-77.28462,38.94257],[-77.28501,38.94265],[-77.2854,38.94273],[-77.28578,38.94282],[-77.28618,38.94293],[-77.28658,38.94305],[-77.28698,38.94317],[-77.28738,38.9433],[-77.28777,38.94343],[-77.28816,38.94357],[-77.28854,38.94372],[-77.28892,38.94387],[-77.2893,38.94403],[-77.28967,38.94419],[-77.29294,38.94563],[-77.2934,38.94581],[-77.29386,38.94598],[-77.29433,38.94614],[-77.2948,38.9463],[-77.29527,38.94646],[-77.29575,38.9466],[-77.29623,38.94674],[-77.29672,38.94688],[-77.2972,38.94701],[-77.29769,38.94713],[-77.29818,38.94724],[-77.29868,38.94735],[-77.29918,38.94745],[-77.29967,38.94755],[-77.30018,38.94764],[-77.30066,38.94773],[-77.30114,38.94781],[-77.30162,38.94788],[-77.30211,38.94794],[-77.3026,38.948],[-77.30308,38.94805],[-77.30357,38.9481],[-77.30406,38.94813],[-77.30456,38.94816],[-77.30505,38.94819],[-77.30554,38.9482],[-77.30669,38.94819],[-77.30707,38.9482],[-77.30745,38.9482],[-77.30782,38.94819],[-77.3082,38.94818],[-77.30858,38.94816],[-77.30896,38.94814],[-77.30933,38.94812],[-77.30969,38.9481],[-77.31006,38.94807],[-77.31042,38.94804],[-77.31078,38.948],[-77.31115,38.94795],[-77.31151,38.94789],[-77.31186,38.94783],[-77.31222,38.94776],[-77.31257,38.94769],[-77.31293,38.94761],[-77.31328,38.94752],[-77.31362,38.94743],[-77.31397,38.94733],[-77.31431,38.94722],[-77.3155,38.94684],[-77.31878,38.9458],[-77.31918,38.94568],[-77.31957,38.94556],[-77.31997,38.94545],[-77.32037,38.94534],[-77.32078,38.94524],[-77.32121,38.94515],[-77.32164,38.94507],[-77.32208,38.94499],[-77.32251,38.94492],[-77.32295,38.94486],[-77.32339,38.94481],[-77.32383,38.94476],[-77.32428,38.94471],[-77.32472,38.94468],[-77.32516,38.94464],[-77.32561,38.94462],[-77.32602,38.94461],[-77.32644,38.94461],[-77.32685,38.94462],[-77.32727,38.94463],[-77.32768,38.94465],[-77.3281,38.94468],[-77.32851,38.94471],[-77.32892,38.94475],[-77.32933,38.94479],[-77.32975,38.94484],[-77.33016,38.9449],[-77.33057,38.94496],[-77.33098,38.94503],[-77.33139,38.94511],[-77.3318,38.94519],[-77.3322,38.94528],[-77.3326,38.94538],[-77.333,38.94548],[-77.33339,38.94559],[-77.33378,38.94571],[-77.33727,38.94683],[-77.34006,38.94774],[-77.34735,38.95013],[-77.34802,38.95032],[-77.34868,38.95052],[-77.34935,38.9507],[-77.35002,38.95088],[-77.35069,38.95105],[-77.35136,38.95122],[-77.35204,38.95138],[-77.3528,38.95155],[-77.35357,38.95171],[-77.35433,38.95186],[-77.3551,38.95201],[-77.35587,38.95215],[-77.35664,38.95228],[-77.35742,38.95241],[-77.35819,38.95253],[-77.35888,38.95263],[-77.35957,38.95272],[-77.36027,38.9528],[-77.36096,38.95288],[-77.36165,38.95296],[-77.36235,38.95302],[-77.36305,38.95308],[-77.3638,38.95313],[-77.36455,38.95318],[-77.3653,38.95322],[-77.36605,38.95325],[-77.3668,38.95328],[-77.36755,38.9533],[-77.3683,38.95332],[-77.36905,38.95333],[-77.36981,38.95333],[-77.37056,38.95333],[-77.37415,38.95319],[-77.37749,38.95297],[-77.37829,38.95291],[-77.3791,38.95286],[-77.37991,38.95281],[-77.38072,38.95277],[-77.38153,38.95274],[-77.38234,38.95271],[-77.38283,38.95272],[-77.38332,38.95273],[-77.38381,38.95274],[-77.38431,38.95276],[-77.3848,38.95279],[-77.38525,38.95282],[-77.38569,38.95286],[-77.38614,38.9529],[-77.38659,38.95295],[-77.39368,38.95405],[-77.39421,38.95412],[-77.39475,38.9542],[-77.39528,38.95429],[-77.39582,38.95438],[-77.39635,38.95448],[-77.39688,38.95459],[-77.3974,38.9547],[-77.39792,38.95482],[-77.39844,38.95495],[-77.39896,38.95508],[-77.39948,38.95523],[-77.39999,38.95537],[-77.4005,38.95553],[-77.401,38.95569],[-77.4015,38.95586],[-77.402,38.95603],[-77.40692,38.95778],[-77.41708,38.96136],[-77.41738,38.96146],[-77.41768,38.96156],[-77.41799,38.96164],[-77.4183,38.96173],[-77.41864,38.96182],[-77.41899,38.9619],[-77.41934,38.96197],[-77.41969,38.96204],[-77.42004,38.96211],[-77.42039,38.96217],[-77.42285,38.96249],[-77.42844,38.96249],[-77.43739,38.96246],[-77.43774,38.96247],[-77.4381,38.96248],[-77.43845,38.96247],[-77.4388,38.96246],[-77.43916,38.96244],[-77.43951,38.96241],[-77.43986,38.96238],[-77.44021,38.96234],[-77.44056,38.96229],[-77.44091,38.96223],[-77.44126,38.96217],[-77.44145,38.96211],[-77.44164,38.96204],[-77.44183,38.96197],[-77.44201,38.96189],[-77.44219,38.96181],[-77.44236,38.96172],[-77.44253,38.96163],[-77.4427,38.96152],[-77.44286,38.96142],[-77.44301,38.96131],[-77.44316,38.96119],[-77.4433,38.96107],[-77.44343,38.96095],[-77.44356,38.96082],[-77.44368,38.96068],[-77.44379,38.96055],[-77.4439,38.96041],[-77.44399,38.96026],[-77.44408,38.96012],[-77.44428,38.95975],[-77.4444,38.95939],[-77.44446,38.95694],[-77.44452,38.9567],[-77.44459,38.9565],[-77.44466,38.95641],[-77.44473,38.95633],[-77.44482,38.95624],[-77.44491,38.95616],[-77.445,38.95609],[-77.4451,38.95602],[-77.44521,38.95596],[-77.44532,38.9559],[-77.44544,38.95585],[-77.44556,38.95581],[-77.44569,38.95577],[-77.44582,38.95573],[-77.44595,38.95571],[-77.44608,38.95569],[-77.44621,38.95568],[-77.44635,38.95567],[-77.44648,38.95568],[-77.448,38.95568],[-77.44944,38.95569],[-77.44983,38.95573],[-77.45007,38.95581],[-77.45017,38.95587],[-77.45027,38.95593],[-77.45036,38.956],[-77.45045,38.95607],[-77.45053,38.95615],[-77.4506,38.95623],[-77.45066,38.95632],[-77.45072,38.95641],[-77.45076,38.9565],[-77.4508,38.9566],[-77.45083,38.95669],[-77.45085,38.95679],[-77.45086,38.95689],[-77.45087,38.95699],[-77.45086,38.95709],[-77.45084,38.95719],[-77.45082,38.95728],[-77.45078,38.95738],[-77.45074,38.95747],[-77.45069,38.95756],[-77.45063,38.95765],[-77.45049,38.95785],[-77.45036,38.95805],[-77.45024,38.95825],[-77.45013,38.95845],[-77.45003,38.95866],[-77.44993,38.95887],[-77.44984,38.95908],[-77.44977,38.9593],[-77.4497,38.95951],[-77.44964,38.95973],[-77.44959,38.95995],[-77.44955,38.96017],[-77.44951,38.96039],[-77.44949,38.96062],[-77.44948,38.96084],[-77.44947,38.96106],[-77.44938,38.96732],[-77.44938,38.96739],[-77.44934,38.97047],[-77.4493,38.97296],[-77.44925,38.97635],[-77.4493,38.97681],[-77.44942,38.97721],[-77.44961,38.97757],[-77.4504,38.97849],[-77.45105,38.97904],[-77.45203,38.98],[-77.45338,38.98196],[-77.45422,38.98349],[-77.45507,38.98515],[-77.45668,38.98804],[-77.4568,38.98827],[-77.45693,38.9885],[-77.45707,38.98872],[-77.45721,38.98894],[-77.45736,38.98916],[-77.45752,38.98937],[-77.45769,38.98958],[-77.45786,38.98979],[-77.45808,38.99004],[-77.45831,38.99028],[-77.45855,38.99052],[-77.45879,38.99076],[-77.45904,38.99099],[-77.4593,38.99121],[-77.45956,38.99144],[-77.45984,38.99165],[-77.46016,38.99186],[-77.46049,38.99206],[-77.46082,38.99225],[-77.46116,38.99244],[-77.46151,38.99262],[-77.4618,38.99274],[-77.46209,38.99285],[-77.46239,38.99295],[-77.46269,38.99305],[-77.46299,38.99315],[-77.4633,38.99323],[-77.4636,38.99332],[-77.46392,38.99339],[-77.46424,38.99345],[-77.46456,38.99351],[-77.46489,38.99356],[-77.46521,38.9936],[-77.46554,38.99364],[-77.46587,38.99367],[-77.4662,38.99369],[-77.46653,38.99371],[-77.46943,38.99375],[-77.46969,38.99376],[-77.46995,38.99377],[-77.47022,38.9938],[-77.47048,38.99383],[-77.47074,38.99387],[-77.47099,38.99391],[-77.47125,38.99397],[-77.4715,38.99402],[-77.47175,38.99409],[-77.472,38.99416],[-77.47225,38.99424],[-77.47249,38.99432],[-77.47272,38.99441],[-77.47296,38.99451],[-77.47319,38.99461],[-77.47341,38.99472],[-77.47363,38.99483],[-77.47385,38.99495],[-77.47406,38.99508],[-77.47426,38.99521],[-77.47715,38.99693],[-77.48128,38.9994],[-77.48268,39.00025],[-77.48291,39.00039],[-77.48315,39.00053],[-77.4834,39.00066],[-77.48365,39.00079],[-77.4839,39.00091],[-77.48415,39.00102],[-77.48442,39.00114],[-77.48468,39.00124],[-77.48554,39.00159],[-77.48752,39.00223],[-77.48773,39.00231],[-77.48795,39.0024],[-77.48816,39.0025],[-77.48836,39.0026],[-77.48857,39.0027],[-77.48876,39.00282],[-77.48896,39.00293],[-77.48914,39.00305],[-77.48932,39.00318],[-77.4895,39.00331],[-77.48967,39.00345],[-77.48984,39.00359],[-77.49,39.00373],[-77.49077,39.0045],[-77.49311,39.00691],[-77.49329,39.00712],[-77.49345,39.00734],[-77.49362,39.00755],[-77.49378,39.00777],[-77.49393,39.00799],[-77.49423,39.00836],[-77.49451,39.00873],[-77.49479,39.0091],[-77.49506,39.00948],[-77.49521,39.00965],[-77.49537,39.00982],[-77.49553,39.00998],[-77.4957,39.01013],[-77.49588,39.01029],[-77.49606,39.01043],[-77.49624,39.01056]]},"properties":{"line":"silver"}},{"type":"Feature","geometry":{"type":"LineString","coordinates":[[-76.91065,39.01181],[-76.91186,39.01046],[-76.91438,39.00764],[-76.91442,39.0076],[-76.91446,39.00755],[-76.9145,39.00751],[-76.91454,39.00746],[-76.91458,39.00742],[-76.91462,39.00737],[-76.91466,39.00733],[-76.9147,39.00728],[-76.91474,39.00724],[-76.91478,39.00719],[-76.91549,39.00636],[-76.91616,39.0055],[-76.91679,39.00463],[-76.91738,39.00374],[-76.91793,39.00284],[-76.91844,39.00192],[-76.91891,39.00099],[-76.91934,39.00005],[-76.91936,39.0],[-76.91938,38.99995],[-76.9194,38.9999],[-76.91943,38.99984],[-76.91945,38.99979],[-76.91947,38.99974],[-76.91949,38.99969],[-76.91951,38.99963],[-76.91954,38.99958],[-76.91956,38.99953],[-76.92031,38.99772],[-76.92538,38.98553],[-76.92539,38.98549],[-76.92541,38.98545],[-76.92543,38.98541],[-76.92544,38.98537],[-76.92546,38.98533],[-76.92548,38.98529],[-76.92549,38.98526],[-76.92551,38.98522],[-76.92553,38.98518],[-76.92554,38.98514],[-76.92566,38.98488],[-76.92568,38.98484],[-76.9257,38.9848],[-76.92571,38.98476],[-76.92573,38.98472],[-76.92575,38.98468],[-76.92577,38.98464],[-76.92579,38.9846],[-76.9258,38.98457],[-76.92582,38.98453],[-76.92584,38.98449],[-76.92596,38.98423],[-76.92598,38.98419],[-76.926,38.98415],[-76.92602,38.98411],[-76.92604,38.98408],[-76.92606,38.98404],[-76.92607,38.984],[-76.92609,38.98396],[-76.92611,38.98392],[-76.92613,38.98388],[-76.92615,38.98384],[-76.92626,38.98358],[-76.92628,38.98354],[-76.9263,38.9835],[-76.92631,38.98346],[-76.92633,38.98342],[-76.92635,38.98338],[-76.92636,38.98334],[-76.92638,38.9833],[-76.9264,38.98326],[-76.92641,38.98323],[-76.92643,38.98319],[-76.92705,38.98168],[-76.92749,38.98064],[-76.9275,38.98061],[-76.92751,38.98058],[-76.92752,38.98056],[-76.92753,38.98053],[-76.92754,38.98051],[-76.92755,38.98048],[-76.92756,38.98045],[-76.92757,38.98043],[-76.92759,38.9804],[-76.9276,38.98037],[-76.92791,38.97959],[-76.92792,38.97956],[-76.92793,38.97954],[-76.92794,38.97951],[-76.92795,38.97949],[-76.92796,38.97946],[-76.92797,38.97943],[-76.92798,38.97941],[-76.92799,38.97938],[-76.928,38.97935],[-76.92801,38.97933],[-76.9281,38.97911],[-76.92871,38.97753],[-76.92921,38.97626],[-76.92922,38.97623],[-76.92923,38.9762],[-76.92924,38.97618],[-76.92925,38.97615],[-76.92926,38.97612],[-76.92927,38.9761],[-76.92928,38.97607],[-76.92929,38.97604],[-76.9293,38.97602],[-76.92931,38.97599],[-76.92943,38.97567],[-76.92944,38.97564],[-76.92945,38.97562],[-76.92946,38.97559],[-76.92947,38.97556],[-76.92947,38.97554],[-76.92948,38.97551],[-76.92949,38.97548],[-76.9295,38.97546],[-76.92951,38.97543],[-76.92952,38.9754],[-76.9299,38.9743],[-76.92993,38.97422],[-76.92996,38.97414],[-76.92998,38.97406],[-76.93001,38.97398],[-76.93004,38.97391],[-76.93007,38.97383],[-76.93011,38.97375],[-76.93014,38.97367],[-76.93018,38.97359],[-76.93022,38.97352],[-76.93027,38.97341],[-76.93034,38.97331],[-76.9304,38.97321],[-76.93047,38.97311],[-76.93055,38.97301],[-76.93063,38.97292],[-76.93071,38.97282],[-76.9308,38.97273],[-76.93089,38.97264],[-76.93099,38.97256],[-76.93109,38.97248],[-76.93119,38.9724],[-76.93129,38.97232],[-76.9314,38.97224],[-76.93152,38.97217],[-76.93163,38.9721],[-76.93175,38.97204],[-76.93187,38.97197],[-76.932,38.97192],[-76.93213,38.97186],[-76.93225,38.97181],[-76.93239,38.97176],[-76.93252,38.97171],[-76.93266,38.97167],[-76.93279,38.97164],[-76.93293,38.9716],[-76.93307,38.97157],[-76.93321,38.97155],[-76.93336,38.97152],[-76.9335,38.9715],[-76.93364,38.97149],[-76.93379,38.97148],[-76.93393,38.97147],[-76.93408,38.97147],[-76.93422,38.97147],[-76.93433,38.97147],[-76.93444,38.97148],[-76.93454,38.97148],[-76.93465,38.97149],[-76.93475,38.9715],[-76.93486,38.97151],[-76.93496,38.97152],[-76.93506,38.97153],[-76.93517,38.97154],[-76.93527,38.97156],[-76.93721,38.97178],[-76.9373,38.97179],[-76.9374,38.97181],[-76.93749,38.97182],[-76.93759,38.97183],[-76.93769,38.97184],[-76.93778,38.97184],[-76.93788,38.97185],[-76.93797,38.97186],[-76.93807,38.97186],[-76.93817,38.97187],[-76.93831,38.97187],[-76.93845,38.97187],[-76.93859,38.97186],[-76.93873,38.97185],[-76.93887,38.97184],[-76.93901,38.97182],[-76.93915,38.9718],[-76.93929,38.97177],[-76.93943,38.97175],[-76.93956,38.97171],[-76.9397,38.97168],[-76.93983,38.97164],[-76.93996,38.9716],[-76.94009,38.97155],[-76.94022,38.9715],[-76.94034,38.97145],[-76.94046,38.97139],[-76.94058,38.97133],[-76.94066,38.97129],[-76.94074,38.97125],[-76.94082,38.9712],[-76.9409,38.97116],[-76.94097,38.97111],[-76.94105,38.97106],[-76.94112,38.97102],[-76.9412,38.97097],[-76.94127,38.97092],[-76.94135,38.97087],[-76.94719,38.96704],[-76.94729,38.96698],[-76.94739,38.96691],[-76.94748,38.96685],[-76.94758,38.96679],[-76.94768,38.96672],[-76.94778,38.96666],[-76.94788,38.9666],[-76.94798,38.96654],[-76.94808,38.96648],[-76.94818,38.96643],[-76.9484,38.96631],[-76.94862,38.9662],[-76.94885,38.9661],[-76.94908,38.96601],[-76.94931,38.96592],[-76.94955,38.96583],[-76.94979,38.96576],[-76.95004,38.96569],[-76.95028,38.96562],[-76.95054,38.96557],[-76.95079,38.96552],[-76.95104,38.96547],[-76.9513,38.96544],[-76.95156,38.96541],[-76.95168,38.9654],[-76.95181,38.96539],[-76.95194,38.96538],[-76.95206,38.96537],[-76.95219,38.96537],[-76.95232,38.96536],[-76.95244,38.96536],[-76.95257,38.96535],[-76.9527,38.96535],[-76.95282,38.96534],[-76.95359,38.96532],[-76.95362,38.96532],[-76.95366,38.96532],[-76.95369,38.96532],[-76.95373,38.96532],[-76.95376,38.96532],[-76.9538,38.96532],[-76.95383,38.96532],[-76.95387,38.96531],[-76.9539,38.96531],[-76.95394,38.96531],[-76.95441,38.96531],[-76.95445,38.96531],[-76.95448,38.96531],[-76.95452,38.96531],[-76.95455,38.96531],[-76.95459,38.96531],[-76.95462,38.96531],[-76.95466,38.96531],[-76.95469,38.96531],[-76.95473,38.96531],[-76.95476,38.96531],[-76.95537,38.96531],[-76.95748,38.96532],[-76.96333,38.96535],[-76.96338,38.96535],[-76.96348,38.96535],[-76.96359,38.96535],[-76.9637,38.96535],[-76.9638,38.96535],[-76.96391,38.96535],[-76.96401,38.96535],[-76.96412,38.96534],[-76.96422,38.96534],[-76.96433,38.96533],[-76.96443,38.96533],[-76.96461,38.96531],[-76.96478,38.96529],[-76.96496,38.96526],[-76.96513,38.96523],[-76.9653,38.9652],[-76.96547,38.96516],[-76.96564,38.96512],[-76.9658,38.96507],[-76.96597,38.96502],[-76.96613,38.96496],[-76.96629,38.9649],[-76.96644,38.96483],[-76.96659,38.96476],[-76.96674,38.96469],[-76.96689,38.96461],[-76.96703,38.96453],[-76.96717,38.96444],[-76.9673,38.96435],[-76.96743,38.96426],[-76.96756,38.96416],[-76.96768,38.96406],[-76.9678,38.96396],[-76.96791,38.96385],[-76.96802,38.96374],[-76.96812,38.96363],[-76.96822,38.96351],[-76.96831,38.9634],[-76.9684,38.96328],[-76.96848,38.96315],[-76.96856,38.96303],[-76.96863,38.9629],[-76.96869,38.96277],[-76.96875,38.96264],[-76.96881,38.96251],[-76.96885,38.96238],[-76.96889,38.96225],[-76.96893,38.96211],[-76.96896,38.96197],[-76.96898,38.96184],[-76.969,38.9617],[-76.96901,38.96156],[-76.96902,38.96142],[-76.96902,38.96129],[-76.96901,38.96115],[-76.969,38.96101],[-76.96898,38.96093],[-76.96897,38.96085],[-76.96896,38.96077],[-76.96896,38.96077],[-76.96894,38.96068],[-76.96894,38.96068],[-76.96892,38.9606],[-76.96892,38.9606],[-76.9689,38.96052],[-76.96889,38.96044],[-76.96887,38.96036],[-76.96885,38.96028],[-76.96882,38.9602],[-76.96862,38.95941],[-76.9686,38.95932],[-76.96858,38.95923],[-76.96856,38.95915],[-76.96854,38.95906],[-76.96852,38.95897],[-76.9685,38.95889],[-76.9685,38.95888],[-76.96848,38.9588],[-76.96848,38.9588],[-76.96847,38.95871],[-76.96845,38.95862],[-76.96844,38.95853],[-76.96843,38.95841],[-76.96843,38.95828],[-76.96842,38.95815],[-76.96843,38.95802],[-76.96844,38.9579],[-76.96845,38.95777],[-76.96847,38.95764],[-76.9685,38.95752],[-76.96853,38.95739],[-76.96857,38.95727],[-76.96861,38.95714],[-76.96864,38.95706],[-76.96867,38.95697],[-76.96871,38.95689],[-76.96875,38.95681],[-76.96879,38.95672],[-76.96883,38.95664],[-76.96887,38.95656],[-76.96891,38.95648],[-76.96895,38.95639],[-76.96899,38.95631],[-76.96913,38.95605],[-76.96992,38.95452],[-76.97029,38.95381],[-76.97033,38.95373],[-76.97037,38.95365],[-76.97042,38.95356],[-76.97046,38.95348],[-76.97051,38.9534],[-76.97055,38.95332],[-76.9706,38.95324],[-76.97065,38.95316],[-76.97071,38.95308],[-76.97076,38.953],[-76.97083,38.9529],[-76.97091,38.95281],[-76.97099,38.95272],[-76.97108,38.95263],[-76.97117,38.95254],[-76.97126,38.95245],[-76.97136,38.95237],[-76.97146,38.95229],[-76.97157,38.95221],[-76.97167,38.95214],[-76.97178,38.95207],[-76.9719,38.952],[-76.97201,38.95193],[-76.97213,38.95187],[-76.97226,38.95181],[-76.97238,38.95175],[-76.97251,38.9517],[-76.97264,38.95165],[-76.97277,38.95161],[-76.9729,38.95156],[-76.97304,38.95152],[-76.97317,38.95149],[-76.97331,38.95146],[-76.97345,38.95143],[-76.97359,38.95141],[-76.97373,38.95139],[-76.97387,38.95137],[-76.97402,38.95136],[-76.97416,38.95135],[-76.9743,38.95134],[-76.97445,38.95134],[-76.97456,38.95134],[-76.97468,38.95135],[-76.97479,38.95135],[-76.97491,38.95136],[-76.97502,38.95137],[-76.97513,38.95138],[-76.97525,38.95139],[-76.97536,38.9514],[-76.97547,38.95141],[-76.97559,38.95143],[-76.97627,38.9515],[-76.97658,38.95154],[-76.9767,38.95155],[-76.97682,38.95156],[-76.97695,38.95158],[-76.97707,38.95159],[-76.97719,38.9516],[-76.97731,38.95162],[-76.97743,38.95163],[-76.97756,38.95164],[-76.97768,38.95165],[-76.9778,38.95167],[-76.97791,38.95167],[-76.97794,38.95168],[-76.97797,38.95168],[-76.978,38.95168],[-76.97803,38.95169],[-76.97806,38.95169],[-76.97809,38.95169],[-76.97813,38.95169],[-76.97816,38.9517],[-76.97819,38.9517],[-76.97822,38.9517],[-76.98502,38.95229],[-76.98508,38.9523],[-76.98944,38.95268],[-76.98952,38.95268],[-76.9896,38.95269],[-76.98968,38.9527],[-76.98975,38.9527],[-76.98983,38.95271],[-76.98991,38.95272],[-76.98999,38.95272],[-76.99007,38.95273],[-76.99015,38.95273],[-76.99023,38.95274],[-76.9903,38.95275],[-76.99067,38.95276],[-76.99104,38.95277],[-76.9914,38.95277],[-76.99177,38.95277],[-76.99213,38.95275],[-76.9925,38.95273],[-76.99258,38.95272],[-76.99265,38.95271],[-76.99273,38.95271],[-76.99281,38.9527],[-76.99289,38.95269],[-76.99297,38.95268],[-76.99305,38.95268],[-76.99312,38.95267],[-76.9932,38.95266],[-76.99328,38.95265],[-76.99433,38.95254],[-76.99532,38.95244],[-76.99536,38.95244],[-76.99541,38.95243],[-76.99545,38.95243],[-76.99549,38.95242],[-76.99554,38.95242],[-76.99558,38.95241],[-76.99562,38.95241],[-76.99567,38.95241],[-76.99571,38.9524],[-76.99575,38.9524],[-76.9958,38.95239],[-76.99615,38.95236],[-76.99619,38.95236],[-76.99623,38.95235],[-76.99628,38.95235],[-76.99632,38.95234],[-76.99637,38.95234],[-76.99641,38.95234],[-76.99645,38.95233],[-76.9965,38.95233],[-76.99654,38.95233],[-76.99658,38.95232],[-77.00085,38.95196],[-77.00089,38.95196],[-77.00092,38.95196],[-77.00096,38.95195],[-77.00099,38.95195],[-77.00103,38.95195],[-77.00106,38.95195],[-77.0011,38.95194],[-77.00113,38.95194],[-77.00117,38.95194],[-77.0012,38.95193],[-77.00156,38.95191],[-77.00159,38.9519],[-77.00163,38.9519],[-77.00166,38.9519],[-77.0017,38.9519],[-77.00173,38.95189],[-77.00177,38.95189],[-77.0018,38.95189],[-77.00184,38.95189],[-77.00187,38.95188],[-77.00191,38.95188],[-77.00214,38.95187],[-77.00224,38.95186],[-77.00226,38.95186],[-77.0036,38.95176],[-77.00424,38.95172],[-77.00477,38.95168],[-77.00482,38.95167],[-77.00486,38.95167],[-77.00491,38.95167],[-77.00495,38.95167],[-77.00499,38.95166],[-77.00504,38.95166],[-77.00508,38.95166],[-77.00512,38.95165],[-77.00517,38.95165],[-77.00521,38.95165],[-77.00535,38.95164],[-77.00562,38.95163],[-77.00567,38.95163],[-77.00571,38.95162],[-77.00575,38.95162],[-77.0058,38.95162],[-77.00584,38.95162],[-77.00589,38.95162],[-77.00593,38.95162],[-77.00597,38.95161],[-77.00602,38.95161],[-77.00606,38.95161],[-77.00607,38.95161],[-77.00676,38.95159],[-77.00686,38.95159],[-77.00697,38.95158],[-77.00708,38.95158],[-77.00719,38.95158],[-77.0073,38.95157],[-77.00741,38.95157],[-77.00748,38.95156],[-77.00752,38.95156],[-77.00762,38.95155],[-77.00767,38.95155],[-77.00773,38.95155],[-77.00775,38.95155],[-77.00784,38.95154],[-77.00801,38.95152],[-77.0081,38.95151],[-77.00817,38.9515],[-77.00836,38.95148],[-77.00862,38.95144],[-77.00887,38.95139],[-77.00907,38.95135],[-77.00912,38.95134],[-77.00926,38.95131],[-77.00937,38.95128],[-77.00937,38.95128],[-77.00962,38.95122],[-77.00968,38.9512],[-77.00987,38.95114],[-77.01011,38.95106],[-77.01035,38.95098],[-77.01058,38.95089],[-77.01067,38.95085],[-77.01081,38.95079],[-77.01104,38.95068],[-77.0112,38.95061],[-77.01123,38.95059],[-77.01126,38.95057],[-77.01147,38.95046],[-77.01149,38.95045],[-77.01156,38.95041],[-77.01165,38.95036],[-77.01174,38.95031],[-77.01179,38.95028],[-77.01182,38.95026],[-77.01191,38.9502],[-77.01199,38.95015],[-77.01208,38.9501],[-77.01216,38.95004],[-77.01225,38.94999],[-77.01225,38.94998],[-77.01233,38.94994],[-77.01297,38.94953],[-77.01378,38.949],[-77.01381,38.94899],[-77.01386,38.94895],[-77.01392,38.94892],[-77.01397,38.94888],[-77.01403,38.94885],[-77.01408,38.94881],[-77.01414,38.94877],[-77.01419,38.94874],[-77.01424,38.9487],[-77.01426,38.94869],[-77.0143,38.94867],[-77.01435,38.94863],[-77.01439,38.94861],[-77.01471,38.94838],[-77.01505,38.94812],[-77.01506,38.94812],[-77.0154,38.94785],[-77.01562,38.94766],[-77.01565,38.94763],[-77.01572,38.94757],[-77.01604,38.94728],[-77.01612,38.94719],[-77.01634,38.94698],[-77.01647,38.94685],[-77.01663,38.94668],[-77.0169,38.94637],[-77.01695,38.9463],[-77.01716,38.94605],[-77.0172,38.946],[-77.01723,38.94595],[-77.01727,38.94591],[-77.01731,38.94586],[-77.01734,38.94581],[-77.01738,38.94576],[-77.01741,38.94572],[-77.01745,38.94567],[-77.01749,38.94562],[-77.01752,38.94557],[-77.02306,38.93811],[-77.02412,38.93668],[-77.02543,38.93492],[-77.02621,38.93387],[-77.02669,38.93322],[-77.02674,38.93316],[-77.02678,38.9331],[-77.02683,38.93304],[-77.02687,38.93299],[-77.02692,38.93293],[-77.02696,38.93287],[-77.02699,38.93284],[-77.02701,38.93282],[-77.02706,38.93276],[-77.02711,38.93271],[-77.02716,38.93265],[-77.02723,38.93259],[-77.02727,38.93255],[-77.0273,38.93252],[-77.02737,38.93246],[-77.02737,38.93246],[-77.02745,38.9324],[-77.02753,38.93234],[-77.02761,38.93228],[-77.02766,38.93225],[-77.02769,38.93223],[-77.02778,38.93218],[-77.02779,38.93217],[-77.02783,38.93215],[-77.02786,38.93213],[-77.02795,38.93208],[-77.02799,38.93206],[-77.02801,38.93205],[-77.02805,38.93203],[-77.02807,38.93203],[-77.02812,38.932],[-77.02819,38.93197],[-77.02827,38.93194],[-77.02828,38.93193],[-77.02835,38.93191],[-77.02842,38.93188],[-77.0285,38.93185],[-77.02858,38.93182],[-77.02858,38.93182],[-77.02866,38.93179],[-77.02874,38.93177],[-77.02882,38.93174],[-77.02938,38.93155],[-77.02961,38.93147],[-77.0307,38.9311],[-77.03077,38.93107],[-77.03084,38.93105],[-77.03091,38.93102],[-77.03092,38.93102],[-77.03098,38.931],[-77.03106,38.93097],[-77.03113,38.93094],[-77.0312,38.93091],[-77.03127,38.93088],[-77.03129,38.93087],[-77.03134,38.93085],[-77.03141,38.93082],[-77.03145,38.9308],[-77.03149,38.93078],[-77.03157,38.93074],[-77.03165,38.93069],[-77.0317,38.93065],[-77.03172,38.93064],[-77.0318,38.93059],[-77.03186,38.93054],[-77.03187,38.93054],[-77.03194,38.93049],[-77.032,38.93043],[-77.03203,38.9304],[-77.03207,38.93037],[-77.03213,38.93031],[-77.03213,38.93031],[-77.03219,38.93025],[-77.03224,38.93019],[-77.03229,38.93014],[-77.03229,38.93013],[-77.03234,38.93006],[-77.03239,38.92999],[-77.0324,38.92999],[-77.03244,38.92993],[-77.03248,38.92986],[-77.03248,38.92985],[-77.03251,38.92979],[-77.03255,38.92972],[-77.03258,38.92964],[-77.03261,38.92957],[-77.03263,38.9295],[-77.03266,38.92942],[-77.03266,38.92942],[-77.03267,38.92935],[-77.03269,38.92927],[-77.03269,38.92927],[-77.0327,38.9292],[-77.03271,38.92912],[-77.03271,38.92906],[-77.03272,38.929],[-77.03272,38.92893],[-77.03271,38.92887],[-77.03271,38.92881],[-77.03271,38.92875],[-77.03271,38.92875],[-77.0327,38.92869],[-77.0327,38.92863],[-77.03269,38.92856],[-77.03269,38.9285],[-77.03267,38.92832],[-77.0325,38.92668],[-77.03247,38.92634],[-77.03201,38.92177],[-77.032,38.92172],[-77.032,38.92166],[-77.03199,38.92161],[-77.03199,38.92155],[-77.03198,38.9215],[-77.03198,38.92144],[-77.03197,38.92139],[-77.03197,38.92133],[-77.03196,38.92128],[-77.03196,38.92122],[-77.03194,38.92092],[-77.03194,38.92061],[-77.03194,38.92056],[-77.03194,38.9205],[-77.03194,38.92045],[-77.03194,38.9204],[-77.03194,38.92034],[-77.03194,38.92029],[-77.03195,38.92023],[-77.03195,38.92018],[-77.03195,38.92012],[-77.03195,38.92007],[-77.03197,38.91954],[-77.03197,38.91951],[-77.03197,38.9195],[-77.03197,38.91944],[-77.03197,38.91939],[-77.03197,38.91933],[-77.03198,38.91928],[-77.03198,38.91922],[-77.03198,38.91917],[-77.03197,38.91911],[-77.03197,38.91906],[-77.03197,38.91901],[-77.03196,38.91895],[-77.03195,38.91888],[-77.03193,38.9188],[-77.03192,38.91873],[-77.03192,38.91873],[-77.03191,38.91871],[-77.0319,38.91865],[-77.03187,38.91858],[-77.03184,38.91851],[-77.03183,38.91848],[-77.03181,38.91843],[-77.03181,38.91842],[-77.03178,38.91836],[-77.03174,38.91829],[-77.0317,38.91823],[-77.0317,38.91822],[-77.03166,38.91815],[-77.03161,38.91809],[-77.03161,38.91808],[-77.03156,38.91802],[-77.03155,38.918],[-77.03151,38.91796],[-77.03148,38.91792],[-77.03146,38.9179],[-77.0314,38.91783],[-77.03134,38.91778],[-77.03128,38.91772],[-77.03121,38.91766],[-77.03114,38.91761],[-77.03113,38.9176],[-77.03107,38.91755],[-77.031,38.9175],[-77.03093,38.91745],[-77.03085,38.91741],[-77.03084,38.91741],[-77.03077,38.91736],[-77.03074,38.91735],[-77.03069,38.91732],[-77.03061,38.91728],[-77.03052,38.91724],[-77.03044,38.91721],[-77.03042,38.9172],[-77.03035,38.91717],[-77.0303,38.91716],[-77.03026,38.91714],[-77.03017,38.91712],[-77.03008,38.91709],[-77.02999,38.91707],[-77.02989,38.91704],[-77.02983,38.91703],[-77.0298,38.91703],[-77.0297,38.91701],[-77.02961,38.917],[-77.02951,38.91699],[-77.02944,38.91698],[-77.02937,38.91698],[-77.0293,38.91697],[-77.02923,38.91697],[-77.02916,38.91697],[-77.02909,38.91696],[-77.02902,38.91696],[-77.02895,38.91696],[-77.02888,38.91696],[-77.02881,38.91696],[-77.02857,38.91696],[-77.02647,38.91696],[-77.02504,38.91696],[-77.02496,38.91696],[-77.02488,38.91696],[-77.0248,38.91696],[-77.02473,38.91696],[-77.02472,38.91696],[-77.02465,38.91696],[-77.02457,38.91696],[-77.02449,38.91695],[-77.02448,38.91695],[-77.02442,38.91695],[-77.02434,38.91694],[-77.02426,38.91693],[-77.02426,38.91693],[-77.02417,38.91692],[-77.02408,38.91691],[-77.02401,38.91689],[-77.02399,38.91689],[-77.02391,38.91687],[-77.02385,38.91686],[-77.02382,38.91685],[-77.02373,38.91683],[-77.02365,38.9168],[-77.02356,38.91677],[-77.02348,38.91674],[-77.0234,38.91671],[-77.02332,38.91668],[-77.02324,38.91664],[-77.02316,38.9166],[-77.02309,38.91656],[-77.02306,38.91654],[-77.02301,38.91651],[-77.02294,38.91647],[-77.02287,38.91642],[-77.02281,38.91637],[-77.02274,38.91632],[-77.02268,38.91627],[-77.02266,38.91626],[-77.02262,38.91622],[-77.02256,38.91616],[-77.02251,38.9161],[-77.02245,38.91605],[-77.02244,38.91603],[-77.0224,38.91599],[-77.02236,38.91592],[-77.02231,38.91586],[-77.02227,38.9158],[-77.02223,38.91573],[-77.02219,38.91567],[-77.02216,38.9156],[-77.02215,38.91558],[-77.02213,38.91553],[-77.0221,38.91546],[-77.02208,38.91539],[-77.02206,38.91533],[-77.02204,38.91525],[-77.02202,38.91518],[-77.02201,38.91512],[-77.02201,38.91506],[-77.022,38.915],[-77.022,38.91494],[-77.02199,38.91488],[-77.02199,38.91482],[-77.02199,38.91476],[-77.02199,38.9147],[-77.02199,38.91464],[-77.02199,38.91458],[-77.02199,38.91435],[-77.02199,38.9127],[-77.02199,38.91262],[-77.02199,38.90746],[-77.02195,38.90724],[-77.02195,38.90576],[-77.02195,38.90375],[-77.02195,38.90312],[-77.02195,38.90309],[-77.02195,38.90309],[-77.02195,38.90293],[-77.02194,38.90154],[-77.02194,38.90154],[-77.02194,38.90151],[-77.02194,38.90148],[-77.02194,38.90148],[-77.02194,38.90099],[-77.02194,38.89921],[-77.02194,38.89839],[-77.02194,38.89838],[-77.02194,38.89698],[-77.02194,38.89673],[-77.02194,38.8967],[-77.02194,38.8967],[-77.02194,38.89654],[-77.02194,38.89651],[-77.02194,38.89651],[-77.02194,38.89643],[-77.02194,38.89619],[-77.02194,38.89619],[-77.02194,38.89616],[-77.02194,38.89613],[-77.02194,38.89613],[-77.02194,38.89599],[-77.02194,38.89597],[-77.02194,38.89597],[-77.02194,38.89564],[-77.02194,38.88875],[-77.02194,38.88847],[-77.02193,38.88812],[-77.02193,38.88812],[-77.02193,38.88809],[-77.02193,38.88807],[-77.02193,38.88804],[-77.02193,38.88804],[-77.02193,38.88801],[-77.02193,38.88798],[-77.02193,38.88798],[-77.02193,38.88795],[-77.02193,38.8879],[-77.02193,38.8879],[-77.02193,38.88787],[-77.02193,38.88785],[-77.02193,38.88785],[-77.02192,38.8876],[-77.02192,38.8876],[-77.02192,38.88757],[-77.02192,38.88755],[-77.02192,38.88755],[-77.02192,38.88752],[-77.02191,38.88749],[-77.02191,38.88749],[-77.02191,38.88747],[-77.02191,38.88744],[-77.02191,38.88744],[-77.02191,38.88741],[-77.02191,38.88738],[-77.02191,38.88738],[-77.02191,38.88736],[-77.02191,38.88733],[-77.02191,38.88733],[-77.0219,38.88697],[-77.0219,38.88697],[-77.0219,38.88668],[-77.0219,38.88494],[-77.0219,38.88488],[-77.0219,38.88483],[-77.0219,38.88483],[-77.0219,38.8843],[-77.0219,38.88421],[-77.02194,38.88312],[-77.02194,38.88305],[-77.02194,38.88302],[-77.02195,38.883],[-77.02195,38.88297],[-77.02195,38.88294],[-77.02195,38.88291],[-77.02195,38.88289],[-77.02195,38.88286],[-77.02195,38.88283],[-77.02195,38.8828],[-77.02196,38.88278],[-77.022,38.88185],[-77.022,38.8818],[-77.02201,38.88174],[-77.02201,38.88169],[-77.02201,38.88164],[-77.02202,38.88158],[-77.02202,38.88153],[-77.02202,38.88147],[-77.02203,38.88142],[-77.02203,38.88136],[-77.02203,38.88131],[-77.02206,38.88103],[-77.0221,38.88076],[-77.0221,38.88071],[-77.02211,38.88065],[-77.02212,38.8806],[-77.02213,38.88054],[-77.02214,38.88049],[-77.02215,38.88044],[-77.02216,38.88038],[-77.02217,38.88033],[-77.02218,38.88027],[-77.02219,38.88022],[-77.02235,38.8793],[-77.02236,38.87924],[-77.02237,38.87919],[-77.02238,38.87913],[-77.02239,38.87908],[-77.0224,38.87903],[-77.0224,38.87897],[-77.02241,38.87892],[-77.02241,38.87886],[-77.02242,38.87881],[-77.02242,38.87875],[-77.02242,38.87867],[-77.02242,38.87859],[-77.02241,38.87852],[-77.0224,38.87844],[-77.02239,38.87836],[-77.02237,38.87828],[-77.02235,38.87821],[-77.02233,38.87813],[-77.0223,38.87805],[-77.02227,38.87798],[-77.02223,38.8779],[-77.0222,38.87783],[-77.02216,38.87776],[-77.02211,38.87769],[-77.02207,38.87762],[-77.02202,38.87755],[-77.02197,38.87748],[-77.02191,38.87742],[-77.02185,38.87735],[-77.02179,38.87729],[-77.02173,38.87723],[-77.02166,38.87717],[-77.0216,38.87711],[-77.02152,38.87706],[-77.02145,38.877],[-77.02137,38.87695],[-77.0213,38.8769],[-77.02122,38.87686],[-77.02113,38.87681],[-77.02105,38.87677],[-77.02096,38.87673],[-77.02088,38.87669],[-77.02079,38.87665],[-77.0207,38.87662],[-77.0206,38.87659],[-77.02051,38.87656],[-77.02042,38.87653],[-77.02032,38.87651],[-77.02022,38.87649],[-77.02013,38.87647],[-77.02003,38.87645],[-77.01993,38.87644],[-77.01983,38.87643],[-77.01976,38.87642],[-77.01969,38.87642],[-77.01962,38.87641],[-77.01955,38.87641],[-77.01948,38.87641],[-77.01941,38.87641],[-77.01934,38.87641],[-77.01927,38.87641],[-77.0192,38.87641],[-77.01913,38.87641],[-77.00428,38.87643],[-77.00421,38.87643],[-77.00414,38.87643],[-77.00406,38.87643],[-77.00399,38.87643],[-77.00392,38.87643],[-77.00385,38.87643],[-77.00377,38.87642],[-77.0037,38.87642],[-77.00363,38.87642],[-77.00356,38.87641],[-77.00344,38.8764],[-77.00332,38.87639],[-77.0032,38.87637],[-77.00308,38.87635],[-77.00297,38.87633],[-77.00285,38.8763],[-77.00273,38.87627],[-77.00262,38.87624],[-77.00251,38.87621],[-77.0024,38.87617],[-77.0023,38.87613],[-77.00221,38.8761],[-77.00212,38.87606],[-77.00203,38.87602],[-77.00194,38.87598],[-77.00186,38.87593],[-77.00177,38.87589],[-77.00169,38.87584],[-77.00161,38.87579],[-77.00153,38.87574],[-77.00145,38.87569],[-77.00137,38.87564],[-77.00129,38.87558],[-77.00122,38.87552],[-77.00115,38.87547],[-77.00108,38.87541],[-77.00101,38.87535],[-77.00094,38.87529],[-77.0008,38.87517],[-77.0007,38.87506],[-77.00059,38.87495],[-77.0005,38.87484],[-77.0004,38.87472],[-77.00031,38.8746],[-77.00023,38.87448],[-77.00015,38.87436],[-77.00007,38.87424],[-77.00004,38.87418],[-77.0,38.87411],[-76.99997,38.87405],[-76.99994,38.87399],[-76.9999,38.87392],[-76.99987,38.87386],[-76.99984,38.87379],[-76.99981,38.87373],[-76.99978,38.87367],[-76.99975,38.8736],[-76.99731,38.86839],[-76.99729,38.86834],[-76.99727,38.86829],[-76.99724,38.86823],[-76.99722,38.86818],[-76.9972,38.86813],[-76.99717,38.86808],[-76.99715,38.86803],[-76.99712,38.86798],[-76.9971,38.86792],[-76.99708,38.86787],[-76.99693,38.8675],[-76.99679,38.86712],[-76.99677,38.86706],[-76.99676,38.86701],[-76.99674,38.86696],[-76.99672,38.8669],[-76.9967,38.86685],[-76.99669,38.8668],[-76.99667,38.86674],[-76.99666,38.86669],[-76.99664,38.86664],[-76.99662,38.86658],[-76.99507,38.86142],[-76.99505,38.86136],[-76.99503,38.8613],[-76.99501,38.86124],[-76.995,38.86119],[-76.99498,38.86113],[-76.99496,38.86107],[-76.99494,38.86102],[-76.99492,38.86096],[-76.9949,38.8609],[-76.99488,38.86085],[-76.99486,38.86079],[-76.99483,38.86073],[-76.99481,38.86068],[-76.99479,38.86062],[-76.99476,38.86057],[-76.99474,38.86051],[-76.99471,38.86045],[-76.99468,38.8604],[-76.99466,38.86034],[-76.99463,38.86029],[-76.9945,38.86001],[-76.99447,38.85994],[-76.99443,38.85986],[-76.9944,38.85979],[-76.99437,38.85972],[-76.99433,38.85965],[-76.9943,38.85958],[-76.99427,38.8595],[-76.99424,38.85943],[-76.99421,38.85936],[-76.99419,38.85928],[-76.99414,38.85914],[-76.9941,38.85899],[-76.99406,38.85884],[-76.99404,38.85868],[-76.99402,38.85853],[-76.994,38.85838],[-76.994,38.8583],[-76.99399,38.85823],[-76.99399,38.85815],[-76.99399,38.85807],[-76.99399,38.858],[-76.99399,38.85792],[-76.994,38.85785],[-76.994,38.85777],[-76.994,38.85769],[-76.994,38.85762],[-76.99406,38.85633],[-76.99406,38.85628],[-76.99406,38.85622],[-76.99406,38.85616],[-76.99407,38.85611],[-76.99407,38.85605],[-76.99407,38.856],[-76.99407,38.85594],[-76.99407,38.85588],[-76.99407,38.85583],[-76.99407,38.85577],[-76.99406,38.85565],[-76.99405,38.85552],[-76.99404,38.8554],[-76.99403,38.85534],[-76.99402,38.85529],[-76.99401,38.85523],[-76.994,38.85518],[-76.99399,38.85512],[-76.99398,38.85507],[-76.99397,38.85501],[-76.99396,38.85495],[-76.99395,38.8549],[-76.99394,38.85484],[-76.99367,38.85349],[-76.99365,38.8534],[-76.99363,38.8533],[-76.99361,38.85321],[-76.99359,38.85311],[-76.99357,38.85302],[-76.99354,38.85292],[-76.99352,38.85283],[-76.99349,38.85274],[-76.99347,38.85264],[-76.99344,38.85255],[-76.99338,38.85237],[-76.99331,38.85219],[-76.99324,38.85202],[-76.99316,38.85184],[-76.99307,38.85167],[-76.99297,38.8515],[-76.99287,38.85134],[-76.99281,38.85125],[-76.99276,38.85117],[-76.9927,38.85108],[-76.99264,38.851],[-76.99258,38.85092],[-76.99251,38.85083],[-76.99245,38.85075],[-76.99239,38.85067],[-76.99232,38.85059],[-76.99226,38.8505],[-76.98721,38.84403],[-76.98717,38.84398],[-76.98714,38.84394],[-76.9871,38.84389],[-76.98707,38.84384],[-76.98703,38.8438],[-76.98699,38.84375],[-76.98696,38.8437],[-76.98692,38.84365],[-76.98689,38.8436],[-76.98686,38.84356],[-76.98674,38.84338],[-76.98671,38.84333],[-76.98667,38.84328],[-76.98665,38.84323],[-76.98662,38.84318],[-76.98659,38.84313],[-76.98656,38.84308],[-76.98653,38.84303],[-76.9865,38.84298],[-76.98647,38.84293],[-76.98645,38.84288],[-76.98545,38.84109],[-76.98542,38.84103],[-76.98538,38.84096],[-76.98534,38.8409],[-76.98531,38.84084],[-76.98527,38.84078],[-76.98523,38.84072],[-76.98519,38.84065],[-76.98515,38.84059],[-76.98511,38.84053],[-76.98507,38.84047],[-76.985,38.84039],[-76.98494,38.84032],[-76.98487,38.84024],[-76.9848,38.84017],[-76.98472,38.84009],[-76.98464,38.84002],[-76.98456,38.83996],[-76.98447,38.83989],[-76.98439,38.83983],[-76.98432,38.83978],[-76.98425,38.83974],[-76.98418,38.83969],[-76.98411,38.83965],[-76.98404,38.83961],[-76.98397,38.83957],[-76.9839,38.83953],[-76.98383,38.83949],[-76.98376,38.83945],[-76.98368,38.83941],[-76.9829,38.83899],[-76.98284,38.83896],[-76.98278,38.83893],[-76.98273,38.8389],[-76.98267,38.83887],[-76.98261,38.83883],[-76.98255,38.8388],[-76.98248,38.83877],[-76.98242,38.83874],[-76.98236,38.83872],[-76.9823,38.83869],[-76.98217,38.83863],[-76.98205,38.83858],[-76.98192,38.83854],[-76.98179,38.8385],[-76.98165,38.83846],[-76.98152,38.83842],[-76.98138,38.83839],[-76.98124,38.83836],[-76.98111,38.83834],[-76.98097,38.83832],[-76.98083,38.8383],[-76.98068,38.83829],[-76.98054,38.83828],[-76.9804,38.83827],[-76.98026,38.83827],[-76.98012,38.83827],[-76.97997,38.83828],[-76.97983,38.83829],[-76.97969,38.8383],[-76.97955,38.83832],[-76.97941,38.83834],[-76.97927,38.83837],[-76.97915,38.83839],[-76.97914,38.83839],[-76.979,38.83843],[-76.97887,38.83846],[-76.97873,38.8385],[-76.9786,38.83855],[-76.97847,38.83859],[-76.97835,38.83864],[-76.97822,38.8387],[-76.9781,38.83876],[-76.97798,38.83882],[-76.97786,38.83888],[-76.97775,38.83895],[-76.97764,38.83902],[-76.97758,38.83905],[-76.97753,38.83909],[-76.97748,38.83913],[-76.97742,38.83917],[-76.97737,38.8392],[-76.97732,38.83924],[-76.97727,38.83928],[-76.97722,38.83932],[-76.97717,38.83936],[-76.97711,38.8394],[-76.97628,38.84005],[-76.9743,38.8416],[-76.97427,38.84162],[-76.97425,38.84164],[-76.97422,38.84166],[-76.9742,38.84168],[-76.97417,38.84169],[-76.97415,38.84171],[-76.97412,38.84173],[-76.9741,38.84175],[-76.97408,38.84177],[-76.97405,38.84179],[-76.97381,38.84199],[-76.97379,38.84201],[-76.97376,38.84203],[-76.97374,38.84205],[-76.97372,38.84207],[-76.97369,38.84209],[-76.97367,38.84211],[-76.97364,38.84213],[-76.97362,38.84215],[-76.9736,38.84217],[-76.97357,38.84219],[-76.9732,38.84252],[-76.97317,38.84254],[-76.97315,38.84256],[-76.97313,38.84258],[-76.9731,38.8426],[-76.97308,38.84262],[-76.97305,38.84264],[-76.97303,38.84266],[-76.97301,38.84268],[-76.97298,38.8427],[-76.97296,38.84272],[-76.97272,38.84292],[-76.97269,38.84294],[-76.97267,38.84296],[-76.97265,38.84297],[-76.97262,38.84299],[-76.9726,38.84301],[-76.97257,38.84303],[-76.97255,38.84305],[-76.97252,38.84307],[-76.9725,38.84309],[-76.97247,38.84311],[-76.97212,38.84339],[-76.97204,38.84345],[-76.97195,38.84351],[-76.97187,38.84358],[-76.97179,38.84364],[-76.97171,38.8437],[-76.97162,38.84377],[-76.97154,38.84383],[-76.97145,38.84389],[-76.97136,38.84395],[-76.97128,38.84401],[-76.97109,38.84413],[-76.9709,38.84424],[-76.97081,38.84429],[-76.97071,38.84434],[-76.97061,38.84439],[-76.97052,38.84444],[-76.97042,38.84449],[-76.97032,38.84454],[-76.97023,38.84459],[-76.97013,38.84464],[-76.97003,38.84469],[-76.96993,38.84473],[-76.96823,38.84555],[-76.96817,38.84558],[-76.96811,38.84561],[-76.96804,38.84564],[-76.96798,38.84567],[-76.96792,38.8457],[-76.96786,38.84573],[-76.9678,38.84576],[-76.96774,38.84579],[-76.96768,38.84582],[-76.96762,38.84585],[-76.96736,38.84599],[-76.9671,38.84614],[-76.96685,38.8463],[-76.9666,38.84646],[-76.96636,38.84663],[-76.96631,38.84666],[-76.96626,38.8467],[-76.96621,38.84674],[-76.96616,38.84678],[-76.9661,38.84682],[-76.96605,38.84686],[-76.966,38.8469],[-76.96595,38.84694],[-76.9659,38.84698],[-76.96585,38.84702],[-76.9648,38.84784],[-76.96389,38.84856],[-76.96381,38.84862],[-76.96374,38.84867],[-76.96366,38.84873],[-76.96359,38.84879],[-76.96351,38.84885],[-76.96344,38.8489],[-76.96336,38.84896],[-76.96329,38.84902],[-76.96321,38.84907],[-76.96313,38.84913],[-76.9629,38.84928],[-76.96266,38.84943],[-76.96241,38.84958],[-76.96216,38.84971],[-76.9619,38.84984],[-76.96164,38.84996],[-76.96137,38.85008],[-76.9611,38.85019],[-76.96082,38.85029],[-76.96053,38.85038],[-76.96025,38.85046],[-76.95996,38.85054],[-76.95966,38.85061],[-76.95937,38.85067],[-76.95927,38.85069],[-76.95916,38.8507],[-76.95906,38.85072],[-76.95896,38.85074],[-76.95885,38.85075],[-76.95875,38.85077],[-76.95865,38.85079],[-76.95854,38.8508],[-76.95844,38.85081],[-76.95833,38.85083],[-76.95381,38.85146],[-76.95378,38.85147],[-76.95374,38.85147],[-76.95371,38.85148],[-76.95368,38.85148],[-76.95364,38.85149],[-76.95361,38.85149],[-76.95357,38.8515],[-76.95354,38.8515],[-76.9535,38.85151],[-76.95347,38.85151],[-76.95312,38.85157],[-76.95309,38.85157],[-76.95305,38.85158],[-76.95302,38.85159],[-76.95298,38.85159],[-76.95295,38.8516],[-76.95292,38.8516],[-76.95288,38.85161],[-76.95285,38.85162],[-76.95281,38.85162],[-76.95278,38.85163],[-76.95174,38.85181],[-76.9517,38.85181],[-76.95167,38.85182],[-76.95163,38.85183],[-76.9516,38.85183],[-76.95157,38.85184],[-76.95153,38.85184],[-76.9515,38.85185],[-76.95146,38.85185],[-76.95143,38.85186],[-76.95139,38.85187],[-76.95105,38.85192],[-76.95101,38.85193],[-76.95098,38.85193],[-76.95094,38.85194],[-76.95091,38.85194],[-76.95088,38.85195],[-76.95084,38.85195],[-76.95081,38.85196],[-76.95077,38.85196],[-76.95074,38.85196],[-76.9507,38.85197],[-76.94997,38.85207],[-76.94986,38.85209],[-76.94975,38.8521],[-76.94963,38.85212],[-76.94952,38.85213],[-76.9494,38.85215],[-76.94929,38.85216],[-76.94917,38.85217],[-76.94906,38.85217],[-76.94894,38.85218],[-76.94883,38.85218],[-76.94871,38.85218],[-76.9486,38.85218],[-76.94848,38.85217],[-76.94837,38.85216],[-76.94826,38.85215],[-76.94815,38.85213],[-76.94804,38.85211],[-76.94792,38.85209],[-76.94782,38.85206],[-76.94771,38.85204],[-76.9476,38.852],[-76.9475,38.85197],[-76.94739,38.85193],[-76.94729,38.8519],[-76.94719,38.85185],[-76.94709,38.85181],[-76.94699,38.85176],[-76.94689,38.85171],[-76.9468,38.85166],[-76.9467,38.85161],[-76.94661,38.85155],[-76.94652,38.8515],[-76.94643,38.85144],[-76.94634,38.85139],[-76.94625,38.85133],[-76.94382,38.8498],[-76.94375,38.84976],[-76.94368,38.84972],[-76.94361,38.84967],[-76.94354,38.84963],[-76.94347,38.84959],[-76.94341,38.84954],[-76.94334,38.8495],[-76.94327,38.84946],[-76.9432,38.84942],[-76.94313,38.84938],[-76.94267,38.84911],[-76.94221,38.84886],[-76.94173,38.84862],[-76.94124,38.84839],[-76.94075,38.84818],[-76.94024,38.84797],[-76.93973,38.84778],[-76.93921,38.84761],[-76.93913,38.84758],[-76.93905,38.84756],[-76.93896,38.84753],[-76.93888,38.8475],[-76.9388,38.84748],[-76.93872,38.84745],[-76.93864,38.84743],[-76.93856,38.8474],[-76.93847,38.84738],[-76.93839,38.84736],[-76.936,38.84663],[-76.9359,38.8466],[-76.93581,38.84657],[-76.93571,38.84654],[-76.93561,38.84651],[-76.93551,38.84648],[-76.93542,38.84645],[-76.93532,38.84641],[-76.93523,38.84638],[-76.93513,38.84634],[-76.93504,38.8463],[-76.93495,38.84626],[-76.93486,38.84621],[-76.93477,38.84616],[-76.93468,38.84611],[-76.93459,38.84606],[-76.93451,38.84601],[-76.93443,38.84595],[-76.93435,38.8459],[-76.93428,38.84584],[-76.9342,38.84578],[-76.93413,38.84572],[-76.93406,38.84566],[-76.93399,38.8456],[-76.93392,38.84554],[-76.93385,38.84548],[-76.93378,38.84541],[-76.93198,38.8438],[-76.93191,38.84374],[-76.93184,38.84368],[-76.93178,38.84361],[-76.93171,38.84355],[-76.93164,38.84349],[-76.93157,38.84342],[-76.93151,38.84336],[-76.93144,38.84329],[-76.93138,38.84323],[-76.93132,38.84316],[-76.93127,38.8431],[-76.93121,38.84303],[-76.93115,38.84296],[-76.9311,38.84289],[-76.93104,38.84282],[-76.93099,38.84275],[-76.93094,38.84268],[-76.93089,38.8426],[-76.93084,38.84253],[-76.93079,38.84246],[-76.93074,38.84239],[-76.93035,38.84182],[-76.9303,38.84174],[-76.93025,38.84166],[-76.93019,38.84158],[-76.93014,38.84151],[-76.93009,38.84143],[-76.93003,38.84135],[-76.92998,38.84128],[-76.92992,38.8412],[-76.92986,38.84113],[-76.9298,38.84105],[-76.92966,38.84088],[-76.9295,38.84071],[-76.92934,38.84054],[-76.92917,38.84038],[-76.929,38.84022],[-76.92882,38.84007],[-76.92863,38.83992],[-76.92843,38.83978],[-76.92823,38.83964],[-76.92802,38.83951],[-76.92781,38.83938],[-76.92759,38.83926],[-76.9275,38.83921],[-76.92741,38.83917],[-76.92731,38.83912],[-76.92721,38.83907],[-76.92712,38.83903],[-76.92702,38.83898],[-76.92693,38.83894],[-76.92683,38.83889],[-76.92673,38.83885],[-76.92663,38.83881],[-76.92634,38.83867],[-76.92191,38.83668],[-76.92179,38.83662],[-76.92167,38.83657],[-76.92155,38.83651],[-76.92143,38.83646],[-76.92131,38.8364],[-76.92119,38.83634],[-76.92107,38.83628],[-76.92096,38.83622],[-76.92084,38.83616],[-76.92073,38.83609],[-76.92059,38.83601],[-76.92045,38.83592],[-76.92032,38.83583],[-76.92019,38.83573],[-76.92006,38.83563],[-76.91994,38.83553],[-76.91982,38.83542],[-76.91971,38.83532],[-76.91962,38.83523],[-76.91954,38.83514],[-76.91946,38.83505],[-76.91938,38.83496],[-76.9193,38.83487],[-76.91922,38.83478],[-76.91915,38.83468],[-76.91908,38.83459],[-76.919,38.8345],[-76.91893,38.8344],[-76.91848,38.83383],[-76.91842,38.83375],[-76.91836,38.83367],[-76.9183,38.83359],[-76.91824,38.83352],[-76.91818,38.83344],[-76.91812,38.83336],[-76.91806,38.83328],[-76.918,38.8332],[-76.91795,38.83312],[-76.91789,38.83304],[-76.9178,38.8329],[-76.91771,38.83275],[-76.91766,38.83266],[-76.91761,38.83258],[-76.91757,38.8325],[-76.91752,38.83242],[-76.91748,38.83233],[-76.91744,38.83225],[-76.91739,38.83216],[-76.91735,38.83208],[-76.91731,38.83199],[-76.91727,38.83191],[-76.91674,38.83084],[-76.9167,38.83076],[-76.91666,38.83068],[-76.91662,38.83061],[-76.91658,38.83053],[-76.91654,38.83045],[-76.9165,38.83038],[-76.91646,38.8303],[-76.91642,38.83023],[-76.91638,38.83015],[-76.91633,38.83008],[-76.91624,38.82994],[-76.91614,38.8298],[-76.91604,38.82967],[-76.91593,38.82953],[-76.91582,38.8294],[-76.9157,38.82928],[-76.91558,38.82916],[-76.91545,38.82904],[-76.91532,38.82892],[-76.91518,38.82881],[-76.91504,38.8287],[-76.91496,38.82864],[-76.91488,38.82859],[-76.9148,38.82853],[-76.91472,38.82848],[-76.91464,38.82843],[-76.91456,38.82837],[-76.91448,38.82832],[-76.9144,38.82827],[-76.91432,38.82822],[-76.91423,38.82817],[-76.90985,38.82543]]},"properties":{"line":"green"}},{"type":"Feature","geometry":{"type":"LineString","coordinates":[[-77.07551,38.79302],[-77.07523,38.79465],[-77.07497,38.79625],[-77.07495,38.79634],[-77.07494,38.79642],[-77.07492,38.7965],[-77.07491,38.79658],[-77.07489,38.79666],[-77.07487,38.79674],[-77.07485,38.79682],[-77.07483,38.7969],[-77.0748,38.79698],[-77.07477,38.79706],[-77.07474,38.79713],[-77.0747,38.7972],[-77.07467,38.79727],[-77.07463,38.79734],[-77.07459,38.7974],[-77.07454,38.79747],[-77.07449,38.79753],[-77.07444,38.79759],[-77.07439,38.79766],[-77.07432,38.79773],[-77.07426,38.79779],[-77.07419,38.79786],[-77.07412,38.79792],[-77.07406,38.79798],[-77.07398,38.79804],[-77.07391,38.7981],[-77.07384,38.79816],[-77.07377,38.79822],[-77.07187,38.79979],[-77.07042,38.80099],[-77.06758,38.80333],[-77.06751,38.80339],[-77.06743,38.80345],[-77.06736,38.80351],[-77.06728,38.80358],[-77.06721,38.80364],[-77.06713,38.8037],[-77.06705,38.80375],[-77.06697,38.80381],[-77.06689,38.80387],[-77.06681,38.80393],[-77.06668,38.80401],[-77.06655,38.80409],[-77.06642,38.80416],[-77.06628,38.80423],[-77.06614,38.8043],[-77.066,38.80436],[-77.06585,38.80442],[-77.06576,38.80446],[-77.06566,38.8045],[-77.06556,38.80453],[-77.06546,38.80457],[-77.06536,38.8046],[-77.06526,38.80463],[-77.06525,38.80464],[-77.06403,38.80498],[-77.06402,38.80498],[-77.06402,38.80498],[-77.06382,38.80504],[-77.06382,38.80504],[-77.06371,38.80507],[-77.06371,38.80507],[-77.06361,38.80511],[-77.06361,38.80511],[-77.06361,38.80511],[-77.06351,38.80514],[-77.06351,38.80514],[-77.06341,38.80518],[-77.06341,38.80518],[-77.06331,38.80521],[-77.06331,38.80521],[-77.06331,38.80521],[-77.06322,38.80525],[-77.06322,38.80525],[-77.06312,38.80529],[-77.06312,38.80529],[-77.06302,38.80533],[-77.06302,38.80533],[-77.06302,38.80534],[-77.06292,38.80538],[-77.06292,38.80538],[-77.06283,38.80543],[-77.06283,38.80543],[-77.06283,38.80543],[-77.06274,38.80548],[-77.06274,38.80548],[-77.06265,38.80553],[-77.06265,38.80553],[-77.06256,38.80558],[-77.06256,38.80558],[-77.06256,38.80558],[-77.06247,38.80563],[-77.06247,38.80563],[-77.06239,38.80568],[-77.06239,38.80568],[-77.0623,38.80574],[-77.0623,38.80574],[-77.06214,38.80585],[-77.06214,38.80585],[-77.06197,38.80596],[-77.06197,38.80596],[-77.06197,38.80596],[-77.06196,38.80597],[-77.06179,38.80609],[-77.06179,38.80609],[-77.06021,38.80717],[-77.06003,38.80729],[-77.05999,38.80732],[-77.05999,38.80732],[-77.05999,38.80732],[-77.05995,38.80735],[-77.05987,38.8074],[-77.05987,38.8074],[-77.05987,38.8074],[-77.05983,38.80743],[-77.05983,38.80743],[-77.05979,38.80746],[-77.05971,38.80751],[-77.05971,38.80751],[-77.05967,38.80754],[-77.05963,38.80757],[-77.05963,38.80757],[-77.05917,38.8079],[-77.05917,38.8079],[-77.05871,38.80825],[-77.05871,38.80825],[-77.05871,38.80825],[-77.05828,38.80861],[-77.05828,38.80861],[-77.05786,38.80898],[-77.05785,38.80898],[-77.05785,38.80898],[-77.05745,38.80936],[-77.05745,38.80936],[-77.05706,38.80976],[-77.05706,38.80976],[-77.05706,38.80976],[-77.05668,38.81016],[-77.05668,38.81016],[-77.05632,38.81057],[-77.05632,38.81057],[-77.05632,38.81057],[-77.05598,38.81099],[-77.05598,38.81099],[-77.05566,38.81141],[-77.05566,38.81141],[-77.05566,38.81141],[-77.05555,38.81156],[-77.05555,38.81156],[-77.05553,38.81159],[-77.05548,38.81167],[-77.05548,38.81167],[-77.05545,38.8117],[-77.05543,38.81174],[-77.05543,38.81174],[-77.0554,38.81177],[-77.05488,38.81251],[-77.05426,38.81338],[-77.05324,38.81482],[-77.05141,38.8174],[-77.05128,38.81759],[-77.05124,38.81764],[-77.05124,38.81764],[-77.05117,38.81774],[-77.05114,38.81778],[-77.0511,38.81783],[-77.0511,38.81783],[-77.0511,38.81783],[-77.05107,38.81788],[-77.05077,38.81827],[-77.05073,38.81832],[-77.05069,38.81836],[-77.05069,38.81836],[-77.05066,38.81841],[-77.05062,38.81846],[-77.05062,38.81846],[-77.05058,38.8185],[-77.05051,38.8186],[-77.05051,38.8186],[-77.05047,38.81864],[-77.05047,38.81864],[-77.05043,38.81869],[-77.05039,38.81873],[-77.05039,38.81873],[-77.04834,38.82124],[-77.04834,38.82124],[-77.04827,38.82133],[-77.0482,38.82141],[-77.0482,38.82141],[-77.04799,38.82167],[-77.04799,38.82167],[-77.04792,38.82176],[-77.04792,38.82176],[-77.04785,38.82185],[-77.04785,38.82185],[-77.04778,38.82194],[-77.04778,38.82194],[-77.04778,38.82194],[-77.04772,38.82203],[-77.04772,38.82203],[-77.04765,38.82212],[-77.04765,38.82212],[-77.04748,38.82237],[-77.04748,38.82237],[-77.04748,38.82237],[-77.04732,38.82262],[-77.04732,38.82263],[-77.04717,38.82288],[-77.04717,38.82289],[-77.04717,38.82289],[-77.04703,38.82315],[-77.04703,38.82315],[-77.04691,38.82342],[-77.04691,38.82342],[-77.04691,38.82342],[-77.04679,38.82369],[-77.04679,38.82369],[-77.04669,38.82396],[-77.04669,38.82396],[-77.04669,38.82396],[-77.0466,38.82424],[-77.0466,38.82424],[-77.04652,38.82452],[-77.04652,38.82452],[-77.04652,38.82452],[-77.04646,38.8248],[-77.04646,38.8248],[-77.0464,38.82508],[-77.0464,38.82508],[-77.0464,38.82508],[-77.04639,38.82518],[-77.04639,38.82518],[-77.04637,38.82528],[-77.04637,38.82528],[-77.04636,38.82539],[-77.04636,38.82539],[-77.04635,38.82549],[-77.04635,38.82549],[-77.04634,38.82559],[-77.04634,38.82559],[-77.04632,38.8258],[-77.04632,38.8258],[-77.04631,38.8259],[-77.0463,38.826],[-77.0463,38.826],[-77.0463,38.826],[-77.04629,38.8261],[-77.04617,38.82751],[-77.04616,38.82767],[-77.04616,38.82767],[-77.04616,38.82767],[-77.04615,38.82775],[-77.04614,38.82792],[-77.04614,38.82792],[-77.04613,38.828],[-77.04613,38.82808],[-77.04613,38.82808],[-77.04612,38.82825],[-77.04612,38.82825],[-77.04612,38.82833],[-77.04612,38.82833],[-77.04612,38.82851],[-77.04612,38.82851],[-77.04613,38.82868],[-77.04613,38.82869],[-77.04614,38.82886],[-77.04614,38.82886],[-77.04615,38.82894],[-77.04615,38.82894],[-77.04615,38.82903],[-77.04615,38.82903],[-77.04617,38.82919],[-77.04617,38.82919],[-77.04619,38.82927],[-77.04619,38.82927],[-77.04621,38.82944],[-77.04621,38.82944],[-77.04622,38.82952],[-77.04623,38.8296],[-77.04623,38.8296],[-77.04625,38.82968],[-77.04656,38.83168],[-77.0466,38.83193],[-77.04661,38.83201],[-77.04663,38.83209],[-77.04664,38.83217],[-77.04666,38.83234],[-77.04667,38.83242],[-77.04667,38.8325],[-77.04669,38.83278],[-77.0467,38.83305],[-77.04669,38.83333],[-77.04667,38.83361],[-77.04666,38.83369],[-77.04666,38.83377],[-77.04665,38.83386],[-77.04662,38.83402],[-77.0466,38.83418],[-77.04659,38.83427],[-77.04657,38.83435],[-77.04657,38.83435],[-77.04656,38.83443],[-77.04647,38.83498],[-77.04647,38.83498],[-77.04646,38.83509],[-77.04646,38.83509],[-77.04642,38.8353],[-77.04642,38.8353],[-77.04641,38.8354],[-77.04641,38.8354],[-77.04639,38.83551],[-77.04639,38.83551],[-77.04638,38.83562],[-77.04638,38.83562],[-77.04637,38.83572],[-77.04637,38.83572],[-77.04636,38.83583],[-77.04636,38.83583],[-77.04636,38.83583],[-77.04635,38.83594],[-77.04635,38.83594],[-77.04634,38.83605],[-77.04634,38.83605],[-77.04634,38.83625],[-77.04634,38.83625],[-77.04634,38.83625],[-77.04634,38.83645],[-77.04634,38.83645],[-77.04635,38.83665],[-77.04635,38.83665],[-77.04635,38.83665],[-77.04637,38.83684],[-77.04637,38.83685],[-77.0464,38.83704],[-77.0464,38.83704],[-77.0464,38.83704],[-77.04644,38.83724],[-77.04644,38.83724],[-77.04648,38.83744],[-77.04648,38.83744],[-77.04648,38.83744],[-77.04654,38.83763],[-77.04654,38.83763],[-77.0466,38.83783],[-77.0466,38.83783],[-77.0466,38.83783],[-77.04667,38.83802],[-77.04667,38.83802],[-77.04675,38.83821],[-77.04675,38.83821],[-77.04675,38.83821],[-77.04683,38.8384],[-77.04683,38.8384],[-77.04693,38.83858],[-77.04693,38.83858],[-77.04693,38.83858],[-77.04703,38.83877],[-77.04703,38.83877],[-77.04709,38.83886],[-77.04709,38.83886],[-77.04715,38.83896],[-77.04715,38.83896],[-77.04715,38.83896],[-77.04721,38.83906],[-77.04721,38.83906],[-77.04727,38.83915],[-77.04727,38.83915],[-77.04733,38.83925],[-77.04733,38.83925],[-77.0474,38.83934],[-77.0474,38.83934],[-77.04753,38.83953],[-77.04753,38.83953],[-77.0476,38.83962],[-77.0476,38.83962],[-77.04767,38.83972],[-77.0478,38.8399],[-77.0478,38.8399],[-77.04785,38.83997],[-77.0479,38.84004],[-77.0481,38.84033],[-77.0482,38.84047],[-77.0482,38.84047],[-77.0482,38.84047],[-77.0482,38.84047],[-77.0482,38.84048],[-77.04825,38.84055],[-77.0483,38.84062],[-77.0485,38.84094],[-77.04868,38.84126],[-77.04885,38.84158],[-77.04901,38.84191],[-77.04915,38.84225],[-77.04927,38.84259],[-77.0493,38.84267],[-77.04935,38.84283],[-77.04938,38.84291],[-77.04945,38.84315],[-77.04947,38.84323],[-77.04949,38.84331],[-77.04949,38.84331],[-77.04952,38.84339],[-77.04977,38.84425],[-77.04981,38.84441],[-77.04986,38.84457],[-77.04988,38.84465],[-77.04989,38.84473],[-77.04991,38.84481],[-77.04992,38.84489],[-77.04993,38.84498],[-77.04994,38.84506],[-77.04994,38.84514],[-77.04994,38.84522],[-77.04994,38.8453],[-77.04993,38.84538],[-77.04992,38.84546],[-77.04991,38.84553],[-77.04989,38.84561],[-77.04987,38.84569],[-77.04984,38.84577],[-77.04981,38.84585],[-77.04978,38.84592],[-77.04975,38.846],[-77.04971,38.84607],[-77.04967,38.84615],[-77.04962,38.84622],[-77.04957,38.84629],[-77.04952,38.84636],[-77.04947,38.84642],[-77.04941,38.84649],[-77.04935,38.84656],[-77.04929,38.84662],[-77.04922,38.84668],[-77.04916,38.84674],[-77.04909,38.8468],[-77.04901,38.84685],[-77.04894,38.84691],[-77.04886,38.84696],[-77.04878,38.84701],[-77.04869,38.84706],[-77.04861,38.84711],[-77.04852,38.84715],[-77.04843,38.8472],[-77.04834,38.84724],[-77.04825,38.84728],[-77.04816,38.84732],[-77.04807,38.84736],[-77.04798,38.8474],[-77.04501,38.84871],[-77.04492,38.84875],[-77.04491,38.84875],[-77.04482,38.84879],[-77.04482,38.84879],[-77.04473,38.84883],[-77.04473,38.84883],[-77.04473,38.84883],[-77.04464,38.84887],[-77.04464,38.84887],[-77.04455,38.84892],[-77.04455,38.84892],[-77.04446,38.84896],[-77.04446,38.84896],[-77.04446,38.84896],[-77.04437,38.84901],[-77.04437,38.84901],[-77.04429,38.84906],[-77.04429,38.84906],[-77.04429,38.84906],[-77.0442,38.84911],[-77.0442,38.84911],[-77.04412,38.84916],[-77.04412,38.84916],[-77.04412,38.84916],[-77.04405,38.84921],[-77.04405,38.84921],[-77.04398,38.84926],[-77.04398,38.84926],[-77.04398,38.84926],[-77.04391,38.84931],[-77.04391,38.84931],[-77.04385,38.84937],[-77.04385,38.84937],[-77.04385,38.84937],[-77.04378,38.84942],[-77.04378,38.84943],[-77.04373,38.84948],[-77.04373,38.84948],[-77.04373,38.84948],[-77.04367,38.84954],[-77.04367,38.84955],[-77.04361,38.84961],[-77.04361,38.84961],[-77.04361,38.84961],[-77.04356,38.84967],[-77.04356,38.84967],[-77.04351,38.84973],[-77.04351,38.84973],[-77.04351,38.84973],[-77.04347,38.8498],[-77.04347,38.8498],[-77.04343,38.84987],[-77.04343,38.84987],[-77.04343,38.84987],[-77.04339,38.84993],[-77.04339,38.84994],[-77.04335,38.85],[-77.04335,38.85],[-77.04332,38.85007],[-77.04332,38.85007],[-77.04332,38.85008],[-77.04329,38.85015],[-77.04329,38.85015],[-77.04326,38.85022],[-77.04326,38.85022],[-77.04326,38.85022],[-77.04323,38.85029],[-77.04323,38.85029],[-77.04321,38.85036],[-77.04321,38.85036],[-77.04321,38.85036],[-77.0432,38.85044],[-77.0432,38.85044],[-77.04318,38.85051],[-77.04318,38.85051],[-77.04318,38.85051],[-77.04317,38.85058],[-77.04317,38.85059],[-77.04316,38.85066],[-77.04316,38.85066],[-77.04316,38.85066],[-77.04316,38.85073],[-77.04316,38.85073],[-77.04316,38.85081],[-77.04316,38.85081],[-77.04316,38.85081],[-77.04316,38.85088],[-77.04316,38.85088],[-77.04317,38.85096],[-77.04317,38.85096],[-77.04317,38.85096],[-77.04318,38.85103],[-77.04318,38.85103],[-77.04318,38.85103],[-77.04319,38.85112],[-77.04319,38.85112],[-77.04321,38.8512],[-77.04321,38.8512],[-77.04321,38.8512],[-77.04323,38.85128],[-77.04323,38.85128],[-77.04325,38.85136],[-77.04325,38.85136],[-77.04328,38.85144],[-77.04328,38.85144],[-77.04328,38.85144],[-77.04334,38.8516],[-77.04334,38.8516],[-77.04337,38.85168],[-77.04337,38.85168],[-77.0434,38.85176],[-77.0434,38.85176],[-77.04343,38.85184],[-77.04379,38.85271],[-77.04443,38.85427],[-77.04526,38.85629],[-77.04526,38.85629],[-77.04531,38.85642],[-77.04531,38.85642],[-77.04536,38.85654],[-77.04536,38.85654],[-77.04536,38.85655],[-77.04539,38.85661],[-77.04539,38.85661],[-77.04542,38.85667],[-77.04542,38.85667],[-77.04545,38.85673],[-77.04545,38.85673],[-77.04545,38.85673],[-77.04546,38.85676],[-77.04549,38.85679],[-77.04549,38.8568],[-77.04552,38.85686],[-77.04552,38.85686],[-77.04556,38.85692],[-77.04556,38.85692],[-77.04556,38.85692],[-77.0456,38.85698],[-77.0456,38.85699],[-77.04565,38.85705],[-77.04565,38.85705],[-77.04565,38.85705],[-77.0457,38.85712],[-77.0457,38.85712],[-77.04575,38.85718],[-77.04576,38.85718],[-77.04576,38.85718],[-77.04581,38.85724],[-77.04581,38.85724],[-77.04587,38.8573],[-77.04587,38.8573],[-77.04587,38.8573],[-77.04593,38.85736],[-77.04593,38.85736],[-77.046,38.85742],[-77.046,38.85742],[-77.04606,38.85748],[-77.04606,38.85748],[-77.04606,38.85748],[-77.04613,38.85753],[-77.04613,38.85753],[-77.0462,38.85758],[-77.04621,38.85758],[-77.04621,38.85758],[-77.04628,38.85763],[-77.04628,38.85763],[-77.04635,38.85768],[-77.04635,38.85768],[-77.04635,38.85768],[-77.04643,38.85773],[-77.04643,38.85773],[-77.04651,38.85777],[-77.04651,38.85777],[-77.04651,38.85777],[-77.04659,38.85781],[-77.04659,38.85781],[-77.04668,38.85785],[-77.04668,38.85785],[-77.04668,38.85785],[-77.04676,38.85789],[-77.04676,38.85789],[-77.04685,38.85792],[-77.04685,38.85792],[-77.04685,38.85792],[-77.04694,38.85796],[-77.04694,38.85796],[-77.04703,38.85799],[-77.04703,38.85799],[-77.04703,38.85799],[-77.04712,38.85801],[-77.04712,38.85801],[-77.04721,38.85804],[-77.04721,38.85804],[-77.04721,38.85804],[-77.0473,38.85806],[-77.0473,38.85806],[-77.0474,38.85808],[-77.0474,38.85808],[-77.0474,38.85808],[-77.04749,38.8581],[-77.04749,38.8581],[-77.04759,38.85811],[-77.04759,38.85811],[-77.04759,38.85811],[-77.04769,38.85813],[-77.04769,38.85813],[-77.04778,38.85814],[-77.04778,38.85814],[-77.04778,38.85814],[-77.04788,38.85815],[-77.04788,38.85815],[-77.04788,38.85815],[-77.04798,38.85815],[-77.04798,38.85815],[-77.04807,38.85815],[-77.04808,38.85815],[-77.04817,38.85815],[-77.04817,38.85815],[-77.04826,38.85815],[-77.04826,38.85815],[-77.04834,38.85814],[-77.04834,38.85814],[-77.04834,38.85814],[-77.04843,38.85814],[-77.04843,38.85814],[-77.04851,38.85813],[-77.04851,38.85813],[-77.04852,38.85813],[-77.0486,38.85812],[-77.0486,38.85812],[-77.04868,38.85811],[-77.04869,38.85811],[-77.04877,38.8581],[-77.04877,38.8581],[-77.04885,38.85809],[-77.04902,38.85807],[-77.04902,38.85807],[-77.04954,38.858],[-77.05161,38.85771],[-77.05372,38.85742],[-77.05381,38.85741],[-77.05381,38.85741],[-77.0539,38.85739],[-77.05399,38.85738],[-77.05409,38.85737],[-77.05409,38.85737],[-77.05418,38.85736],[-77.05436,38.85734],[-77.05445,38.85733],[-77.05454,38.85732],[-77.05463,38.85731],[-77.05488,38.85729],[-77.05512,38.85728],[-77.05536,38.85728],[-77.05561,38.85728],[-77.05585,38.85729],[-77.05609,38.8573],[-77.05633,38.85733],[-77.05657,38.85735],[-77.05681,38.85739],[-77.05685,38.8574],[-77.05685,38.8574],[-77.05688,38.8574],[-77.05688,38.8574],[-77.05688,38.8574],[-77.05688,38.8574],[-77.05689,38.8574],[-77.05695,38.85741],[-77.05698,38.85742],[-77.05698,38.85742],[-77.05702,38.85743],[-77.05712,38.85745],[-77.05715,38.85746],[-77.05727,38.85748],[-77.05738,38.85751],[-77.0575,38.85755],[-77.05761,38.85758],[-77.05772,38.85763],[-77.05783,38.85767],[-77.05794,38.85771],[-77.05804,38.85776],[-77.05814,38.85782],[-77.05824,38.85787],[-77.05834,38.85793],[-77.05844,38.85799],[-77.05853,38.85805],[-77.05862,38.85811],[-77.05871,38.85818],[-77.05879,38.85825],[-77.05887,38.85832],[-77.05895,38.8584],[-77.05902,38.85847],[-77.05909,38.85855],[-77.05916,38.85863],[-77.05922,38.85871],[-77.05928,38.85879],[-77.05934,38.85888],[-77.05939,38.85897],[-77.05944,38.85905],[-77.05948,38.85914],[-77.05952,38.85923],[-77.05956,38.85932],[-77.05959,38.85942],[-77.05962,38.85951],[-77.05964,38.8596],[-77.05966,38.8597],[-77.05968,38.85979],[-77.05969,38.85989],[-77.0597,38.85998],[-77.0597,38.86008],[-77.0597,38.86014],[-77.0597,38.8602],[-77.0597,38.86026],[-77.05969,38.86032],[-77.05969,38.86038],[-77.05968,38.86044],[-77.05968,38.8605],[-77.05968,38.8605],[-77.05967,38.86056],[-77.05966,38.86062],[-77.05965,38.86068],[-77.05965,38.86068],[-77.05961,38.86103],[-77.0594,38.86267],[-77.05928,38.86358],[-77.05928,38.86358],[-77.05928,38.86365],[-77.05927,38.86371],[-77.05927,38.86371],[-77.05925,38.86384],[-77.05924,38.86391],[-77.05923,38.86397],[-77.05923,38.86397],[-77.05922,38.86404],[-77.05921,38.8641],[-77.05919,38.86417],[-77.05918,38.86423],[-77.05914,38.86438],[-77.0591,38.86453],[-77.05905,38.86467],[-77.05899,38.86482],[-77.05893,38.86496],[-77.05886,38.8651],[-77.05879,38.86524],[-77.05871,38.86537],[-77.05862,38.86551],[-77.05853,38.86564],[-77.05843,38.86577],[-77.05833,38.86589],[-77.05822,38.86602],[-77.0581,38.86614],[-77.05798,38.86626],[-77.05786,38.86637],[-77.0578,38.86642],[-77.05774,38.86647],[-77.05769,38.86651],[-77.05769,38.86651],[-77.05763,38.86656],[-77.05757,38.86661],[-77.05751,38.86666],[-77.05751,38.86666],[-77.05745,38.8667],[-77.05739,38.86675],[-77.05739,38.86675],[-77.05727,38.86684],[-77.05489,38.86864],[-77.05338,38.86979],[-77.05338,38.86979],[-77.05319,38.86993],[-77.0524,38.87049],[-77.05239,38.8705],[-77.05233,38.87054],[-77.05226,38.87058],[-77.0522,38.87061],[-77.05214,38.87065],[-77.05207,38.87068],[-77.052,38.87071],[-77.05192,38.87075],[-77.05185,38.87078],[-77.05177,38.87081],[-77.05169,38.87083],[-77.05161,38.87086],[-77.05152,38.87088],[-77.05144,38.8709],[-77.05136,38.87092],[-77.05127,38.87094],[-77.05119,38.87095],[-77.0511,38.87097],[-77.05103,38.87097],[-77.05095,38.87098],[-77.05087,38.87099],[-77.0508,38.87099],[-77.05072,38.871],[-77.05064,38.871],[-77.05056,38.871],[-77.05049,38.871],[-77.05041,38.871],[-77.05033,38.87101],[-77.05017,38.87101],[-77.04435,38.87109],[-77.04426,38.87109],[-77.04417,38.87109],[-77.04408,38.8711],[-77.04399,38.8711],[-77.04391,38.8711],[-77.04382,38.87111],[-77.04373,38.87111],[-77.04364,38.87112],[-77.04355,38.87113],[-77.04347,38.87114],[-77.04338,38.87116],[-77.04329,38.87117],[-77.0432,38.87119],[-77.04311,38.87122],[-77.04302,38.87124],[-77.04293,38.87127],[-77.04285,38.8713],[-77.04276,38.87133],[-77.04268,38.87136],[-77.0426,38.8714],[-77.04252,38.87144],[-77.04244,38.87148],[-77.04237,38.87152],[-77.0423,38.87156],[-77.04222,38.87161],[-77.04216,38.87166],[-77.04209,38.87171],[-77.04202,38.87176],[-77.04196,38.87181],[-77.04191,38.87186],[-77.04185,38.87192],[-77.0418,38.87197],[-77.04174,38.87203],[-77.04169,38.87208],[-77.04164,38.87214],[-77.04159,38.8722],[-77.04158,38.87221],[-77.04154,38.87225],[-77.04149,38.87231],[-77.03756,38.87692],[-77.03702,38.87755],[-77.03698,38.8776],[-77.03694,38.87765],[-77.0369,38.8777],[-77.03685,38.87775],[-77.03681,38.8778],[-77.03677,38.87785],[-77.03672,38.87789],[-77.03667,38.87794],[-77.03662,38.87798],[-77.03658,38.87803],[-77.03652,38.87808],[-77.03645,38.87813],[-77.03639,38.87818],[-77.03632,38.87822],[-77.03625,38.87827],[-77.03618,38.87831],[-77.03611,38.87835],[-77.03604,38.87839],[-77.03596,38.87843],[-77.03588,38.87847],[-77.0358,38.8785],[-77.03572,38.87853],[-77.03564,38.87856],[-77.03555,38.87859],[-77.03547,38.87861],[-77.03538,38.87864],[-77.03529,38.87866],[-77.03521,38.87868],[-77.03513,38.87869],[-77.03506,38.8787],[-77.03498,38.87871],[-77.03491,38.87872],[-77.03483,38.87873],[-77.03476,38.87874],[-77.03468,38.87874],[-77.03461,38.87875],[-77.03453,38.87876],[-77.03446,38.87876],[-77.03252,38.87892],[-77.03245,38.87893],[-77.03238,38.87893],[-77.03231,38.87894],[-77.03224,38.87894],[-77.03217,38.87895],[-77.0321,38.87895],[-77.03203,38.87896],[-77.03196,38.87897],[-77.03189,38.87897],[-77.03182,38.87898],[-77.03136,38.87903],[-77.03129,38.87904],[-77.03122,38.87905],[-77.03115,38.87906],[-77.03108,38.87906],[-77.03101,38.87907],[-77.03094,38.87908],[-77.03087,38.87909],[-77.0308,38.8791],[-77.03073,38.87911],[-77.03066,38.87912],[-77.02591,38.87976],[-77.02584,38.87976],[-77.02577,38.87977],[-77.0257,38.87978],[-77.02563,38.87979],[-77.02556,38.8798],[-77.02549,38.87981],[-77.02542,38.87982],[-77.02535,38.87984],[-77.02529,38.87985],[-77.02522,38.87986],[-77.02505,38.8799],[-77.02488,38.87994],[-77.02472,38.87998],[-77.02456,38.88003],[-77.02441,38.88008],[-77.02426,38.88013],[-77.02411,38.88019],[-77.02396,38.88025],[-77.02382,38.88032],[-77.02368,38.88039],[-77.02354,38.88046],[-77.0234,38.88054],[-77.02327,38.88062],[-77.02314,38.88071],[-77.02309,38.88074],[-77.02304,38.88078],[-77.02299,38.88082],[-77.02294,38.88086],[-77.02289,38.8809],[-77.02284,38.88094],[-77.02279,38.88098],[-77.02275,38.88102],[-77.0227,38.88106],[-77.02266,38.8811],[-77.02261,38.88116],[-77.02255,38.88122],[-77.0225,38.88128],[-77.02246,38.88135],[-77.02241,38.88141],[-77.02237,38.88147],[-77.02233,38.88154],[-77.02229,38.88161],[-77.02226,38.88167],[-77.02223,38.88174],[-77.0222,38.88181],[-77.02217,38.88188],[-77.02215,38.88195],[-77.02213,38.88202],[-77.02212,38.88208],[-77.02211,38.88213],[-77.0221,38.88218],[-77.02209,38.88224],[-77.02208,38.88229],[-77.02208,38.88235],[-77.02207,38.8824],[-77.02207,38.88246],[-77.02206,38.88251],[-77.02206,38.88257],[-77.02201,38.88311],[-77.02197,38.88404],[-77.02197,38.8843],[-77.02197,38.88483],[-77.02197,38.88483],[-77.02197,38.88488],[-77.02197,38.88494],[-77.02197,38.88668],[-77.02197,38.88696],[-77.02198,38.88732],[-77.02198,38.88735],[-77.02198,38.88735],[-77.02198,38.88738],[-77.02198,38.8874],[-77.02198,38.8874],[-77.02198,38.88743],[-77.02198,38.88746],[-77.02198,38.88746],[-77.02198,38.88749],[-77.02199,38.88751],[-77.02199,38.88751],[-77.02199,38.88754],[-77.02199,38.88757],[-77.02199,38.88757],[-77.02199,38.8876],[-77.022,38.88784],[-77.022,38.88787],[-77.022,38.88787],[-77.022,38.8879],[-77.022,38.88795],[-77.022,38.88795],[-77.022,38.88798],[-77.022,38.888],[-77.022,38.888],[-77.022,38.88803],[-77.022,38.88806],[-77.022,38.88806],[-77.022,38.88809],[-77.022,38.88809],[-77.022,38.88811],[-77.02201,38.88847],[-77.02201,38.88847],[-77.02201,38.88874],[-77.02201,38.89563],[-77.02201,38.89596],[-77.02201,38.89599],[-77.02201,38.89599],[-77.02201,38.89613],[-77.02201,38.89615],[-77.02201,38.89615],[-77.02201,38.89618],[-77.02201,38.89642],[-77.02201,38.89642],[-77.02201,38.89651],[-77.02201,38.89653],[-77.02201,38.89653],[-77.02201,38.8967],[-77.02201,38.89672],[-77.02201,38.89673],[-77.02201,38.89697],[-77.02201,38.89837],[-77.02201,38.89839],[-77.02201,38.89921],[-77.02201,38.90098],[-77.02201,38.90148],[-77.02201,38.9015],[-77.02201,38.9015],[-77.02201,38.90153],[-77.02202,38.90292],[-77.02202,38.90292],[-77.02202,38.90309],[-77.02202,38.90312],[-77.02202,38.90312],[-77.02202,38.90375],[-77.02202,38.90576],[-77.02202,38.90644]]},"properties":{"line":"yellow"}}]}